Row Type,Variable Name,Attribute Name,Data Type,Value,DatasetID
attribute,NC_GLOBAL,cdm_altitude_proxy,String,pres,ArgoFloats-synthetic-BGC
attribute,NC_GLOBAL,cdm_data_type,String,TrajectoryProfile,ArgoFloats-synthetic-BGC
attribute,NC_GLOBAL,cdm_profile_variables,String,"cycle_number, data_type, format_version, handbook_version, reference_date_time, date_creation, date_update, direction, data_center, dc_reference, data_state_indicator, data_mode, firmware_version, wmo_inst_type, time, time_qc, time_location, latitude, longitude, position_qc, positioning_system, profile_pres_qc, profile_temp_qc, profile_psal_qc, vertical_sampling_scheme",ArgoFloats-synthetic-BGC
attribute,NC_GLOBAL,cdm_trajectory_variables,String,"platform_number, project_name, pi_name, platform_type, float_serial_no",ArgoFloats-synthetic-BGC
attribute,NC_GLOBAL,Conventions,String,"Argo-3.1, CF-1.6, COARDS, ACDD-1.3",ArgoFloats-synthetic-BGC
attribute,NC_GLOBAL,creator_email,String,support@argo.net,ArgoFloats-synthetic-BGC
attribute,NC_GLOBAL,creator_name,String,Argo,ArgoFloats-synthetic-BGC
attribute,NC_GLOBAL,creator_url,String,https://argo.ucsd.edu/,ArgoFloats-synthetic-BGC
attribute,NC_GLOBAL,defaultGraphQuery,String,longitude%2Clatitude%2Ctemp&time>=now-2d&time<=now&pres>=0&pres<=5&.draw=markers&.marker=5|5&.color=0x000000&.colorBar=|||||&.bgColor=0xffccccff,ArgoFloats-synthetic-BGC
attribute,NC_GLOBAL,Easternmost_Easting,double,180.0,ArgoFloats-synthetic-BGC
attribute,NC_GLOBAL,featureType,String,TrajectoryProfile,ArgoFloats-synthetic-BGC
attribute,NC_GLOBAL,geospatial_lat_max,double,89.97058333333334,ArgoFloats-synthetic-BGC
attribute,NC_GLOBAL,geospatial_lat_min,double,-99.999,ArgoFloats-synthetic-BGC
attribute,NC_GLOBAL,geospatial_lat_units,String,degrees_north,ArgoFloats-synthetic-BGC
attribute,NC_GLOBAL,geospatial_lon_max,double,180.0,ArgoFloats-synthetic-BGC
attribute,NC_GLOBAL,geospatial_lon_min,double,-179.9998,ArgoFloats-synthetic-BGC
attribute,NC_GLOBAL,geospatial_lon_units,String,degrees_east,ArgoFloats-synthetic-BGC
attribute,NC_GLOBAL,infoUrl,String,https://argo.ucsd.edu/,ArgoFloats-synthetic-BGC
attribute,NC_GLOBAL,institution,String,Argo,ArgoFloats-synthetic-BGC
attribute,NC_GLOBAL,keywords,String,"adjusted, argo, array, assembly, best, centre, centres, charge, coded, CONFIG_MISSION_NUMBER, contains, coriolis, creation, currents, cycle, CYCLE_NUMBER, data, DATA_CENTRE, DATA_MODE, DATA_STATE_INDICATOR, DATA_TYPE, date, DATE_CREATION, DATE_UPDATE, day, days, DC_REFERENCE, degree, delayed, denoting, density, determined, direction, Earth Science > Oceans > Ocean Pressure > Water Pressure, Earth Science > Oceans > Ocean Temperature > Water Temperature, Earth Science > Oceans > Salinity/Density > Salinity, equals, error, estimate, file, firmware, FIRMWARE_VERSION, flag, float, FLOAT_SERIAL_NO, format, FORMAT_VERSION, gdac, geostrophic, global, handbook, HANDBOOK_VERSION, have, identifier, in-situ, instrument, investigator, its, its-90, JULD, JULD_LOCATION, JULD_QC, julian, latitude, level, longitude, missions, mode, name, number, ocean, oceanography, oceans, passed, performed, PI_NAME, PLATFORM_NUMBER, PLATFORM_TYPE, position, POSITION_QC, positioning, POSITIONING_SYSTEM, practical, pres, PRES_ADJUSTED, PRES_ADJUSTED_ERROR, PRES_ADJUSTED_QC, PRES_QC, pressure, principal, process, processing, profile, PROFILE_PRES_QC, PROFILE_PSAL_QC, PROFILE_TEMP_QC, profiles, project, PROJECT_NAME, psal, PSAL_ADJUSTED, PSAL_ADJUSTED_ERROR, PSAL_ADJUSTED_QC, PSAL_QC, quality, rdac, real, real time, real-time, realtime, reference, REFERENCE_DATE_TIME, regional, relative, salinity, sampling, scale, scheme, sea, sea level, sea-level, sea_water_practical_salinity, sea_water_pressure, sea_water_temperature, seawater, serial, situ, station, statistics, system, TEMP, TEMP_ADJUSTED, TEMP_ADJUSTED_ERROR, TEMP_ADJUSTED_QC, TEMP_QC, temperature, through, time, type, unique, update, values, version, vertical, VERTICAL_SAMPLING_SCHEME, water, WMO_INST_TYPE",ArgoFloats-synthetic-BGC
attribute,NC_GLOBAL,keywords_vocabulary,String,GCMD Science Keywords,ArgoFloats-synthetic-BGC
attribute,NC_GLOBAL,license,String,falsestandard],ArgoFloats-synthetic-BGC
attribute,NC_GLOBAL,Northernmost_Northing,double,89.97058333333334,ArgoFloats-synthetic-BGC
attribute,NC_GLOBAL,references,String,http://www.argodatamgt.org/Documentation,ArgoFloats-synthetic-BGC
attribute,NC_GLOBAL,source,String,Argo float,ArgoFloats-synthetic-BGC
attribute,NC_GLOBAL,sourceUrl,String,(local files),ArgoFloats-synthetic-BGC
attribute,NC_GLOBAL,Southernmost_Northing,double,-99.999,ArgoFloats-synthetic-BGC
attribute,NC_GLOBAL,standard_name_vocabulary,String,CF Standard Name Table v29,ArgoFloats-synthetic-BGC
attribute,NC_GLOBAL,summary,String,"Argo float vertical profiles from Coriolis Global Data Assembly Centres\n(GDAC). Argo is an international collaboration that collects high-quality\ntemperature and salinity profiles from the upper 2000m of the ice-free\nglobal ocean and currents from intermediate depths. The data come from\nbattery-powered autonomous floats that spend most of their life drifting\nat depth where they are stabilised by being neutrally buoyant at the\n""parking depth"" pressure by having a density equal to the ambient pressure\nand a compressibility that is less than that of sea water. At present there\nare several models of profiling float used in Argo. All work in a similar\nfashion but differ somewhat in their design characteristics. At typically\n10-day intervals, the floats pump fluid into an external bladder and rise\nto the surface over about 6 hours while measuring temperature and salinity.\nSatellites or GPS determine the position of the floats when they surface,\nand the floats transmit their data to the satellites. The bladder then\ndeflates and the float returns to its original density and sinks to drift\nuntil the cycle is repeated. Floats are designed to make about 150 such\ncycles.\nData Management URL: http://www.argodatamgt.org/Documentation",ArgoFloats-synthetic-BGC
attribute,NC_GLOBAL,time_coverage_end,String,2026-12-27T14:48:20Z,ArgoFloats-synthetic-BGC
attribute,NC_GLOBAL,time_coverage_start,String,1997-07-28T20:26:20Z,ArgoFloats-synthetic-BGC
attribute,NC_GLOBAL,title,String,Argo Float Measurements,ArgoFloats-synthetic-BGC
attribute,NC_GLOBAL,user_manual_version,String,3.1,ArgoFloats-synthetic-BGC
attribute,NC_GLOBAL,Westernmost_Easting,double,-179.9998,ArgoFloats-synthetic-BGC
variable,fileNumber,,String,,ArgoFloats-synthetic-BGC
attribute,fileNumber,ioos_category,String,Identifier,ArgoFloats-synthetic-BGC
attribute,fileNumber,long_name,String,File Number,ArgoFloats-synthetic-BGC
variable,data_type,,String,,ArgoFloats-synthetic-BGC
attribute,data_type,conventions,String,Argo reference table 1,ArgoFloats-synthetic-BGC
attribute,data_type,ioos_category,String,Unknown,ArgoFloats-synthetic-BGC
attribute,data_type,long_name,String,Data type,ArgoFloats-synthetic-BGC
variable,format_version,,String,,ArgoFloats-synthetic-BGC
attribute,format_version,ioos_category,String,Unknown,ArgoFloats-synthetic-BGC
attribute,format_version,long_name,String,File format version,ArgoFloats-synthetic-BGC
variable,handbook_version,,String,,ArgoFloats-synthetic-BGC
attribute,handbook_version,ioos_category,String,Unknown,ArgoFloats-synthetic-BGC
attribute,handbook_version,long_name,String,Data handbook version,ArgoFloats-synthetic-BGC
variable,reference_date_time,,double,,ArgoFloats-synthetic-BGC
attribute,reference_date_time,actual_range,double,"-6.31152E8, -6.31152E8",ArgoFloats-synthetic-BGC
attribute,reference_date_time,ioos_category,String,Time,ArgoFloats-synthetic-BGC
attribute,reference_date_time,long_name,String,Date of reference for Julian days,ArgoFloats-synthetic-BGC
attribute,reference_date_time,time_origin,String,01-JAN-1970 00:00:00,ArgoFloats-synthetic-BGC
attribute,reference_date_time,units,String,seconds since 1970-01-01T00:00:00Z,ArgoFloats-synthetic-BGC
variable,date_creation,,double,,ArgoFloats-synthetic-BGC
attribute,date_creation,actual_range,double,"1.076437173E9, 1.759250832E9",ArgoFloats-synthetic-BGC
attribute,date_creation,ioos_category,String,Time,ArgoFloats-synthetic-BGC
attribute,date_creation,long_name,String,Date of file creation,ArgoFloats-synthetic-BGC
attribute,date_creation,time_origin,String,01-JAN-1970 00:00:00,ArgoFloats-synthetic-BGC
attribute,date_creation,units,String,seconds since 1970-01-01T00:00:00Z,ArgoFloats-synthetic-BGC
variable,date_update,,double,,ArgoFloats-synthetic-BGC
attribute,date_update,actual_range,double,"1.523152396E9, 1.759291225E9",ArgoFloats-synthetic-BGC
attribute,date_update,ioos_category,String,Time,ArgoFloats-synthetic-BGC
attribute,date_update,long_name,String,Date of update of this file,ArgoFloats-synthetic-BGC
attribute,date_update,time_origin,String,01-JAN-1970 00:00:00,ArgoFloats-synthetic-BGC
attribute,date_update,units,String,seconds since 1970-01-01T00:00:00Z,ArgoFloats-synthetic-BGC
variable,platform_number,,String,,ArgoFloats-synthetic-BGC
attribute,platform_number,cf_role,String,trajectory_id,ArgoFloats-synthetic-BGC
attribute,platform_number,conventions,String,WMO float identifier : A9IIIII,ArgoFloats-synthetic-BGC
attribute,platform_number,ioos_category,String,Identifier,ArgoFloats-synthetic-BGC
attribute,platform_number,long_name,String,Float unique identifier,ArgoFloats-synthetic-BGC
variable,project_name,,String,,ArgoFloats-synthetic-BGC
attribute,project_name,ioos_category,String,Identifier,ArgoFloats-synthetic-BGC
attribute,project_name,long_name,String,Name of the project,ArgoFloats-synthetic-BGC
variable,pi_name,,String,,ArgoFloats-synthetic-BGC
attribute,pi_name,ioos_category,String,Identifier,ArgoFloats-synthetic-BGC
attribute,pi_name,long_name,String,Name of the principal investigator,ArgoFloats-synthetic-BGC
variable,cycle_number,,int,,ArgoFloats-synthetic-BGC
attribute,cycle_number,_FillValue,int,99999,ArgoFloats-synthetic-BGC
attribute,cycle_number,actual_range,int,"0, 3253",ArgoFloats-synthetic-BGC
attribute,cycle_number,cf_role,String,profile_id,ArgoFloats-synthetic-BGC
attribute,cycle_number,colorBarMaximum,double,200.0,ArgoFloats-synthetic-BGC
attribute,cycle_number,colorBarMinimum,double,0.0,ArgoFloats-synthetic-BGC
attribute,cycle_number,conventions,String,"0...N, 0 : launch cycle (if exists), 1 : first complete cycle",ArgoFloats-synthetic-BGC
attribute,cycle_number,ioos_category,String,Statistics,ArgoFloats-synthetic-BGC
attribute,cycle_number,long_name,String,Float cycle number,ArgoFloats-synthetic-BGC
variable,direction,,String,,ArgoFloats-synthetic-BGC
attribute,direction,colorBarMaximum,double,360.0,ArgoFloats-synthetic-BGC
attribute,direction,colorBarMinimum,double,0.0,ArgoFloats-synthetic-BGC
attribute,direction,conventions,String,"A: ascending profiles, D: descending profiles",ArgoFloats-synthetic-BGC
attribute,direction,ioos_category,String,Currents,ArgoFloats-synthetic-BGC
attribute,direction,long_name,String,Direction of the station profiles,ArgoFloats-synthetic-BGC
variable,data_center,,String,,ArgoFloats-synthetic-BGC
attribute,data_center,conventions,String,Argo reference table 4,ArgoFloats-synthetic-BGC
attribute,data_center,ioos_category,String,Unknown,ArgoFloats-synthetic-BGC
attribute,data_center,long_name,String,Data centre in charge of float data processing,ArgoFloats-synthetic-BGC
variable,dc_reference,,String,,ArgoFloats-synthetic-BGC
attribute,dc_reference,conventions,String,Data centre convention,ArgoFloats-synthetic-BGC
attribute,dc_reference,ioos_category,String,Identifier,ArgoFloats-synthetic-BGC
attribute,dc_reference,long_name,String,Station unique identifier in data centre,ArgoFloats-synthetic-BGC
variable,data_state_indicator,,String,,ArgoFloats-synthetic-BGC
attribute,data_state_indicator,conventions,String,Argo reference table 6,ArgoFloats-synthetic-BGC
attribute,data_state_indicator,ioos_category,String,Location,ArgoFloats-synthetic-BGC
attribute,data_state_indicator,long_name,String,Degree of processing the data have passed through,ArgoFloats-synthetic-BGC
variable,data_mode,,String,,ArgoFloats-synthetic-BGC
attribute,data_mode,conventions,String,R : real time; D : delayed mode; A : real time with adjustment,ArgoFloats-synthetic-BGC
attribute,data_mode,ioos_category,String,Time,ArgoFloats-synthetic-BGC
attribute,data_mode,long_name,String,Delayed mode or real time data,ArgoFloats-synthetic-BGC
variable,platform_type,,String,,ArgoFloats-synthetic-BGC
attribute,platform_type,conventions,String,Argo reference table 23,ArgoFloats-synthetic-BGC
attribute,platform_type,ioos_category,String,Unknown,ArgoFloats-synthetic-BGC
attribute,platform_type,long_name,String,Type of float,ArgoFloats-synthetic-BGC
variable,float_serial_no,,String,,ArgoFloats-synthetic-BGC
attribute,float_serial_no,colorBarMaximum,double,100.0,ArgoFloats-synthetic-BGC
attribute,float_serial_no,colorBarMinimum,double,0.0,ArgoFloats-synthetic-BGC
attribute,float_serial_no,ioos_category,String,Statistics,ArgoFloats-synthetic-BGC
attribute,float_serial_no,long_name,String,Serial number of the float,ArgoFloats-synthetic-BGC
variable,firmware_version,,String,,ArgoFloats-synthetic-BGC
attribute,firmware_version,ioos_category,String,Unknown,ArgoFloats-synthetic-BGC
attribute,firmware_version,long_name,String,Instrument firmware version,ArgoFloats-synthetic-BGC
variable,wmo_inst_type,,String,,ArgoFloats-synthetic-BGC
attribute,wmo_inst_type,conventions,String,Argo reference table 8,ArgoFloats-synthetic-BGC
attribute,wmo_inst_type,ioos_category,String,Unknown,ArgoFloats-synthetic-BGC
attribute,wmo_inst_type,long_name,String,Coded instrument type,ArgoFloats-synthetic-BGC
variable,time,,double,,ArgoFloats-synthetic-BGC
attribute,time,_CoordinateAxisType,String,Time,ArgoFloats-synthetic-BGC
attribute,time,actual_range,double,"8.7012158E8, 1.7983829E9",ArgoFloats-synthetic-BGC
attribute,time,axis,String,T,ArgoFloats-synthetic-BGC
attribute,time,ioos_category,String,Time,ArgoFloats-synthetic-BGC
attribute,time,long_name,String,Julian day (UTC) of the station relative to REFERENCE_DATE_TIME,ArgoFloats-synthetic-BGC
attribute,time,standard_name,String,time,ArgoFloats-synthetic-BGC
attribute,time,time_origin,String,01-JAN-1970 00:00:00,ArgoFloats-synthetic-BGC
attribute,time,units,String,seconds since 1970-01-01T00:00:00Z,ArgoFloats-synthetic-BGC
variable,time_qc,,String,,ArgoFloats-synthetic-BGC
attribute,time_qc,colorBarMaximum,double,150.0,ArgoFloats-synthetic-BGC
attribute,time_qc,colorBarMinimum,double,0.0,ArgoFloats-synthetic-BGC
attribute,time_qc,conventions,String,Argo reference table 2,ArgoFloats-synthetic-BGC
attribute,time_qc,ioos_category,String,Quality,ArgoFloats-synthetic-BGC
attribute,time_qc,long_name,String,Quality on date and time,ArgoFloats-synthetic-BGC
variable,time_location,,double,,ArgoFloats-synthetic-BGC
attribute,time_location,actual_range,double,"-5.81172992E8, 1.798383866E9",ArgoFloats-synthetic-BGC
attribute,time_location,ioos_category,String,Time,ArgoFloats-synthetic-BGC
attribute,time_location,long_name,String,Julian day (UTC) of the location relative to REFERENCE_DATE_TIME,ArgoFloats-synthetic-BGC
attribute,time_location,standard_name,String,time,ArgoFloats-synthetic-BGC
attribute,time_location,time_origin,String,01-JAN-1970 00:00:00,ArgoFloats-synthetic-BGC
attribute,time_location,units,String,seconds since 1970-01-01T00:00:00Z,ArgoFloats-synthetic-BGC
variable,latitude,,double,,ArgoFloats-synthetic-BGC
attribute,latitude,_CoordinateAxisType,String,Lat,ArgoFloats-synthetic-BGC
attribute,latitude,_FillValue,double,99999.0,ArgoFloats-synthetic-BGC
attribute,latitude,actual_range,double,"-99.999, 89.97058333333334",ArgoFloats-synthetic-BGC
attribute,latitude,axis,String,Y,ArgoFloats-synthetic-BGC
attribute,latitude,colorBarMaximum,double,90.0,ArgoFloats-synthetic-BGC
attribute,latitude,colorBarMinimum,double,-90.0,ArgoFloats-synthetic-BGC
attribute,latitude,ioos_category,String,Location,ArgoFloats-synthetic-BGC
attribute,latitude,long_name,String,"Latitude of the station, best estimate",ArgoFloats-synthetic-BGC
attribute,latitude,standard_name,String,latitude,ArgoFloats-synthetic-BGC
attribute,latitude,units,String,degrees_north,ArgoFloats-synthetic-BGC
attribute,latitude,valid_max,double,90.0,ArgoFloats-synthetic-BGC
attribute,latitude,valid_min,double,-90.0,ArgoFloats-synthetic-BGC
variable,longitude,,double,,ArgoFloats-synthetic-BGC
attribute,longitude,_CoordinateAxisType,String,Lon,ArgoFloats-synthetic-BGC
attribute,longitude,_FillValue,double,99999.0,ArgoFloats-synthetic-BGC
attribute,longitude,actual_range,double,"-179.9998, 180.0",ArgoFloats-synthetic-BGC
attribute,longitude,axis,String,X,ArgoFloats-synthetic-BGC
attribute,longitude,colorBarMaximum,double,180.0,ArgoFloats-synthetic-BGC
attribute,longitude,colorBarMinimum,double,-180.0,ArgoFloats-synthetic-BGC
attribute,longitude,ioos_category,String,Location,ArgoFloats-synthetic-BGC
attribute,longitude,long_name,String,"Longitude of the station, best estimate",ArgoFloats-synthetic-BGC
attribute,longitude,standard_name,String,longitude,ArgoFloats-synthetic-BGC
attribute,longitude,units,String,degrees_east,ArgoFloats-synthetic-BGC
attribute,longitude,valid_max,double,180.0,ArgoFloats-synthetic-BGC
attribute,longitude,valid_min,double,-180.0,ArgoFloats-synthetic-BGC
variable,position_qc,,String,,ArgoFloats-synthetic-BGC
attribute,position_qc,colorBarMaximum,double,150.0,ArgoFloats-synthetic-BGC
attribute,position_qc,colorBarMinimum,double,0.0,ArgoFloats-synthetic-BGC
attribute,position_qc,conventions,String,Argo reference table 2,ArgoFloats-synthetic-BGC
attribute,position_qc,ioos_category,String,Quality,ArgoFloats-synthetic-BGC
attribute,position_qc,long_name,String,Quality on position (latitude and longitude),ArgoFloats-synthetic-BGC
variable,positioning_system,,String,,ArgoFloats-synthetic-BGC
attribute,positioning_system,ioos_category,String,Unknown,ArgoFloats-synthetic-BGC
attribute,positioning_system,long_name,String,Positioning system,ArgoFloats-synthetic-BGC
variable,profile_pres_qc,,String,,ArgoFloats-synthetic-BGC
attribute,profile_pres_qc,colorBarMaximum,double,150.0,ArgoFloats-synthetic-BGC
attribute,profile_pres_qc,colorBarMinimum,double,0.0,ArgoFloats-synthetic-BGC
attribute,profile_pres_qc,conventions,String,Argo reference table 2a,ArgoFloats-synthetic-BGC
attribute,profile_pres_qc,ioos_category,String,Quality,ArgoFloats-synthetic-BGC
attribute,profile_pres_qc,long_name,String,Global quality flag of PRES profile,ArgoFloats-synthetic-BGC
variable,profile_temp_qc,,String,,ArgoFloats-synthetic-BGC
attribute,profile_temp_qc,colorBarMaximum,double,150.0,ArgoFloats-synthetic-BGC
attribute,profile_temp_qc,colorBarMinimum,double,0.0,ArgoFloats-synthetic-BGC
attribute,profile_temp_qc,conventions,String,Argo reference table 2a,ArgoFloats-synthetic-BGC
attribute,profile_temp_qc,ioos_category,String,Quality,ArgoFloats-synthetic-BGC
attribute,profile_temp_qc,long_name,String,Global quality flag of TEMP profile,ArgoFloats-synthetic-BGC
variable,profile_psal_qc,,String,,ArgoFloats-synthetic-BGC
attribute,profile_psal_qc,colorBarMaximum,double,150.0,ArgoFloats-synthetic-BGC
attribute,profile_psal_qc,colorBarMinimum,double,0.0,ArgoFloats-synthetic-BGC
attribute,profile_psal_qc,conventions,String,Argo reference table 2a,ArgoFloats-synthetic-BGC
attribute,profile_psal_qc,ioos_category,String,Quality,ArgoFloats-synthetic-BGC
attribute,profile_psal_qc,long_name,String,Global quality flag of PSAL profile,ArgoFloats-synthetic-BGC
variable,vertical_sampling_scheme,,String,,ArgoFloats-synthetic-BGC
attribute,vertical_sampling_scheme,conventions,String,Argo reference table 16,ArgoFloats-synthetic-BGC
attribute,vertical_sampling_scheme,ioos_category,String,Unknown,ArgoFloats-synthetic-BGC
attribute,vertical_sampling_scheme,long_name,String,Vertical sampling scheme,ArgoFloats-synthetic-BGC
variable,config_mission_number,,int,,ArgoFloats-synthetic-BGC
attribute,config_mission_number,_FillValue,int,99999,ArgoFloats-synthetic-BGC
attribute,config_mission_number,actual_range,int,"-2147483648, 1768910368",ArgoFloats-synthetic-BGC
attribute,config_mission_number,colorBarMaximum,double,100.0,ArgoFloats-synthetic-BGC
attribute,config_mission_number,colorBarMinimum,double,0.0,ArgoFloats-synthetic-BGC
attribute,config_mission_number,conventions,String,"1...N, 1 : first complete mission",ArgoFloats-synthetic-BGC
attribute,config_mission_number,ioos_category,String,Statistics,ArgoFloats-synthetic-BGC
attribute,config_mission_number,long_name,String,Unique number denoting the missions performed by the float,ArgoFloats-synthetic-BGC
variable,pres,,float,,ArgoFloats-synthetic-BGC
attribute,pres,_CoordinateAxisType,String,Height,ArgoFloats-synthetic-BGC
attribute,pres,_FillValue,float,99999.0,ArgoFloats-synthetic-BGC
attribute,pres,actual_range,float,"-1.701412E38, 1.327014E12",ArgoFloats-synthetic-BGC
attribute,pres,axis,String,Z,ArgoFloats-synthetic-BGC
attribute,pres,C_format,String,%7.1f,ArgoFloats-synthetic-BGC
attribute,pres,colorBarMaximum,double,5000.0,ArgoFloats-synthetic-BGC
attribute,pres,colorBarMinimum,double,0.0,ArgoFloats-synthetic-BGC
attribute,pres,FORTRAN_format,String,F7.1,ArgoFloats-synthetic-BGC
attribute,pres,ioos_category,String,Sea Level,ArgoFloats-synthetic-BGC
attribute,pres,long_name,String,"Sea water pressure, equals 0 at sea-level",ArgoFloats-synthetic-BGC
attribute,pres,sdn_parameter_urn,String,SDN:P01::PRESPR01,ArgoFloats-synthetic-BGC
attribute,pres,standard_name,String,sea_water_pressure,ArgoFloats-synthetic-BGC
attribute,pres,units,String,decibar,ArgoFloats-synthetic-BGC
attribute,pres,valid_max,float,12000.0,ArgoFloats-synthetic-BGC
attribute,pres,valid_min,float,0.0,ArgoFloats-synthetic-BGC
variable,pres_qc,,String,,ArgoFloats-synthetic-BGC
attribute,pres_qc,colorBarMaximum,double,150.0,ArgoFloats-synthetic-BGC
attribute,pres_qc,colorBarMinimum,double,0.0,ArgoFloats-synthetic-BGC
attribute,pres_qc,conventions,String,Argo reference table 2,ArgoFloats-synthetic-BGC
attribute,pres_qc,ioos_category,String,Quality,ArgoFloats-synthetic-BGC
attribute,pres_qc,long_name,String,quality flag,ArgoFloats-synthetic-BGC
variable,pres_adjusted,,float,,ArgoFloats-synthetic-BGC
attribute,pres_adjusted,_FillValue,float,99999.0,ArgoFloats-synthetic-BGC
attribute,pres_adjusted,actual_range,float,"-3276.8, 99996.8",ArgoFloats-synthetic-BGC
attribute,pres_adjusted,axis,String,Z,ArgoFloats-synthetic-BGC
attribute,pres_adjusted,C_format,String,%7.1f,ArgoFloats-synthetic-BGC
attribute,pres_adjusted,colorBarMaximum,double,5000.0,ArgoFloats-synthetic-BGC
attribute,pres_adjusted,colorBarMinimum,double,0.0,ArgoFloats-synthetic-BGC
attribute,pres_adjusted,FORTRAN_format,String,F7.1,ArgoFloats-synthetic-BGC
attribute,pres_adjusted,ioos_category,String,Sea Level,ArgoFloats-synthetic-BGC
attribute,pres_adjusted,long_name,String,"Sea water pressure, equals 0 at sea-level",ArgoFloats-synthetic-BGC
attribute,pres_adjusted,standard_name,String,sea_water_pressure,ArgoFloats-synthetic-BGC
attribute,pres_adjusted,units,String,decibar,ArgoFloats-synthetic-BGC
attribute,pres_adjusted,valid_max,float,12000.0,ArgoFloats-synthetic-BGC
attribute,pres_adjusted,valid_min,float,0.0,ArgoFloats-synthetic-BGC
variable,pres_adjusted_qc,,String,,ArgoFloats-synthetic-BGC
attribute,pres_adjusted_qc,colorBarMaximum,double,150.0,ArgoFloats-synthetic-BGC
attribute,pres_adjusted_qc,colorBarMinimum,double,0.0,ArgoFloats-synthetic-BGC
attribute,pres_adjusted_qc,conventions,String,Argo reference table 2,ArgoFloats-synthetic-BGC
attribute,pres_adjusted_qc,ioos_category,String,Quality,ArgoFloats-synthetic-BGC
attribute,pres_adjusted_qc,long_name,String,quality flag,ArgoFloats-synthetic-BGC
variable,pres_adjusted_error,,float,,ArgoFloats-synthetic-BGC
attribute,pres_adjusted_error,_FillValue,float,99999.0,ArgoFloats-synthetic-BGC
attribute,pres_adjusted_error,actual_range,float,"0.0, 100001.4",ArgoFloats-synthetic-BGC
attribute,pres_adjusted_error,C_format,String,%7.1f,ArgoFloats-synthetic-BGC
attribute,pres_adjusted_error,colorBarMaximum,double,50.0,ArgoFloats-synthetic-BGC
attribute,pres_adjusted_error,colorBarMinimum,double,0.0,ArgoFloats-synthetic-BGC
attribute,pres_adjusted_error,FORTRAN_format,String,F7.1,ArgoFloats-synthetic-BGC
attribute,pres_adjusted_error,ioos_category,String,Statistics,ArgoFloats-synthetic-BGC
attribute,pres_adjusted_error,long_name,String,Contains the error on the adjusted values as determined by the delayed mode QC process,ArgoFloats-synthetic-BGC
attribute,pres_adjusted_error,units,String,decibar,ArgoFloats-synthetic-BGC
variable,temp,,float,,ArgoFloats-synthetic-BGC
attribute,temp,_FillValue,float,99999.0,ArgoFloats-synthetic-BGC
attribute,temp,actual_range,float,"-160.168, 9999.0",ArgoFloats-synthetic-BGC
attribute,temp,C_format,String,%9.3f,ArgoFloats-synthetic-BGC
attribute,temp,colorBarMaximum,double,32.0,ArgoFloats-synthetic-BGC
attribute,temp,colorBarMinimum,double,0.0,ArgoFloats-synthetic-BGC
attribute,temp,FORTRAN_format,String,F9.3,ArgoFloats-synthetic-BGC
attribute,temp,ioos_category,String,Temperature,ArgoFloats-synthetic-BGC
attribute,temp,long_name,String,Sea temperature in-situ ITS-90 scale,ArgoFloats-synthetic-BGC
attribute,temp,sdn_parameter_urn,String,SDN:P01::TEMPST01,ArgoFloats-synthetic-BGC
attribute,temp,standard_name,String,sea_water_temperature,ArgoFloats-synthetic-BGC
attribute,temp,units,String,degree_Celsius,ArgoFloats-synthetic-BGC
attribute,temp,valid_max,float,40.0,ArgoFloats-synthetic-BGC
attribute,temp,valid_min,float,-2.5,ArgoFloats-synthetic-BGC
variable,temp_qc,,String,,ArgoFloats-synthetic-BGC
attribute,temp_qc,colorBarMaximum,double,150.0,ArgoFloats-synthetic-BGC
attribute,temp_qc,colorBarMinimum,double,0.0,ArgoFloats-synthetic-BGC
attribute,temp_qc,conventions,String,Argo reference table 2,ArgoFloats-synthetic-BGC
attribute,temp_qc,ioos_category,String,Quality,ArgoFloats-synthetic-BGC
attribute,temp_qc,long_name,String,quality flag,ArgoFloats-synthetic-BGC
variable,temp_adjusted,,float,,ArgoFloats-synthetic-BGC
attribute,temp_adjusted,_FillValue,float,99999.0,ArgoFloats-synthetic-BGC
attribute,temp_adjusted,actual_range,float,"-9.0, 99.999",ArgoFloats-synthetic-BGC
attribute,temp_adjusted,C_format,String,%9.3f,ArgoFloats-synthetic-BGC
attribute,temp_adjusted,colorBarMaximum,double,32.0,ArgoFloats-synthetic-BGC
attribute,temp_adjusted,colorBarMinimum,double,0.0,ArgoFloats-synthetic-BGC
attribute,temp_adjusted,FORTRAN_format,String,F9.3,ArgoFloats-synthetic-BGC
attribute,temp_adjusted,ioos_category,String,Temperature,ArgoFloats-synthetic-BGC
attribute,temp_adjusted,long_name,String,Sea temperature in-situ ITS-90 scale,ArgoFloats-synthetic-BGC
attribute,temp_adjusted,standard_name,String,sea_water_temperature,ArgoFloats-synthetic-BGC
attribute,temp_adjusted,units,String,degree_Celsius,ArgoFloats-synthetic-BGC
attribute,temp_adjusted,valid_max,float,40.0,ArgoFloats-synthetic-BGC
attribute,temp_adjusted,valid_min,float,-2.5,ArgoFloats-synthetic-BGC
variable,temp_adjusted_qc,,String,,ArgoFloats-synthetic-BGC
attribute,temp_adjusted_qc,colorBarMaximum,double,150.0,ArgoFloats-synthetic-BGC
attribute,temp_adjusted_qc,colorBarMinimum,double,0.0,ArgoFloats-synthetic-BGC
attribute,temp_adjusted_qc,conventions,String,Argo reference table 2,ArgoFloats-synthetic-BGC
attribute,temp_adjusted_qc,ioos_category,String,Quality,ArgoFloats-synthetic-BGC
attribute,temp_adjusted_qc,long_name,String,quality flag,ArgoFloats-synthetic-BGC
variable,temp_adjusted_error,,float,,ArgoFloats-synthetic-BGC
attribute,temp_adjusted_error,_FillValue,float,99999.0,ArgoFloats-synthetic-BGC
attribute,temp_adjusted_error,actual_range,float,"0.0, 26.578",ArgoFloats-synthetic-BGC
attribute,temp_adjusted_error,C_format,String,%9.3f,ArgoFloats-synthetic-BGC
attribute,temp_adjusted_error,colorBarMaximum,double,1.0,ArgoFloats-synthetic-BGC
attribute,temp_adjusted_error,colorBarMinimum,double,0.0,ArgoFloats-synthetic-BGC
attribute,temp_adjusted_error,FORTRAN_format,String,F9.3,ArgoFloats-synthetic-BGC
attribute,temp_adjusted_error,ioos_category,String,Statistics,ArgoFloats-synthetic-BGC
attribute,temp_adjusted_error,long_name,String,Contains the error on the adjusted values as determined by the delayed mode QC process,ArgoFloats-synthetic-BGC
attribute,temp_adjusted_error,units,String,degree_Celsius,ArgoFloats-synthetic-BGC
variable,psal,,float,,ArgoFloats-synthetic-BGC
attribute,psal,_FillValue,float,99999.0,ArgoFloats-synthetic-BGC
attribute,psal,actual_range,float,"-1.701412E38, 9999.0",ArgoFloats-synthetic-BGC
attribute,psal,C_format,String,%9.3f,ArgoFloats-synthetic-BGC
attribute,psal,colorBarMaximum,double,37.0,ArgoFloats-synthetic-BGC
attribute,psal,colorBarMinimum,double,32.0,ArgoFloats-synthetic-BGC
attribute,psal,FORTRAN_format,String,F9.3,ArgoFloats-synthetic-BGC
attribute,psal,ioos_category,String,Salinity,ArgoFloats-synthetic-BGC
attribute,psal,long_name,String,Practical salinity,ArgoFloats-synthetic-BGC
attribute,psal,sdn_parameter_urn,String,SDN:P01::PSALST01,ArgoFloats-synthetic-BGC
attribute,psal,standard_name,String,sea_water_practical_salinity,ArgoFloats-synthetic-BGC
attribute,psal,units,String,PSU,ArgoFloats-synthetic-BGC
attribute,psal,valid_max,float,41.0,ArgoFloats-synthetic-BGC
attribute,psal,valid_min,float,2.0,ArgoFloats-synthetic-BGC
variable,psal_qc,,String,,ArgoFloats-synthetic-BGC
attribute,psal_qc,colorBarMaximum,double,150.0,ArgoFloats-synthetic-BGC
attribute,psal_qc,colorBarMinimum,double,0.0,ArgoFloats-synthetic-BGC
attribute,psal_qc,conventions,String,Argo reference table 2,ArgoFloats-synthetic-BGC
attribute,psal_qc,ioos_category,String,Quality,ArgoFloats-synthetic-BGC
attribute,psal_qc,long_name,String,quality flag,ArgoFloats-synthetic-BGC
variable,psal_adjusted,,float,,ArgoFloats-synthetic-BGC
attribute,psal_adjusted,_FillValue,float,99999.0,ArgoFloats-synthetic-BGC
attribute,psal_adjusted,actual_range,float,"-999.9, 171521.4",ArgoFloats-synthetic-BGC
attribute,psal_adjusted,C_format,String,%9.3f,ArgoFloats-synthetic-BGC
attribute,psal_adjusted,colorBarMaximum,double,37.0,ArgoFloats-synthetic-BGC
attribute,psal_adjusted,colorBarMinimum,double,32.0,ArgoFloats-synthetic-BGC
attribute,psal_adjusted,FORTRAN_format,String,F9.3,ArgoFloats-synthetic-BGC
attribute,psal_adjusted,ioos_category,String,Salinity,ArgoFloats-synthetic-BGC
attribute,psal_adjusted,long_name,String,Practical salinity,ArgoFloats-synthetic-BGC
attribute,psal_adjusted,standard_name,String,sea_water_practical_salinity,ArgoFloats-synthetic-BGC
attribute,psal_adjusted,units,String,PSU,ArgoFloats-synthetic-BGC
attribute,psal_adjusted,valid_max,float,41.0,ArgoFloats-synthetic-BGC
attribute,psal_adjusted,valid_min,float,2.0,ArgoFloats-synthetic-BGC
variable,psal_adjusted_qc,,String,,ArgoFloats-synthetic-BGC
attribute,psal_adjusted_qc,colorBarMaximum,double,150.0,ArgoFloats-synthetic-BGC
attribute,psal_adjusted_qc,colorBarMinimum,double,0.0,ArgoFloats-synthetic-BGC
attribute,psal_adjusted_qc,conventions,String,Argo reference table 2,ArgoFloats-synthetic-BGC
attribute,psal_adjusted_qc,ioos_category,String,Quality,ArgoFloats-synthetic-BGC
attribute,psal_adjusted_qc,long_name,String,quality flag,ArgoFloats-synthetic-BGC
variable,psal_adjusted_error,,float,,ArgoFloats-synthetic-BGC
attribute,psal_adjusted_error,_FillValue,float,99999.0,ArgoFloats-synthetic-BGC
attribute,psal_adjusted_error,actual_range,float,"-99992.94, 8.499573E31",ArgoFloats-synthetic-BGC
attribute,psal_adjusted_error,C_format,String,%9.3f,ArgoFloats-synthetic-BGC
attribute,psal_adjusted_error,colorBarMaximum,double,1.0,ArgoFloats-synthetic-BGC
attribute,psal_adjusted_error,colorBarMinimum,double,0.0,ArgoFloats-synthetic-BGC
attribute,psal_adjusted_error,FORTRAN_format,String,F9.3,ArgoFloats-synthetic-BGC
attribute,psal_adjusted_error,ioos_category,String,Statistics,ArgoFloats-synthetic-BGC
attribute,psal_adjusted_error,long_name,String,Contains the error on the adjusted values as determined by the delayed mode QC process,ArgoFloats-synthetic-BGC
attribute,psal_adjusted_error,units,String,psu,ArgoFloats-synthetic-BGC
variable,doxy,,float,,ArgoFloats-synthetic-BGC
attribute,doxy,colorBarMaximum,double,600.0,ArgoFloats-synthetic-BGC
attribute,doxy,colorBarMinimum,double,-5.0,ArgoFloats-synthetic-BGC
attribute,doxy,sdn_parameter_urn,String,SDN:P01::DOXMZZXX,ArgoFloats-synthetic-BGC
attribute,doxy,standard_name,String,moles_of_oxygen_per_unit_mass_in_sea_water,ArgoFloats-synthetic-BGC
attribute,doxy,units,String,micromole/kg,ArgoFloats-synthetic-BGC
variable,doxy_qc,,String,,ArgoFloats-synthetic-BGC
attribute,doxy_qc,colorBarMaximum,double,150.0,ArgoFloats-synthetic-BGC
attribute,doxy_qc,colorBarMinimum,double,0.0,ArgoFloats-synthetic-BGC
attribute,doxy_qc,ioos_category,String,Quality,ArgoFloats-synthetic-BGC
variable,temp_doxy,,float,,ArgoFloats-synthetic-BGC
attribute,temp_doxy,colorBarMaximum,double,40.0,ArgoFloats-synthetic-BGC
attribute,temp_doxy,colorBarMinimum,double,-2.0,ArgoFloats-synthetic-BGC
attribute,temp_doxy,sdn_parameter_urn,String,SDN:P01::OXYTAAOP,ArgoFloats-synthetic-BGC
attribute,temp_doxy,standard_name,String,temperature_of_sensor_for_oxygen_in_sea_water,ArgoFloats-synthetic-BGC
attribute,temp_doxy,units,String,degree_Celsius,ArgoFloats-synthetic-BGC
variable,temp_doxy_qc,,String,,ArgoFloats-synthetic-BGC
attribute,temp_doxy_qc,colorBarMaximum,double,150.0,ArgoFloats-synthetic-BGC
attribute,temp_doxy_qc,colorBarMinimum,double,0.0,ArgoFloats-synthetic-BGC
attribute,temp_doxy_qc,ioos_category,String,Quality,ArgoFloats-synthetic-BGC
variable,molar_doxy,,float,,ArgoFloats-synthetic-BGC
attribute,molar_doxy,colorBarMaximum,double,650.0,ArgoFloats-synthetic-BGC
attribute,molar_doxy,colorBarMinimum,double,0.0,ArgoFloats-synthetic-BGC
attribute,molar_doxy,sdn_parameter_urn,String,SDN:P01::DOXYMMOP,ArgoFloats-synthetic-BGC
attribute,molar_doxy,standard_name,String,mole_concentration_of_dissolved_molecular_oxygen_in_sea_water,ArgoFloats-synthetic-BGC
attribute,molar_doxy,units,String,micromole/l,ArgoFloats-synthetic-BGC
variable,molar_doxy_qc,,String,,ArgoFloats-synthetic-BGC
attribute,molar_doxy_qc,colorBarMaximum,double,150.0,ArgoFloats-synthetic-BGC
attribute,molar_doxy_qc,colorBarMinimum,double,0.0,ArgoFloats-synthetic-BGC
attribute,molar_doxy_qc,ioos_category,String,Quality,ArgoFloats-synthetic-BGC
variable,turbidity,,float,,ArgoFloats-synthetic-BGC
attribute,turbidity,sdn_parameter_urn,String,SDN:P01::TURBXXXX,ArgoFloats-synthetic-BGC
attribute,turbidity,standard_name,String,sea_water_turbidity,ArgoFloats-synthetic-BGC
attribute,turbidity,units,String,ntu,ArgoFloats-synthetic-BGC
variable,turbidity_qc,,String,,ArgoFloats-synthetic-BGC
attribute,turbidity_qc,colorBarMaximum,double,150.0,ArgoFloats-synthetic-BGC
attribute,turbidity_qc,colorBarMinimum,double,0.0,ArgoFloats-synthetic-BGC
attribute,turbidity_qc,ioos_category,String,Quality,ArgoFloats-synthetic-BGC
variable,chla,,float,,ArgoFloats-synthetic-BGC
attribute,chla,sdn_parameter_urn,String,SDN:P01::CPHLPR01,ArgoFloats-synthetic-BGC
attribute,chla,standard_name,String,mass_concentration_of_chlorophyll_a_in_sea_water,ArgoFloats-synthetic-BGC
attribute,chla,units,String,mg/m3,ArgoFloats-synthetic-BGC
variable,chla_qc,,String,,ArgoFloats-synthetic-BGC
attribute,chla_qc,colorBarMaximum,double,150.0,ArgoFloats-synthetic-BGC
attribute,chla_qc,colorBarMinimum,double,0.0,ArgoFloats-synthetic-BGC
attribute,chla_qc,ioos_category,String,Quality,ArgoFloats-synthetic-BGC
variable,nitrate,,float,,ArgoFloats-synthetic-BGC
attribute,nitrate,sdn_parameter_urn,String,SDN:P01::MDMAP005,ArgoFloats-synthetic-BGC
attribute,nitrate,standard_name,String,moles_of_nitrate_per_unit_mass_in_sea_water,ArgoFloats-synthetic-BGC
attribute,nitrate,units,String,micromole/kg,ArgoFloats-synthetic-BGC
variable,nitrate_qc,,String,,ArgoFloats-synthetic-BGC
attribute,nitrate_qc,colorBarMaximum,double,150.0,ArgoFloats-synthetic-BGC
attribute,nitrate_qc,colorBarMinimum,double,0.0,ArgoFloats-synthetic-BGC
attribute,nitrate_qc,ioos_category,String,Quality,ArgoFloats-synthetic-BGC
attribute,NC_GLOBAL,_NCProperties,String,"version=2,netcdf=4.8.1,hdf5=1.10.8",ArgoFloats-synthetic-BGC
attribute,NC_GLOBAL,cdm_altitude_proxy,String,pres,ArgoFloats-synthetic-BGC
attribute,NC_GLOBAL,cdm_data_type,String,TrajectoryProfile,ArgoFloats-synthetic-BGC
attribute,NC_GLOBAL,cdm_profile_variables,String,"cycle_number, latitude, longitude, time",ArgoFloats-synthetic-BGC
attribute,NC_GLOBAL,cdm_trajectory_variables,String,platform_number,ArgoFloats-synthetic-BGC
attribute,NC_GLOBAL,Conventions,String,"Argo-3.1 CF-1.6, COARDS, ACDD-1.3",ArgoFloats-synthetic-BGC
attribute,NC_GLOBAL,creator_name,String,Argo,ArgoFloats-synthetic-BGC
attribute,NC_GLOBAL,creator_type,String,institution,ArgoFloats-synthetic-BGC
attribute,NC_GLOBAL,creator_url,String,http://www.argodatamgt.org/Documentation,ArgoFloats-synthetic-BGC
attribute,NC_GLOBAL,defaultGraphQuery,String,longitude%2Clatitude%2Cph_in_situ_total&time>=now-2days&time<=now&pres<=10&.draw=markers&.marker=5|5&.color=0x000000&.colorBar=|||||&.bgColor=0xffccccff,ArgoFloats-synthetic-BGC
attribute,NC_GLOBAL,Easternmost_Easting,double,181.706,ArgoFloats-synthetic-BGC
attribute,NC_GLOBAL,featureType,String,TrajectoryProfile,ArgoFloats-synthetic-BGC
attribute,NC_GLOBAL,geospatial_lat_max,double,82.99017,ArgoFloats-synthetic-BGC
attribute,NC_GLOBAL,geospatial_lat_min,double,-99.999,ArgoFloats-synthetic-BGC
attribute,NC_GLOBAL,geospatial_lat_units,String,degrees_north,ArgoFloats-synthetic-BGC
attribute,NC_GLOBAL,geospatial_lon_max,double,181.706,ArgoFloats-synthetic-BGC
attribute,NC_GLOBAL,geospatial_lon_min,double,-999.999,ArgoFloats-synthetic-BGC
attribute,NC_GLOBAL,geospatial_lon_units,String,degrees_east,ArgoFloats-synthetic-BGC
attribute,NC_GLOBAL,history,String,2025-09-29T06:04:00Z creation (software version 1.19 (version 12.05.2025 for ARGO_simplified_profile)),ArgoFloats-synthetic-BGC
attribute,NC_GLOBAL,id,String,https://doi.org/10.17882/42182,ArgoFloats-synthetic-BGC
attribute,NC_GLOBAL,infoUrl,String,http://www.argodatamgt.org/Documentation,ArgoFloats-synthetic-BGC
attribute,NC_GLOBAL,institution,String,Argo,ArgoFloats-synthetic-BGC
attribute,NC_GLOBAL,keywords,String,"adjusted, argo, array, centre, charge, chemistry, coded, CONFIG_MISSION_NUMBER, contains, coriolis, creation, cycle, CYCLE_NUMBER, data, DATA_CENTRE, DATA_TYPE, date, DATE_CREATION, DATE_UPDATE, day, days, delayed, denoting, density, determined, direction, displacement, dissolved, doxy, DOXY_ADJUSTED, DOXY_ADJUSTED_ERROR, DOXY_ADJUSTED_QC, DOXY_dPRES, DOXY_QC, earth, Earth Science > Oceans > Ocean Chemistry > Oxygen, Earth Science > Oceans > Ocean Pressure > Water Pressure, Earth Science > Oceans > Ocean Temperature > Water Temperature, Earth Science > Oceans > Salinity/Density > Salinity, equals, error, file, firmware, FIRMWARE_VERSION, flag, float, FLOAT_SERIAL_NO, format, FORMAT_VERSION, geostrophic, global, handbook, HANDBOOK_VERSION, identifier, in-situ, instrument, investigator, its, its-90, JULD_LOCATION, JULD_QC, julian, latitude, level, longitude, mass, missions, mode, moles, moles_of_oxygen_per_unit_mass_in_sea_water, name, number, O2, ocean, oceanography, oceans, original, oxygen, per, performed, PI_NAME, PLATFORM_NUMBER, PLATFORM_TYPE, position, POSITION_QC, positioning, POSITIONING_SYSTEM, practical, pres, PRES_ADJUSTED, PRES_ADJUSTED_ERROR, PRES_ADJUSTED_QC, PRES_QC, pressure, principal, process, processing, profile, PROFILE_DOXY_QC, PROFILE_PRES_QC, PROFILE_PSAL_QC, PROFILE_TEMP_QC, profiles, project, PROJECT_NAME, psal, PSAL_ADJUSTED, PSAL_ADJUSTED_ERROR, PSAL_ADJUSTED_QC, PSAL_dPRES, PSAL_QC, quality, real, real time, real-time, realtime, reference, REFERENCE_DATE_TIME, relative, salinity, sampled, scale, science, sea, sea-level, sea_water_practical_salinity, sea_water_pressure, sea_water_temperature, seawater, serial, situ, station, system, TEMP, TEMP_ADJUSTED, TEMP_ADJUSTED_ERROR, TEMP_ADJUSTED_QC, TEMP_dPRES, TEMP_QC, temperature, time, type, unique, unit, update, value, values, version, vertical, water, WMO_INST_TYPE",ArgoFloats-synthetic-BGC
attribute,NC_GLOBAL,keywords_vocabulary,String,GCMD Science Keywords,ArgoFloats-synthetic-BGC
attribute,NC_GLOBAL,license,String,"The data may be used and redistributed for free but is not intended\nfor legal use, since it may contain inaccuracies. Neither the data\nContributor, ERD, NOAA, nor the United States Government, nor any\nof their employees or contractors, makes any warranty, express or\nimplied, including warranties of merchantability and fitness for a\nparticular purpose, or assumes any legal liability for the accuracy,\ncompleteness, or usefulness, of this information.",ArgoFloats-synthetic-BGC
attribute,NC_GLOBAL,Northernmost_Northing,double,82.99017,ArgoFloats-synthetic-BGC
attribute,NC_GLOBAL,references,String,http://www.argodatamgt.org/Documentation,ArgoFloats-synthetic-BGC
attribute,NC_GLOBAL,software_version,String,1.19 (version 12.05.2025 for ARGO_simplified_profile),ArgoFloats-synthetic-BGC
attribute,NC_GLOBAL,source,String,Argo float,ArgoFloats-synthetic-BGC
attribute,NC_GLOBAL,sourceUrl,String,(local files),ArgoFloats-synthetic-BGC
attribute,NC_GLOBAL,Southernmost_Northing,double,-99.999,ArgoFloats-synthetic-BGC
attribute,NC_GLOBAL,standard_name_vocabulary,String,CF Standard Name Table v55,ArgoFloats-synthetic-BGC
attribute,NC_GLOBAL,subsetVariables,String,"data_type, data_centre, platform_type, wmo_inst_type, time_qc, position_qc, pres_qc",ArgoFloats-synthetic-BGC
attribute,NC_GLOBAL,summary,String,Argo float synthetic vertical profiles : BGC data,ArgoFloats-synthetic-BGC
attribute,NC_GLOBAL,testOutOfDate,String,now-5days,ArgoFloats-synthetic-BGC
attribute,NC_GLOBAL,time_coverage_end,String,2025-09-28T19:45:00Z,ArgoFloats-synthetic-BGC
attribute,NC_GLOBAL,time_coverage_start,String,2002-09-08T23:02:51Z,ArgoFloats-synthetic-BGC
attribute,NC_GLOBAL,title,String,Argo float synthetic vertical profiles : BGC data,ArgoFloats-synthetic-BGC
attribute,NC_GLOBAL,user_manual_version,String,1.0,ArgoFloats-synthetic-BGC
attribute,NC_GLOBAL,Westernmost_Easting,double,-999.999,ArgoFloats-synthetic-BGC
variable,wmo_inst_type,,String,,ArgoFloats-synthetic-BGC
attribute,wmo_inst_type,_ChunkSizes,uint,"7, 4",ArgoFloats-synthetic-BGC
attribute,wmo_inst_type,conventions,String,Argo reference table 8,ArgoFloats-synthetic-BGC
attribute,wmo_inst_type,ioos_category,String,Unknown,ArgoFloats-synthetic-BGC
attribute,wmo_inst_type,long_name,String,Coded instrument type,ArgoFloats-synthetic-BGC
variable,data_type,,String,,ArgoFloats-synthetic-BGC
attribute,data_type,_ChunkSizes,uint,32,ArgoFloats-synthetic-BGC
attribute,data_type,conventions,String,Argo reference table 1,ArgoFloats-synthetic-BGC
attribute,data_type,ioos_category,String,Unknown,ArgoFloats-synthetic-BGC
attribute,data_type,long_name,String,Data type,ArgoFloats-synthetic-BGC
variable,date_update,,double,,ArgoFloats-synthetic-BGC
attribute,date_update,_ChunkSizes,uint,14,ArgoFloats-synthetic-BGC
attribute,date_update,actual_range,double,"1.606286282E9, 1.759108353E9",ArgoFloats-synthetic-BGC
attribute,date_update,ioos_category,String,Time,ArgoFloats-synthetic-BGC
attribute,date_update,long_name,String,Date of update of this file,ArgoFloats-synthetic-BGC
attribute,date_update,time_origin,String,01-JAN-1970 00:00:00,ArgoFloats-synthetic-BGC
attribute,date_update,units,String,seconds since 1970-01-01T00:00:00Z,ArgoFloats-synthetic-BGC
variable,pi_name,,String,,ArgoFloats-synthetic-BGC
attribute,pi_name,_ChunkSizes,uint,"7, 64",ArgoFloats-synthetic-BGC
attribute,pi_name,ioos_category,String,Identifier,ArgoFloats-synthetic-BGC
attribute,pi_name,long_name,String,Name of the principal investigator,ArgoFloats-synthetic-BGC
variable,bbp470,,float,,ArgoFloats-synthetic-BGC
attribute,bbp470,_FillValue,float,99999.0,ArgoFloats-synthetic-BGC
attribute,bbp470,actual_range,float,"-0.004590931, 4.83112",ArgoFloats-synthetic-BGC
attribute,bbp470,cf_standard_name,String,-,ArgoFloats-synthetic-BGC
attribute,bbp470,long_name,String,Particle backscattering at 470 nanometers,ArgoFloats-synthetic-BGC
attribute,bbp470,sdn_parameter_urn,String,SDN:P01::BB117B01,ArgoFloats-synthetic-BGC
attribute,bbp470,units,String,m-1,ArgoFloats-synthetic-BGC
attribute,bbp470,valid_max,float,,ArgoFloats-synthetic-BGC
attribute,bbp470,valid_min,float,,ArgoFloats-synthetic-BGC
variable,bbp470_qc,,String,,ArgoFloats-synthetic-BGC
variable,bbp470_adjusted,,float,,ArgoFloats-synthetic-BGC
variable,bbp470_adjusted_qc,,String,,ArgoFloats-synthetic-BGC
variable,bbp470_adjusted_error,,float,,ArgoFloats-synthetic-BGC
variable,bbp532,,float,,ArgoFloats-synthetic-BGC
attribute,bbp532,_FillValue,float,99999.0,ArgoFloats-synthetic-BGC
attribute,bbp532,actual_range,float,"-0.003267109, 234.3274",ArgoFloats-synthetic-BGC
attribute,bbp532,cf_standard_name,String,-,ArgoFloats-synthetic-BGC
attribute,bbp532,long_name,String,Particle backscattering at 532 nanometers,ArgoFloats-synthetic-BGC
attribute,bbp532,sdn_parameter_urn,String,SDN:P01::BB117G01,ArgoFloats-synthetic-BGC
attribute,bbp532,units,String,m-1,ArgoFloats-synthetic-BGC
attribute,bbp532,valid_max,float,,ArgoFloats-synthetic-BGC
attribute,bbp532,valid_min,float,,ArgoFloats-synthetic-BGC
variable,bbp532_qc,,String,,ArgoFloats-synthetic-BGC
variable,bbp532_adjusted,,float,,ArgoFloats-synthetic-BGC
attribute,bbp532_adjusted,actual_range,float,"4.364551E-4, 0.04183484",ArgoFloats-synthetic-BGC
variable,bbp532_adjusted_qc,,String,,ArgoFloats-synthetic-BGC
variable,bbp532_adjusted_error,,float,,ArgoFloats-synthetic-BGC
variable,bbp700,,float,,ArgoFloats-synthetic-BGC
attribute,bbp700,_ChunkSizes,uint,"7, 558",ArgoFloats-synthetic-BGC
attribute,bbp700,_FillValue,float,99999.0,ArgoFloats-synthetic-BGC
attribute,bbp700,actual_range,float,"-0.004745516, 1.146227E33",ArgoFloats-synthetic-BGC
attribute,bbp700,C_format,String,%.7f,ArgoFloats-synthetic-BGC
attribute,bbp700,cf_standard_name,String,-,ArgoFloats-synthetic-BGC
attribute,bbp700,FORTRAN_format,String,F.7,ArgoFloats-synthetic-BGC
attribute,bbp700,long_name,String,Particle backscattering at 700 nanometers,ArgoFloats-synthetic-BGC
attribute,bbp700,resolution,float,1.0E-7,ArgoFloats-synthetic-BGC
attribute,bbp700,sdn_parameter_urn,String,SDN:P01::BB117NIR,ArgoFloats-synthetic-BGC
attribute,bbp700,units,String,m-1,ArgoFloats-synthetic-BGC
attribute,bbp700,valid_max,float,,ArgoFloats-synthetic-BGC
attribute,bbp700,valid_min,float,,ArgoFloats-synthetic-BGC
variable,bbp700_qc,,String,,ArgoFloats-synthetic-BGC
attribute,bbp700_qc,_ChunkSizes,uint,"7, 558",ArgoFloats-synthetic-BGC
attribute,bbp700_qc,conventions,String,Argo reference table 2,ArgoFloats-synthetic-BGC
attribute,bbp700_qc,long_name,String,quality flag,ArgoFloats-synthetic-BGC
variable,bbp700_adjusted,,float,,ArgoFloats-synthetic-BGC
attribute,bbp700_adjusted,_ChunkSizes,uint,"7, 558",ArgoFloats-synthetic-BGC
attribute,bbp700_adjusted,_FillValue,float,99999.0,ArgoFloats-synthetic-BGC
attribute,bbp700_adjusted,actual_range,float,"-0.004745516, 3.589982",ArgoFloats-synthetic-BGC
attribute,bbp700_adjusted,C_format,String,%.7f,ArgoFloats-synthetic-BGC
attribute,bbp700_adjusted,FORTRAN_format,String,F.7,ArgoFloats-synthetic-BGC
attribute,bbp700_adjusted,long_name,String,Particle backscattering at 700 nanometers,ArgoFloats-synthetic-BGC
attribute,bbp700_adjusted,resolution,float,1.0E-7,ArgoFloats-synthetic-BGC
attribute,bbp700_adjusted,units,String,m-1,ArgoFloats-synthetic-BGC
variable,bbp700_adjusted_qc,,String,,ArgoFloats-synthetic-BGC
attribute,bbp700_adjusted_qc,_ChunkSizes,uint,"7, 558",ArgoFloats-synthetic-BGC
attribute,bbp700_adjusted_qc,conventions,String,Argo reference table 2,ArgoFloats-synthetic-BGC
attribute,bbp700_adjusted_qc,long_name,String,quality flag,ArgoFloats-synthetic-BGC
variable,bbp700_adjusted_error,,float,,ArgoFloats-synthetic-BGC
attribute,bbp700_adjusted_error,_ChunkSizes,uint,"7, 558",ArgoFloats-synthetic-BGC
attribute,bbp700_adjusted_error,_FillValue,float,99999.0,ArgoFloats-synthetic-BGC
attribute,bbp700_adjusted_error,actual_range,float,"4.503E-6, 9999.0",ArgoFloats-synthetic-BGC
attribute,bbp700_adjusted_error,C_format,String,%.7f,ArgoFloats-synthetic-BGC
attribute,bbp700_adjusted_error,FORTRAN_format,String,F.7,ArgoFloats-synthetic-BGC
attribute,bbp700_adjusted_error,long_name,String,Contains the error on the adjusted values as determined by the delayed mode QC process,ArgoFloats-synthetic-BGC
attribute,bbp700_adjusted_error,resolution,float,1.0E-7,ArgoFloats-synthetic-BGC
attribute,bbp700_adjusted_error,units,String,m-1,ArgoFloats-synthetic-BGC
variable,bbp700_2,,float,,ArgoFloats-synthetic-BGC
attribute,bbp700_2,_FillValue,float,99999.0,ArgoFloats-synthetic-BGC
attribute,bbp700_2,actual_range,float,"1.624241E-4, 5.602355",ArgoFloats-synthetic-BGC
attribute,bbp700_2,cf_standard_name,String,-,ArgoFloats-synthetic-BGC
attribute,bbp700_2,long_name,String,Particle backscattering at 700 nanometers,ArgoFloats-synthetic-BGC
attribute,bbp700_2,sdn_parameter_urn,String,SDN:P01::BB117NIR,ArgoFloats-synthetic-BGC
attribute,bbp700_2,units,String,m-1,ArgoFloats-synthetic-BGC
attribute,bbp700_2,valid_max,float,,ArgoFloats-synthetic-BGC
attribute,bbp700_2,valid_min,float,,ArgoFloats-synthetic-BGC
variable,bbp700_2_qc,,String,,ArgoFloats-synthetic-BGC
variable,bbp700_2_adjusted,,float,,ArgoFloats-synthetic-BGC
variable,bbp700_2_adjusted_qc,,String,,ArgoFloats-synthetic-BGC
variable,bbp700_2_adjusted_error,,float,,ArgoFloats-synthetic-BGC
variable,bisulfide,,float,,ArgoFloats-synthetic-BGC
attribute,bisulfide,_FillValue,float,99999.0,ArgoFloats-synthetic-BGC
attribute,bisulfide,actual_range,float,"-3.086484, 416.9727",ArgoFloats-synthetic-BGC
attribute,bisulfide,cf_standard_name,String,-,ArgoFloats-synthetic-BGC
attribute,bisulfide,long_name,String,Bisulfide,ArgoFloats-synthetic-BGC
attribute,bisulfide,sdn_parameter_urn,String,SDN:P01::H2SXZZ01,ArgoFloats-synthetic-BGC
attribute,bisulfide,units,String,micromole/kg,ArgoFloats-synthetic-BGC
attribute,bisulfide,valid_max,float,,ArgoFloats-synthetic-BGC
attribute,bisulfide,valid_min,float,,ArgoFloats-synthetic-BGC
variable,bisulfide_qc,,String,,ArgoFloats-synthetic-BGC
variable,bisulfide_adjusted,,float,,ArgoFloats-synthetic-BGC
variable,bisulfide_adjusted_qc,,String,,ArgoFloats-synthetic-BGC
variable,bisulfide_adjusted_error,,float,,ArgoFloats-synthetic-BGC
variable,cdom,,float,,ArgoFloats-synthetic-BGC
attribute,cdom,_FillValue,float,99999.0,ArgoFloats-synthetic-BGC
attribute,cdom,actual_range,float,"-24.8148, 64808.86",ArgoFloats-synthetic-BGC
attribute,cdom,cf_standard_name,String,-,ArgoFloats-synthetic-BGC
attribute,cdom,long_name,String,Concentration of coloured dissolved organic matter in sea water,ArgoFloats-synthetic-BGC
attribute,cdom,sdn_parameter_urn,String,SDN:P01::CDOMZZ01,ArgoFloats-synthetic-BGC
attribute,cdom,units,String,ppb,ArgoFloats-synthetic-BGC
attribute,cdom,valid_max,float,,ArgoFloats-synthetic-BGC
attribute,cdom,valid_min,float,,ArgoFloats-synthetic-BGC
variable,cdom_qc,,String,,ArgoFloats-synthetic-BGC
variable,cdom_adjusted,,float,,ArgoFloats-synthetic-BGC
variable,cdom_adjusted_qc,,String,,ArgoFloats-synthetic-BGC
variable,cdom_adjusted_error,,float,,ArgoFloats-synthetic-BGC
variable,chla,,float,,ArgoFloats-synthetic-BGC
attribute,chla,_ChunkSizes,uint,"7, 558",ArgoFloats-synthetic-BGC
attribute,chla,_FillValue,float,99999.0,ArgoFloats-synthetic-BGC
attribute,chla,actual_range,float,"-4.9608, 33553.33",ArgoFloats-synthetic-BGC
attribute,chla,C_format,String,%.4f,ArgoFloats-synthetic-BGC
attribute,chla,cf_standard_name,String,mass_concentration_of_chlorophyll_a_in_sea_water,ArgoFloats-synthetic-BGC
attribute,chla,FORTRAN_format,String,F.4,ArgoFloats-synthetic-BGC
attribute,chla,long_name,String,Chlorophyll-A,ArgoFloats-synthetic-BGC
attribute,chla,resolution,float,0.025,ArgoFloats-synthetic-BGC
attribute,chla,sdn_parameter_urn,String,SDN:P01::CPHLPR01,ArgoFloats-synthetic-BGC
attribute,chla,standard_name,String,mass_concentration_of_chlorophyll_a_in_sea_water,ArgoFloats-synthetic-BGC
attribute,chla,units,String,mg/m3,ArgoFloats-synthetic-BGC
attribute,chla,valid_max,float,,ArgoFloats-synthetic-BGC
attribute,chla,valid_min,float,,ArgoFloats-synthetic-BGC
variable,chla_qc,,String,,ArgoFloats-synthetic-BGC
attribute,chla_qc,_ChunkSizes,uint,"7, 558",ArgoFloats-synthetic-BGC
attribute,chla_qc,conventions,String,Argo reference table 2,ArgoFloats-synthetic-BGC
attribute,chla_qc,long_name,String,quality flag,ArgoFloats-synthetic-BGC
variable,chla_adjusted,,float,,ArgoFloats-synthetic-BGC
attribute,chla_adjusted,_ChunkSizes,uint,"7, 558",ArgoFloats-synthetic-BGC
attribute,chla_adjusted,_FillValue,float,99999.0,ArgoFloats-synthetic-BGC
attribute,chla_adjusted,actual_range,float,"-2.502, 16260.45",ArgoFloats-synthetic-BGC
attribute,chla_adjusted,C_format,String,%.4f,ArgoFloats-synthetic-BGC
attribute,chla_adjusted,FORTRAN_format,String,F.4,ArgoFloats-synthetic-BGC
attribute,chla_adjusted,long_name,String,Chlorophyll-A,ArgoFloats-synthetic-BGC
attribute,chla_adjusted,resolution,float,0.025,ArgoFloats-synthetic-BGC
attribute,chla_adjusted,standard_name,String,mass_concentration_of_chlorophyll_a_in_sea_water,ArgoFloats-synthetic-BGC
attribute,chla_adjusted,units,String,mg/m3,ArgoFloats-synthetic-BGC
variable,chla_adjusted_qc,,String,,ArgoFloats-synthetic-BGC
attribute,chla_adjusted_qc,_ChunkSizes,uint,"7, 558",ArgoFloats-synthetic-BGC
attribute,chla_adjusted_qc,conventions,String,Argo reference table 2,ArgoFloats-synthetic-BGC
attribute,chla_adjusted_qc,long_name,String,quality flag,ArgoFloats-synthetic-BGC
variable,chla_adjusted_error,,float,,ArgoFloats-synthetic-BGC
attribute,chla_adjusted_error,_ChunkSizes,uint,"7, 558",ArgoFloats-synthetic-BGC
attribute,chla_adjusted_error,_FillValue,float,99999.0,ArgoFloats-synthetic-BGC
attribute,chla_adjusted_error,actual_range,float,"0.0, 32520.9",ArgoFloats-synthetic-BGC
attribute,chla_adjusted_error,C_format,String,%.4f,ArgoFloats-synthetic-BGC
attribute,chla_adjusted_error,FORTRAN_format,String,F.4,ArgoFloats-synthetic-BGC
attribute,chla_adjusted_error,long_name,String,Contains the error on the adjusted values as determined by the delayed mode QC process,ArgoFloats-synthetic-BGC
attribute,chla_adjusted_error,resolution,float,0.025,ArgoFloats-synthetic-BGC
attribute,chla_adjusted_error,units,String,mg/m3,ArgoFloats-synthetic-BGC
variable,cndc,,float,,ArgoFloats-synthetic-BGC
attribute,cndc,_FillValue,float,99999.0,ArgoFloats-synthetic-BGC
attribute,cndc,cf_standard_name,String,sea_water_electrical_conductivity,ArgoFloats-synthetic-BGC
attribute,cndc,long_name,String,Electrical conductivity,ArgoFloats-synthetic-BGC
attribute,cndc,sdn_parameter_urn,String,SDN:P01::CNDCST01,ArgoFloats-synthetic-BGC
attribute,cndc,units,String,mhos/m,ArgoFloats-synthetic-BGC
attribute,cndc,valid_max,float,8.5,ArgoFloats-synthetic-BGC
attribute,cndc,valid_min,float,0.0,ArgoFloats-synthetic-BGC
variable,cndc_qc,,String,,ArgoFloats-synthetic-BGC
variable,cndc_adjusted,,float,,ArgoFloats-synthetic-BGC
variable,cndc_adjusted_qc,,String,,ArgoFloats-synthetic-BGC
variable,cndc_adjusted_error,,float,,ArgoFloats-synthetic-BGC
variable,cp660,,float,,ArgoFloats-synthetic-BGC
attribute,cp660,_FillValue,float,99999.0,ArgoFloats-synthetic-BGC
attribute,cp660,actual_range,float,"-0.7720053, 903.757",ArgoFloats-synthetic-BGC
attribute,cp660,cf_standard_name,String,-,ArgoFloats-synthetic-BGC
attribute,cp660,long_name,String,Particle beam attenuation at 660 nanometers,ArgoFloats-synthetic-BGC
attribute,cp660,sdn_parameter_urn,String,SDN:P01::ATT650AC,ArgoFloats-synthetic-BGC
attribute,cp660,units,String,m-1,ArgoFloats-synthetic-BGC
attribute,cp660,valid_max,float,,ArgoFloats-synthetic-BGC
attribute,cp660,valid_min,float,,ArgoFloats-synthetic-BGC
variable,cp660_qc,,String,,ArgoFloats-synthetic-BGC
variable,cp660_adjusted,,float,,ArgoFloats-synthetic-BGC
variable,cp660_adjusted_qc,,String,,ArgoFloats-synthetic-BGC
variable,cp660_adjusted_error,,float,,ArgoFloats-synthetic-BGC
variable,downwelling_par,,float,,ArgoFloats-synthetic-BGC
attribute,downwelling_par,_FillValue,float,99999.0,ArgoFloats-synthetic-BGC
attribute,downwelling_par,actual_range,float,"-10811.9, 5885.509",ArgoFloats-synthetic-BGC
attribute,downwelling_par,cf_standard_name,String,downwelling_photosynthetic_photon_flux_in_sea_water,ArgoFloats-synthetic-BGC
attribute,downwelling_par,long_name,String,Downwelling photosynthetic available radiation,ArgoFloats-synthetic-BGC
attribute,downwelling_par,sdn_parameter_urn,String,SDN:P01::DWIRRXUD,ArgoFloats-synthetic-BGC
attribute,downwelling_par,units,String,microMoleQuanta/m^2/sec,ArgoFloats-synthetic-BGC
attribute,downwelling_par,valid_max,float,,ArgoFloats-synthetic-BGC
attribute,downwelling_par,valid_min,float,,ArgoFloats-synthetic-BGC
variable,downwelling_par_qc,,String,,ArgoFloats-synthetic-BGC
variable,downwelling_par_adjusted,,float,,ArgoFloats-synthetic-BGC
attribute,downwelling_par_adjusted,actual_range,float,"-1.063595, 4623.459",ArgoFloats-synthetic-BGC
variable,downwelling_par_adjusted_qc,,String,,ArgoFloats-synthetic-BGC
variable,downwelling_par_adjusted_error,,float,,ArgoFloats-synthetic-BGC
attribute,downwelling_par_adjusted_error,actual_range,float,"0.03, 231.173",ArgoFloats-synthetic-BGC
variable,down_irradiance380,,float,,ArgoFloats-synthetic-BGC
attribute,down_irradiance380,_FillValue,float,99999.0,ArgoFloats-synthetic-BGC
attribute,down_irradiance380,actual_range,float,"-4.619619, 3.230546",ArgoFloats-synthetic-BGC
attribute,down_irradiance380,cf_standard_name,String,-,ArgoFloats-synthetic-BGC
attribute,down_irradiance380,long_name,String,Downwelling irradiance at 380 nanometers,ArgoFloats-synthetic-BGC
attribute,down_irradiance380,sdn_parameter_urn,String,SDN:P01::RXUD380E,ArgoFloats-synthetic-BGC
attribute,down_irradiance380,units,String,W/m^2/nm,ArgoFloats-synthetic-BGC
attribute,down_irradiance380,valid_max,float,,ArgoFloats-synthetic-BGC
attribute,down_irradiance380,valid_min,float,,ArgoFloats-synthetic-BGC
variable,down_irradiance380_qc,,String,,ArgoFloats-synthetic-BGC
variable,down_irradiance380_adjusted,,float,,ArgoFloats-synthetic-BGC
attribute,down_irradiance380_adjusted,actual_range,float,"-3.535764E-4, 1.606115",ArgoFloats-synthetic-BGC
variable,down_irradiance380_adjusted_qc,,String,,ArgoFloats-synthetic-BGC
variable,down_irradiance380_adjusted_error,,float,,ArgoFloats-synthetic-BGC
attribute,down_irradiance380_adjusted_error,actual_range,float,"2.5E-5, 0.0321223",ArgoFloats-synthetic-BGC
variable,down_irradiance412,,float,,ArgoFloats-synthetic-BGC
attribute,down_irradiance412,_FillValue,float,99999.0,ArgoFloats-synthetic-BGC
attribute,down_irradiance412,actual_range,float,"-6.789255, 3.602709",ArgoFloats-synthetic-BGC
attribute,down_irradiance412,cf_standard_name,String,-,ArgoFloats-synthetic-BGC
attribute,down_irradiance412,long_name,String,Downwelling irradiance at 412 nanometers,ArgoFloats-synthetic-BGC
attribute,down_irradiance412,sdn_parameter_urn,String,SDN:P01::RXUD412E,ArgoFloats-synthetic-BGC
attribute,down_irradiance412,units,String,W/m^2/nm,ArgoFloats-synthetic-BGC
attribute,down_irradiance412,valid_max,float,,ArgoFloats-synthetic-BGC
attribute,down_irradiance412,valid_min,float,,ArgoFloats-synthetic-BGC
variable,down_irradiance412_qc,,String,,ArgoFloats-synthetic-BGC
variable,down_irradiance412_adjusted,,float,,ArgoFloats-synthetic-BGC
attribute,down_irradiance412_adjusted,actual_range,float,"-4.15195E-4, 2.887171",ArgoFloats-synthetic-BGC
variable,down_irradiance412_adjusted_qc,,String,,ArgoFloats-synthetic-BGC
variable,down_irradiance412_adjusted_error,,float,,ArgoFloats-synthetic-BGC
attribute,down_irradiance412_adjusted_error,actual_range,float,"2.5E-5, 0.05774342",ArgoFloats-synthetic-BGC
variable,down_irradiance443,,float,,ArgoFloats-synthetic-BGC
attribute,down_irradiance443,_FillValue,float,99999.0,ArgoFloats-synthetic-BGC
attribute,down_irradiance443,actual_range,float,"-7.27576, 5.951107",ArgoFloats-synthetic-BGC
attribute,down_irradiance443,cf_standard_name,String,-,ArgoFloats-synthetic-BGC
attribute,down_irradiance443,long_name,String,Downwelling irradiance at 443 nanometers,ArgoFloats-synthetic-BGC
attribute,down_irradiance443,sdn_parameter_urn,String,SDN:P01::RXUD443E,ArgoFloats-synthetic-BGC
attribute,down_irradiance443,units,String,W/m^2/nm,ArgoFloats-synthetic-BGC
attribute,down_irradiance443,valid_max,float,,ArgoFloats-synthetic-BGC
attribute,down_irradiance443,valid_min,float,,ArgoFloats-synthetic-BGC
variable,down_irradiance443_qc,,String,,ArgoFloats-synthetic-BGC
variable,down_irradiance443_adjusted,,float,,ArgoFloats-synthetic-BGC
variable,down_irradiance443_adjusted_qc,,String,,ArgoFloats-synthetic-BGC
variable,down_irradiance443_adjusted_error,,float,,ArgoFloats-synthetic-BGC
variable,down_irradiance490,,float,,ArgoFloats-synthetic-BGC
attribute,down_irradiance490,_FillValue,float,99999.0,ArgoFloats-synthetic-BGC
attribute,down_irradiance490,actual_range,float,"-8.113294, 5.629689",ArgoFloats-synthetic-BGC
attribute,down_irradiance490,cf_standard_name,String,-,ArgoFloats-synthetic-BGC
attribute,down_irradiance490,long_name,String,Downwelling irradiance at 490 nanometers,ArgoFloats-synthetic-BGC
attribute,down_irradiance490,sdn_parameter_urn,String,SDN:P01::RXUD490E,ArgoFloats-synthetic-BGC
attribute,down_irradiance490,units,String,W/m^2/nm,ArgoFloats-synthetic-BGC
attribute,down_irradiance490,valid_max,float,,ArgoFloats-synthetic-BGC
attribute,down_irradiance490,valid_min,float,,ArgoFloats-synthetic-BGC
variable,down_irradiance490_qc,,String,,ArgoFloats-synthetic-BGC
variable,down_irradiance490_adjusted,,float,,ArgoFloats-synthetic-BGC
attribute,down_irradiance490_adjusted,actual_range,float,"-0.3623228, 3.183979",ArgoFloats-synthetic-BGC
variable,down_irradiance490_adjusted_qc,,String,,ArgoFloats-synthetic-BGC
variable,down_irradiance490_adjusted_error,,float,,ArgoFloats-synthetic-BGC
attribute,down_irradiance490_adjusted_error,actual_range,float,"2.5E-5, 0.06367958",ArgoFloats-synthetic-BGC
variable,down_irradiance555,,float,,ArgoFloats-synthetic-BGC
attribute,down_irradiance555,_FillValue,float,99999.0,ArgoFloats-synthetic-BGC
attribute,down_irradiance555,actual_range,float,"-5.775234, 2.280185",ArgoFloats-synthetic-BGC
attribute,down_irradiance555,cf_standard_name,String,-,ArgoFloats-synthetic-BGC
attribute,down_irradiance555,long_name,String,Downwelling irradiance at 555 nanometers,ArgoFloats-synthetic-BGC
attribute,down_irradiance555,sdn_parameter_urn,String,SDN:P01::RXUD555E,ArgoFloats-synthetic-BGC
attribute,down_irradiance555,units,String,W/m^2/nm,ArgoFloats-synthetic-BGC
attribute,down_irradiance555,valid_max,float,,ArgoFloats-synthetic-BGC
attribute,down_irradiance555,valid_min,float,,ArgoFloats-synthetic-BGC
variable,down_irradiance555_qc,,String,,ArgoFloats-synthetic-BGC
variable,down_irradiance555_adjusted,,float,,ArgoFloats-synthetic-BGC
variable,down_irradiance555_adjusted_qc,,String,,ArgoFloats-synthetic-BGC
variable,down_irradiance555_adjusted_error,,float,,ArgoFloats-synthetic-BGC
variable,down_irradiance665,,float,,ArgoFloats-synthetic-BGC
attribute,down_irradiance665,_FillValue,float,99999.0,ArgoFloats-synthetic-BGC
attribute,down_irradiance665,actual_range,float,"2.301956E-4, 0.5582202",ArgoFloats-synthetic-BGC
attribute,down_irradiance665,cf_standard_name,String,-,ArgoFloats-synthetic-BGC
attribute,down_irradiance665,long_name,String,Downwelling irradiance at 665 nanometers,ArgoFloats-synthetic-BGC
attribute,down_irradiance665,sdn_parameter_urn,String,SDN:P01::RXUD665E,ArgoFloats-synthetic-BGC
attribute,down_irradiance665,units,String,W/m^2/nm,ArgoFloats-synthetic-BGC
attribute,down_irradiance665,valid_max,float,,ArgoFloats-synthetic-BGC
attribute,down_irradiance665,valid_min,float,,ArgoFloats-synthetic-BGC
variable,down_irradiance665_qc,,String,,ArgoFloats-synthetic-BGC
variable,down_irradiance665_adjusted,,float,,ArgoFloats-synthetic-BGC
variable,down_irradiance665_adjusted_qc,,String,,ArgoFloats-synthetic-BGC
variable,down_irradiance665_adjusted_error,,float,,ArgoFloats-synthetic-BGC
variable,down_irradiance670,,float,,ArgoFloats-synthetic-BGC
attribute,down_irradiance670,_FillValue,float,99999.0,ArgoFloats-synthetic-BGC
attribute,down_irradiance670,actual_range,float,"6.188E-5, 1.316882",ArgoFloats-synthetic-BGC
attribute,down_irradiance670,cf_standard_name,String,-,ArgoFloats-synthetic-BGC
attribute,down_irradiance670,long_name,String,Downwelling irradiance at 670 nanometers,ArgoFloats-synthetic-BGC
attribute,down_irradiance670,sdn_parameter_urn,String,SDN:P01::RXUD670E,ArgoFloats-synthetic-BGC
attribute,down_irradiance670,units,String,W/m^2/nm,ArgoFloats-synthetic-BGC
attribute,down_irradiance670,valid_max,float,,ArgoFloats-synthetic-BGC
attribute,down_irradiance670,valid_min,float,,ArgoFloats-synthetic-BGC
variable,down_irradiance670_qc,,String,,ArgoFloats-synthetic-BGC
variable,down_irradiance670_adjusted,,float,,ArgoFloats-synthetic-BGC
variable,down_irradiance670_adjusted_qc,,String,,ArgoFloats-synthetic-BGC
variable,down_irradiance670_adjusted_error,,float,,ArgoFloats-synthetic-BGC
variable,doxy,,float,,ArgoFloats-synthetic-BGC
attribute,doxy,_ChunkSizes,uint,"7, 558",ArgoFloats-synthetic-BGC
attribute,doxy,_FillValue,float,99999.0,ArgoFloats-synthetic-BGC
attribute,doxy,actual_range,float,"-1.505E8, 3.83667E7",ArgoFloats-synthetic-BGC
attribute,doxy,C_format,String,%.3f,ArgoFloats-synthetic-BGC
attribute,doxy,cf_standard_name,String,moles_of_oxygen_per_unit_mass_in_sea_water,ArgoFloats-synthetic-BGC
attribute,doxy,FORTRAN_format,String,F.3,ArgoFloats-synthetic-BGC
attribute,doxy,long_name,String,Dissolved oxygen,ArgoFloats-synthetic-BGC
attribute,doxy,resolution,float,0.001,ArgoFloats-synthetic-BGC
attribute,doxy,sdn_parameter_urn,String,SDN:P01::DOXMZZXX,ArgoFloats-synthetic-BGC
attribute,doxy,standard_name,String,moles_of_oxygen_per_unit_mass_in_sea_water,ArgoFloats-synthetic-BGC
attribute,doxy,units,String,micromole/kg,ArgoFloats-synthetic-BGC
attribute,doxy,valid_max,float,600.0,ArgoFloats-synthetic-BGC
attribute,doxy,valid_min,float,-5.0,ArgoFloats-synthetic-BGC
variable,doxy_qc,,String,,ArgoFloats-synthetic-BGC
attribute,doxy_qc,_ChunkSizes,uint,"7, 558",ArgoFloats-synthetic-BGC
attribute,doxy_qc,conventions,String,Argo reference table 2,ArgoFloats-synthetic-BGC
attribute,doxy_qc,long_name,String,quality flag,ArgoFloats-synthetic-BGC
variable,doxy_adjusted,,float,,ArgoFloats-synthetic-BGC
attribute,doxy_adjusted,_ChunkSizes,uint,"7, 558",ArgoFloats-synthetic-BGC
attribute,doxy_adjusted,_FillValue,float,99999.0,ArgoFloats-synthetic-BGC
attribute,doxy_adjusted,actual_range,float,"-1.61178E8, 1.205848E7",ArgoFloats-synthetic-BGC
attribute,doxy_adjusted,C_format,String,%.3f,ArgoFloats-synthetic-BGC
attribute,doxy_adjusted,FORTRAN_format,String,F.3,ArgoFloats-synthetic-BGC
attribute,doxy_adjusted,long_name,String,Dissolved oxygen,ArgoFloats-synthetic-BGC
attribute,doxy_adjusted,resolution,float,0.001,ArgoFloats-synthetic-BGC
attribute,doxy_adjusted,standard_name,String,moles_of_oxygen_per_unit_mass_in_sea_water,ArgoFloats-synthetic-BGC
attribute,doxy_adjusted,units,String,micromole/kg,ArgoFloats-synthetic-BGC
attribute,doxy_adjusted,valid_max,float,600.0,ArgoFloats-synthetic-BGC
attribute,doxy_adjusted,valid_min,float,-5.0,ArgoFloats-synthetic-BGC
variable,doxy_adjusted_qc,,String,,ArgoFloats-synthetic-BGC
attribute,doxy_adjusted_qc,_ChunkSizes,uint,"7, 558",ArgoFloats-synthetic-BGC
attribute,doxy_adjusted_qc,conventions,String,Argo reference table 2,ArgoFloats-synthetic-BGC
attribute,doxy_adjusted_qc,long_name,String,quality flag,ArgoFloats-synthetic-BGC
variable,doxy_adjusted_error,,float,,ArgoFloats-synthetic-BGC
attribute,doxy_adjusted_error,_ChunkSizes,uint,"7, 558",ArgoFloats-synthetic-BGC
attribute,doxy_adjusted_error,_FillValue,float,99999.0,ArgoFloats-synthetic-BGC
attribute,doxy_adjusted_error,actual_range,float,"-0.02739988, 4667.415",ArgoFloats-synthetic-BGC
attribute,doxy_adjusted_error,C_format,String,%.3f,ArgoFloats-synthetic-BGC
attribute,doxy_adjusted_error,FORTRAN_format,String,F.3,ArgoFloats-synthetic-BGC
attribute,doxy_adjusted_error,long_name,String,Contains the error on the adjusted values as determined by the delayed mode QC process,ArgoFloats-synthetic-BGC
attribute,doxy_adjusted_error,resolution,float,0.001,ArgoFloats-synthetic-BGC
attribute,doxy_adjusted_error,units,String,micromole/kg,ArgoFloats-synthetic-BGC
variable,doxy2,,float,,ArgoFloats-synthetic-BGC
attribute,doxy2,_FillValue,float,99999.0,ArgoFloats-synthetic-BGC
attribute,doxy2,actual_range,float,"-11.57892, 675.233",ArgoFloats-synthetic-BGC
attribute,doxy2,cf_standard_name,String,moles_of_oxygen_per_unit_mass_in_sea_water,ArgoFloats-synthetic-BGC
attribute,doxy2,long_name,String,Dissolved oxygen,ArgoFloats-synthetic-BGC
attribute,doxy2,sdn_parameter_urn,String,SDN:P01::DOXMZZXX,ArgoFloats-synthetic-BGC
attribute,doxy2,units,String,micromole/kg,ArgoFloats-synthetic-BGC
attribute,doxy2,valid_max,float,,ArgoFloats-synthetic-BGC
attribute,doxy2,valid_min,float,,ArgoFloats-synthetic-BGC
variable,doxy2_qc,,String,,ArgoFloats-synthetic-BGC
variable,doxy2_adjusted,,float,,ArgoFloats-synthetic-BGC
attribute,doxy2_adjusted,actual_range,float,"10.80821, 388.1978",ArgoFloats-synthetic-BGC
variable,doxy2_adjusted_qc,,String,,ArgoFloats-synthetic-BGC
variable,doxy2_adjusted_error,,float,,ArgoFloats-synthetic-BGC
attribute,doxy2_adjusted_error,actual_range,float,"0.6184019, 9.0",ArgoFloats-synthetic-BGC
variable,doxy3,,float,,ArgoFloats-synthetic-BGC
attribute,doxy3,_FillValue,float,99999.0,ArgoFloats-synthetic-BGC
attribute,doxy3,actual_range,float,"9.184498, 303.2113",ArgoFloats-synthetic-BGC
attribute,doxy3,cf_standard_name,String,moles_of_oxygen_per_unit_mass_in_sea_water,ArgoFloats-synthetic-BGC
attribute,doxy3,long_name,String,Dissolved oxygen,ArgoFloats-synthetic-BGC
attribute,doxy3,sdn_parameter_urn,String,SDN:P01::DOXMZZXX,ArgoFloats-synthetic-BGC
attribute,doxy3,units,String,micromole/kg,ArgoFloats-synthetic-BGC
attribute,doxy3,valid_max,float,,ArgoFloats-synthetic-BGC
attribute,doxy3,valid_min,float,,ArgoFloats-synthetic-BGC
variable,doxy3_qc,,String,,ArgoFloats-synthetic-BGC
variable,doxy3_adjusted,,float,,ArgoFloats-synthetic-BGC
attribute,doxy3_adjusted,actual_range,float,"9.788509, 322.6472",ArgoFloats-synthetic-BGC
variable,doxy3_adjusted_qc,,String,,ArgoFloats-synthetic-BGC
variable,doxy3_adjusted_error,,float,,ArgoFloats-synthetic-BGC
attribute,doxy3_adjusted_error,actual_range,float,"3.0, 9.0",ArgoFloats-synthetic-BGC
variable,nitrate,,float,,ArgoFloats-synthetic-BGC
attribute,nitrate,_ChunkSizes,uint,"7, 558",ArgoFloats-synthetic-BGC
attribute,nitrate,_FillValue,float,99999.0,ArgoFloats-synthetic-BGC
attribute,nitrate,actual_range,float,"-2309.726, 2139.587",ArgoFloats-synthetic-BGC
attribute,nitrate,C_format,String,%.3f,ArgoFloats-synthetic-BGC
attribute,nitrate,cf_standard_name,String,moles_of_nitrate_per_unit_mass_in_sea_water,ArgoFloats-synthetic-BGC
attribute,nitrate,FORTRAN_format,String,F.3,ArgoFloats-synthetic-BGC
attribute,nitrate,long_name,String,Nitrate,ArgoFloats-synthetic-BGC
attribute,nitrate,resolution,float,0.001,ArgoFloats-synthetic-BGC
attribute,nitrate,sdn_parameter_urn,String,SDN:P01::MDMAP005,ArgoFloats-synthetic-BGC
attribute,nitrate,standard_name,String,moles_of_nitrate_per_unit_mass_in_sea_water,ArgoFloats-synthetic-BGC
attribute,nitrate,units,String,micromole/kg,ArgoFloats-synthetic-BGC
attribute,nitrate,valid_max,float,,ArgoFloats-synthetic-BGC
attribute,nitrate,valid_min,float,,ArgoFloats-synthetic-BGC
variable,nitrate_qc,,String,,ArgoFloats-synthetic-BGC
attribute,nitrate_qc,_ChunkSizes,uint,"7, 558",ArgoFloats-synthetic-BGC
attribute,nitrate_qc,conventions,String,Argo reference table 2,ArgoFloats-synthetic-BGC
attribute,nitrate_qc,long_name,String,quality flag,ArgoFloats-synthetic-BGC
variable,nitrate_adjusted,,float,,ArgoFloats-synthetic-BGC
attribute,nitrate_adjusted,_ChunkSizes,uint,"7, 558",ArgoFloats-synthetic-BGC
attribute,nitrate_adjusted,_FillValue,float,99999.0,ArgoFloats-synthetic-BGC
attribute,nitrate_adjusted,actual_range,float,"-583.3022, 407.2043",ArgoFloats-synthetic-BGC
attribute,nitrate_adjusted,C_format,String,%.3f,ArgoFloats-synthetic-BGC
attribute,nitrate_adjusted,FORTRAN_format,String,F.3,ArgoFloats-synthetic-BGC
attribute,nitrate_adjusted,long_name,String,Nitrate,ArgoFloats-synthetic-BGC
attribute,nitrate_adjusted,resolution,float,0.001,ArgoFloats-synthetic-BGC
attribute,nitrate_adjusted,standard_name,String,moles_of_nitrate_per_unit_mass_in_sea_water,ArgoFloats-synthetic-BGC
attribute,nitrate_adjusted,units,String,micromole/kg,ArgoFloats-synthetic-BGC
variable,nitrate_adjusted_qc,,String,,ArgoFloats-synthetic-BGC
attribute,nitrate_adjusted_qc,_ChunkSizes,uint,"7, 558",ArgoFloats-synthetic-BGC
attribute,nitrate_adjusted_qc,conventions,String,Argo reference table 2,ArgoFloats-synthetic-BGC
attribute,nitrate_adjusted_qc,long_name,String,quality flag,ArgoFloats-synthetic-BGC
variable,nitrate_adjusted_error,,float,,ArgoFloats-synthetic-BGC
attribute,nitrate_adjusted_error,_ChunkSizes,uint,"7, 558",ArgoFloats-synthetic-BGC
attribute,nitrate_adjusted_error,_FillValue,float,99999.0,ArgoFloats-synthetic-BGC
attribute,nitrate_adjusted_error,actual_range,float,"-2.123075, 10005.29",ArgoFloats-synthetic-BGC
attribute,nitrate_adjusted_error,C_format,String,%.3f,ArgoFloats-synthetic-BGC
attribute,nitrate_adjusted_error,FORTRAN_format,String,F.3,ArgoFloats-synthetic-BGC
attribute,nitrate_adjusted_error,long_name,String,Contains the error on the adjusted values as determined by the delayed mode QC process,ArgoFloats-synthetic-BGC
attribute,nitrate_adjusted_error,resolution,float,0.001,ArgoFloats-synthetic-BGC
attribute,nitrate_adjusted_error,units,String,micromole/kg,ArgoFloats-synthetic-BGC
variable,ph_in_situ_total,,float,,ArgoFloats-synthetic-BGC
attribute,ph_in_situ_total,_ChunkSizes,uint,"7, 558",ArgoFloats-synthetic-BGC
attribute,ph_in_situ_total,_FillValue,float,99999.0,ArgoFloats-synthetic-BGC
attribute,ph_in_situ_total,actual_range,float,"-26822.05, 3.698129E22",ArgoFloats-synthetic-BGC
attribute,ph_in_situ_total,C_format,String,%.4f,ArgoFloats-synthetic-BGC
attribute,ph_in_situ_total,cf_standard_name,String,sea_water_ph_reported_on_total_scale,ArgoFloats-synthetic-BGC
attribute,ph_in_situ_total,FORTRAN_format,String,F.4,ArgoFloats-synthetic-BGC
attribute,ph_in_situ_total,long_name,String,pH,ArgoFloats-synthetic-BGC
attribute,ph_in_situ_total,resolution,float,1.0E-4,ArgoFloats-synthetic-BGC
attribute,ph_in_situ_total,sdn_parameter_urn,String,SDN:P01::PHMASSXX,ArgoFloats-synthetic-BGC
attribute,ph_in_situ_total,standard_name,String,sea_water_ph_reported_on_total_scale,ArgoFloats-synthetic-BGC
attribute,ph_in_situ_total,units,String,dimensionless,ArgoFloats-synthetic-BGC
attribute,ph_in_situ_total,valid_max,float,,ArgoFloats-synthetic-BGC
attribute,ph_in_situ_total,valid_min,float,,ArgoFloats-synthetic-BGC
variable,ph_in_situ_total_qc,,String,,ArgoFloats-synthetic-BGC
attribute,ph_in_situ_total_qc,_ChunkSizes,uint,"7, 558",ArgoFloats-synthetic-BGC
attribute,ph_in_situ_total_qc,conventions,String,Argo reference table 2,ArgoFloats-synthetic-BGC
attribute,ph_in_situ_total_qc,long_name,String,quality flag,ArgoFloats-synthetic-BGC
variable,ph_in_situ_total_adjusted,,float,,ArgoFloats-synthetic-BGC
attribute,ph_in_situ_total_adjusted,_ChunkSizes,uint,"7, 558",ArgoFloats-synthetic-BGC
attribute,ph_in_situ_total_adjusted,_FillValue,float,99999.0,ArgoFloats-synthetic-BGC
attribute,ph_in_situ_total_adjusted,actual_range,float,"-714.0168, 1352.24",ArgoFloats-synthetic-BGC
attribute,ph_in_situ_total_adjusted,C_format,String,%.4f,ArgoFloats-synthetic-BGC
attribute,ph_in_situ_total_adjusted,FORTRAN_format,String,F.4,ArgoFloats-synthetic-BGC
attribute,ph_in_situ_total_adjusted,long_name,String,pH,ArgoFloats-synthetic-BGC
attribute,ph_in_situ_total_adjusted,resolution,float,1.0E-4,ArgoFloats-synthetic-BGC
attribute,ph_in_situ_total_adjusted,standard_name,String,sea_water_ph_reported_on_total_scale,ArgoFloats-synthetic-BGC
attribute,ph_in_situ_total_adjusted,units,String,dimensionless,ArgoFloats-synthetic-BGC
variable,ph_in_situ_total_adjusted_qc,,String,,ArgoFloats-synthetic-BGC
attribute,ph_in_situ_total_adjusted_qc,_ChunkSizes,uint,"7, 558",ArgoFloats-synthetic-BGC
attribute,ph_in_situ_total_adjusted_qc,conventions,String,Argo reference table 2,ArgoFloats-synthetic-BGC
attribute,ph_in_situ_total_adjusted_qc,long_name,String,quality flag,ArgoFloats-synthetic-BGC
variable,ph_in_situ_total_adjusted_error,,float,,ArgoFloats-synthetic-BGC
attribute,ph_in_situ_total_adjusted_error,_ChunkSizes,uint,"7, 558",ArgoFloats-synthetic-BGC
attribute,ph_in_situ_total_adjusted_error,_FillValue,float,99999.0,ArgoFloats-synthetic-BGC
attribute,ph_in_situ_total_adjusted_error,actual_range,float,"-0.08719711, 160.1597",ArgoFloats-synthetic-BGC
attribute,ph_in_situ_total_adjusted_error,C_format,String,%.4f,ArgoFloats-synthetic-BGC
attribute,ph_in_situ_total_adjusted_error,FORTRAN_format,String,F.4,ArgoFloats-synthetic-BGC
attribute,ph_in_situ_total_adjusted_error,long_name,String,Contains the error on the adjusted values as determined by the delayed mode QC process,ArgoFloats-synthetic-BGC
attribute,ph_in_situ_total_adjusted_error,resolution,float,1.0E-4,ArgoFloats-synthetic-BGC
attribute,ph_in_situ_total_adjusted_error,units,String,dimensionless,ArgoFloats-synthetic-BGC
variable,pres,,float,,ArgoFloats-synthetic-BGC
attribute,pres,_ChunkSizes,uint,"7, 558",ArgoFloats-synthetic-BGC
attribute,pres,_CoordinateAxisType,String,Height,ArgoFloats-synthetic-BGC
attribute,pres,_FillValue,float,99999.0,ArgoFloats-synthetic-BGC
attribute,pres,actual_range,float,"-5.3, 10000.0",ArgoFloats-synthetic-BGC
attribute,pres,axis,String,Z,ArgoFloats-synthetic-BGC
attribute,pres,C_format,String,%.3f,ArgoFloats-synthetic-BGC
attribute,pres,cf_standard_name,String,sea_water_pressure,ArgoFloats-synthetic-BGC
attribute,pres,FORTRAN_format,String,F.3,ArgoFloats-synthetic-BGC
attribute,pres,long_name,String,"Sea water pressure, equals 0 at sea-level",ArgoFloats-synthetic-BGC
attribute,pres,resolution,float,0.001,ArgoFloats-synthetic-BGC
attribute,pres,sdn_parameter_urn,String,SDN:P01::PRESPR01,ArgoFloats-synthetic-BGC
attribute,pres,standard_name,String,sea_water_pressure,ArgoFloats-synthetic-BGC
attribute,pres,units,String,decibar,ArgoFloats-synthetic-BGC
attribute,pres,valid_max,float,12000.0,ArgoFloats-synthetic-BGC
attribute,pres,valid_min,float,0.0,ArgoFloats-synthetic-BGC
variable,pres_qc,,String,,ArgoFloats-synthetic-BGC
attribute,pres_qc,_ChunkSizes,uint,"7, 558",ArgoFloats-synthetic-BGC
attribute,pres_qc,conventions,String,Argo reference table 2,ArgoFloats-synthetic-BGC
attribute,pres_qc,long_name,String,quality flag,ArgoFloats-synthetic-BGC
variable,pres_adjusted,,float,,ArgoFloats-synthetic-BGC
attribute,pres_adjusted,_ChunkSizes,uint,"7, 558",ArgoFloats-synthetic-BGC
attribute,pres_adjusted,_FillValue,float,99999.0,ArgoFloats-synthetic-BGC
attribute,pres_adjusted,actual_range,float,"-557.6254, 10000.5",ArgoFloats-synthetic-BGC
attribute,pres_adjusted,axis,String,Z,ArgoFloats-synthetic-BGC
attribute,pres_adjusted,C_format,String,%.3f,ArgoFloats-synthetic-BGC
attribute,pres_adjusted,FORTRAN_format,String,F.3,ArgoFloats-synthetic-BGC
attribute,pres_adjusted,long_name,String,"Sea water pressure, equals 0 at sea-level",ArgoFloats-synthetic-BGC
attribute,pres_adjusted,resolution,float,0.001,ArgoFloats-synthetic-BGC
attribute,pres_adjusted,standard_name,String,sea_water_pressure,ArgoFloats-synthetic-BGC
attribute,pres_adjusted,units,String,decibar,ArgoFloats-synthetic-BGC
attribute,pres_adjusted,valid_max,float,12000.0,ArgoFloats-synthetic-BGC
attribute,pres_adjusted,valid_min,float,0.0,ArgoFloats-synthetic-BGC
variable,pres_adjusted_qc,,String,,ArgoFloats-synthetic-BGC
attribute,pres_adjusted_qc,_ChunkSizes,uint,"7, 558",ArgoFloats-synthetic-BGC
attribute,pres_adjusted_qc,conventions,String,Argo reference table 2,ArgoFloats-synthetic-BGC
attribute,pres_adjusted_qc,long_name,String,quality flag,ArgoFloats-synthetic-BGC
variable,pres_adjusted_error,,float,,ArgoFloats-synthetic-BGC
attribute,pres_adjusted_error,_ChunkSizes,uint,"7, 558",ArgoFloats-synthetic-BGC
attribute,pres_adjusted_error,_FillValue,float,99999.0,ArgoFloats-synthetic-BGC
attribute,pres_adjusted_error,actual_range,float,"1.998208, 20.0",ArgoFloats-synthetic-BGC
attribute,pres_adjusted_error,C_format,String,%.3f,ArgoFloats-synthetic-BGC
attribute,pres_adjusted_error,FORTRAN_format,String,F.3,ArgoFloats-synthetic-BGC
attribute,pres_adjusted_error,long_name,String,Contains the error on the adjusted values as determined by the delayed mode QC process,ArgoFloats-synthetic-BGC
attribute,pres_adjusted_error,resolution,float,0.001,ArgoFloats-synthetic-BGC
attribute,pres_adjusted_error,units,String,decibar,ArgoFloats-synthetic-BGC
variable,psal,,float,,ArgoFloats-synthetic-BGC
attribute,psal,_ChunkSizes,uint,"7, 558",ArgoFloats-synthetic-BGC
attribute,psal,_FillValue,float,99999.0,ArgoFloats-synthetic-BGC
attribute,psal,actual_range,float,"-249.898, 175.11",ArgoFloats-synthetic-BGC
attribute,psal,C_format,String,%.4f,ArgoFloats-synthetic-BGC
attribute,psal,cf_standard_name,String,sea_water_salinity,ArgoFloats-synthetic-BGC
attribute,psal,FORTRAN_format,String,F.4,ArgoFloats-synthetic-BGC
attribute,psal,long_name,String,Practical salinity,ArgoFloats-synthetic-BGC
attribute,psal,resolution,float,1.0E-4,ArgoFloats-synthetic-BGC
attribute,psal,sdn_parameter_urn,String,SDN:P01::PSALST01,ArgoFloats-synthetic-BGC
attribute,psal,standard_name,String,sea_water_salinity,ArgoFloats-synthetic-BGC
attribute,psal,units,String,psu,ArgoFloats-synthetic-BGC
attribute,psal,valid_max,float,41.0,ArgoFloats-synthetic-BGC
attribute,psal,valid_min,float,2.0,ArgoFloats-synthetic-BGC
variable,psal_qc,,String,,ArgoFloats-synthetic-BGC
attribute,psal_qc,_ChunkSizes,uint,"7, 558",ArgoFloats-synthetic-BGC
attribute,psal_qc,conventions,String,Argo reference table 2,ArgoFloats-synthetic-BGC
attribute,psal_qc,long_name,String,quality flag,ArgoFloats-synthetic-BGC
variable,psal_adjusted,,float,,ArgoFloats-synthetic-BGC
attribute,psal_adjusted,_ChunkSizes,uint,"7, 558",ArgoFloats-synthetic-BGC
attribute,psal_adjusted,_FillValue,float,99999.0,ArgoFloats-synthetic-BGC
attribute,psal_adjusted,actual_range,float,"0.0, 99.9999",ArgoFloats-synthetic-BGC
attribute,psal_adjusted,C_format,String,%.4f,ArgoFloats-synthetic-BGC
attribute,psal_adjusted,FORTRAN_format,String,F.4,ArgoFloats-synthetic-BGC
attribute,psal_adjusted,long_name,String,Practical salinity,ArgoFloats-synthetic-BGC
attribute,psal_adjusted,resolution,float,1.0E-4,ArgoFloats-synthetic-BGC
attribute,psal_adjusted,standard_name,String,sea_water_salinity,ArgoFloats-synthetic-BGC
attribute,psal_adjusted,units,String,psu,ArgoFloats-synthetic-BGC
attribute,psal_adjusted,valid_max,float,41.0,ArgoFloats-synthetic-BGC
attribute,psal_adjusted,valid_min,float,2.0,ArgoFloats-synthetic-BGC
variable,psal_adjusted_qc,,String,,ArgoFloats-synthetic-BGC
attribute,psal_adjusted_qc,_ChunkSizes,uint,"7, 558",ArgoFloats-synthetic-BGC
attribute,psal_adjusted_qc,conventions,String,Argo reference table 2,ArgoFloats-synthetic-BGC
attribute,psal_adjusted_qc,long_name,String,quality flag,ArgoFloats-synthetic-BGC
variable,psal_adjusted_error,,float,,ArgoFloats-synthetic-BGC
attribute,psal_adjusted_error,_ChunkSizes,uint,"7, 558",ArgoFloats-synthetic-BGC
attribute,psal_adjusted_error,_FillValue,float,99999.0,ArgoFloats-synthetic-BGC
attribute,psal_adjusted_error,actual_range,float,"4.626246E-4, 8.499573E31",ArgoFloats-synthetic-BGC
attribute,psal_adjusted_error,C_format,String,%.4f,ArgoFloats-synthetic-BGC
attribute,psal_adjusted_error,FORTRAN_format,String,F.4,ArgoFloats-synthetic-BGC
attribute,psal_adjusted_error,long_name,String,Contains the error on the adjusted values as determined by the delayed mode QC process,ArgoFloats-synthetic-BGC
attribute,psal_adjusted_error,resolution,float,1.0E-4,ArgoFloats-synthetic-BGC
attribute,psal_adjusted_error,units,String,psu,ArgoFloats-synthetic-BGC
variable,temp,,float,,ArgoFloats-synthetic-BGC
attribute,temp,_ChunkSizes,uint,"7, 558",ArgoFloats-synthetic-BGC
attribute,temp,_FillValue,float,99999.0,ArgoFloats-synthetic-BGC
attribute,temp,actual_range,float,"-9.9, 693233.6",ArgoFloats-synthetic-BGC
attribute,temp,C_format,String,%.3f,ArgoFloats-synthetic-BGC
attribute,temp,cf_standard_name,String,sea_water_temperature,ArgoFloats-synthetic-BGC
attribute,temp,FORTRAN_format,String,F.3,ArgoFloats-synthetic-BGC
attribute,temp,long_name,String,Sea temperature in-situ ITS-90 scale,ArgoFloats-synthetic-BGC
attribute,temp,resolution,float,0.001,ArgoFloats-synthetic-BGC
attribute,temp,sdn_parameter_urn,String,SDN:P01::TEMPST01,ArgoFloats-synthetic-BGC
attribute,temp,standard_name,String,sea_water_temperature,ArgoFloats-synthetic-BGC
attribute,temp,units,String,degree_Celsius,ArgoFloats-synthetic-BGC
attribute,temp,valid_max,float,40.0,ArgoFloats-synthetic-BGC
attribute,temp,valid_min,float,-2.5,ArgoFloats-synthetic-BGC
variable,temp_qc,,String,,ArgoFloats-synthetic-BGC
attribute,temp_qc,_ChunkSizes,uint,"7, 558",ArgoFloats-synthetic-BGC
attribute,temp_qc,conventions,String,Argo reference table 2,ArgoFloats-synthetic-BGC
attribute,temp_qc,long_name,String,quality flag,ArgoFloats-synthetic-BGC
variable,temp_adjusted,,float,,ArgoFloats-synthetic-BGC
attribute,temp_adjusted,_ChunkSizes,uint,"7, 558",ArgoFloats-synthetic-BGC
attribute,temp_adjusted,_FillValue,float,99999.0,ArgoFloats-synthetic-BGC
attribute,temp_adjusted,actual_range,float,"-4.368, 99.9999",ArgoFloats-synthetic-BGC
attribute,temp_adjusted,C_format,String,%.3f,ArgoFloats-synthetic-BGC
attribute,temp_adjusted,FORTRAN_format,String,F.3,ArgoFloats-synthetic-BGC
attribute,temp_adjusted,long_name,String,Sea temperature in-situ ITS-90 scale,ArgoFloats-synthetic-BGC
attribute,temp_adjusted,resolution,float,0.001,ArgoFloats-synthetic-BGC
attribute,temp_adjusted,standard_name,String,sea_water_temperature,ArgoFloats-synthetic-BGC
attribute,temp_adjusted,units,String,degree_Celsius,ArgoFloats-synthetic-BGC
attribute,temp_adjusted,valid_max,float,40.0,ArgoFloats-synthetic-BGC
attribute,temp_adjusted,valid_min,float,-2.5,ArgoFloats-synthetic-BGC
variable,temp_adjusted_qc,,String,,ArgoFloats-synthetic-BGC
attribute,temp_adjusted_qc,_ChunkSizes,uint,"7, 558",ArgoFloats-synthetic-BGC
attribute,temp_adjusted_qc,conventions,String,Argo reference table 2,ArgoFloats-synthetic-BGC
attribute,temp_adjusted_qc,long_name,String,quality flag,ArgoFloats-synthetic-BGC
variable,temp_adjusted_error,,float,,ArgoFloats-synthetic-BGC
attribute,temp_adjusted_error,_ChunkSizes,uint,"7, 558",ArgoFloats-synthetic-BGC
attribute,temp_adjusted_error,_FillValue,float,99999.0,ArgoFloats-synthetic-BGC
attribute,temp_adjusted_error,actual_range,float,"0.002, 0.01",ArgoFloats-synthetic-BGC
attribute,temp_adjusted_error,C_format,String,%.3f,ArgoFloats-synthetic-BGC
attribute,temp_adjusted_error,FORTRAN_format,String,F.3,ArgoFloats-synthetic-BGC
attribute,temp_adjusted_error,long_name,String,Contains the error on the adjusted values as determined by the delayed mode QC process,ArgoFloats-synthetic-BGC
attribute,temp_adjusted_error,resolution,float,0.001,ArgoFloats-synthetic-BGC
attribute,temp_adjusted_error,units,String,degree_Celsius,ArgoFloats-synthetic-BGC
variable,turbidity,,float,,ArgoFloats-synthetic-BGC
attribute,turbidity,_FillValue,float,99999.0,ArgoFloats-synthetic-BGC
attribute,turbidity,actual_range,float,"-0.32, 406.0",ArgoFloats-synthetic-BGC
attribute,turbidity,cf_standard_name,String,sea_water_turbidity,ArgoFloats-synthetic-BGC
attribute,turbidity,long_name,String,Sea water turbidity,ArgoFloats-synthetic-BGC
attribute,turbidity,sdn_parameter_urn,String,SDN:P01::TURBXXXX,ArgoFloats-synthetic-BGC
attribute,turbidity,units,String,ntu,ArgoFloats-synthetic-BGC
attribute,turbidity,valid_max,float,,ArgoFloats-synthetic-BGC
attribute,turbidity,valid_min,float,,ArgoFloats-synthetic-BGC
variable,turbidity_qc,,String,,ArgoFloats-synthetic-BGC
variable,turbidity_adjusted,,float,,ArgoFloats-synthetic-BGC
variable,turbidity_adjusted_qc,,String,,ArgoFloats-synthetic-BGC
variable,turbidity_adjusted_error,,float,,ArgoFloats-synthetic-BGC
variable,up_radiance412,,float,,ArgoFloats-synthetic-BGC
attribute,up_radiance412,_FillValue,float,99999.0,ArgoFloats-synthetic-BGC
attribute,up_radiance412,actual_range,float,"-0.09925444, 0.04983798",ArgoFloats-synthetic-BGC
attribute,up_radiance412,cf_standard_name,String,upwelling_radiance_in_sea_water,ArgoFloats-synthetic-BGC
attribute,up_radiance412,long_name,String,Upwelling radiance at 412 nanometers,ArgoFloats-synthetic-BGC
attribute,up_radiance412,sdn_parameter_urn,String,SDN:P01::RXUU412L,ArgoFloats-synthetic-BGC
attribute,up_radiance412,units,String,W/m^2/nm/sr,ArgoFloats-synthetic-BGC
attribute,up_radiance412,valid_max,float,,ArgoFloats-synthetic-BGC
attribute,up_radiance412,valid_min,float,,ArgoFloats-synthetic-BGC
variable,up_radiance412_qc,,String,,ArgoFloats-synthetic-BGC
variable,up_radiance412_adjusted,,float,,ArgoFloats-synthetic-BGC
variable,up_radiance412_adjusted_qc,,String,,ArgoFloats-synthetic-BGC
variable,up_radiance412_adjusted_error,,float,,ArgoFloats-synthetic-BGC
variable,up_radiance443,,float,,ArgoFloats-synthetic-BGC
attribute,up_radiance443,_FillValue,float,99999.0,ArgoFloats-synthetic-BGC
attribute,up_radiance443,actual_range,float,"-0.09781187, 0.04152927",ArgoFloats-synthetic-BGC
attribute,up_radiance443,cf_standard_name,String,upwelling_radiance_in_sea_water,ArgoFloats-synthetic-BGC
attribute,up_radiance443,long_name,String,Upwelling radiance at 443 nanometers,ArgoFloats-synthetic-BGC
attribute,up_radiance443,sdn_parameter_urn,String,SDN:P01::RXUU443L,ArgoFloats-synthetic-BGC
attribute,up_radiance443,units,String,W/m^2/nm/sr,ArgoFloats-synthetic-BGC
attribute,up_radiance443,valid_max,float,,ArgoFloats-synthetic-BGC
attribute,up_radiance443,valid_min,float,,ArgoFloats-synthetic-BGC
variable,up_radiance443_qc,,String,,ArgoFloats-synthetic-BGC
variable,up_radiance443_adjusted,,float,,ArgoFloats-synthetic-BGC
variable,up_radiance443_adjusted_qc,,String,,ArgoFloats-synthetic-BGC
variable,up_radiance443_adjusted_error,,float,,ArgoFloats-synthetic-BGC
variable,up_radiance490,,float,,ArgoFloats-synthetic-BGC
attribute,up_radiance490,_FillValue,float,99999.0,ArgoFloats-synthetic-BGC
attribute,up_radiance490,actual_range,float,"-0.1053933, 0.02600059",ArgoFloats-synthetic-BGC
attribute,up_radiance490,cf_standard_name,String,upwelling_radiance_in_sea_water,ArgoFloats-synthetic-BGC
attribute,up_radiance490,long_name,String,Upwelling radiance at 490 nanometers,ArgoFloats-synthetic-BGC
attribute,up_radiance490,sdn_parameter_urn,String,SDN:P01::RXUU490L,ArgoFloats-synthetic-BGC
attribute,up_radiance490,units,String,W/m^2/nm/sr,ArgoFloats-synthetic-BGC
attribute,up_radiance490,valid_max,float,,ArgoFloats-synthetic-BGC
attribute,up_radiance490,valid_min,float,,ArgoFloats-synthetic-BGC
variable,up_radiance490_qc,,String,,ArgoFloats-synthetic-BGC
variable,up_radiance490_adjusted,,float,,ArgoFloats-synthetic-BGC
variable,up_radiance490_adjusted_qc,,String,,ArgoFloats-synthetic-BGC
variable,up_radiance490_adjusted_error,,float,,ArgoFloats-synthetic-BGC
variable,up_radiance555,,float,,ArgoFloats-synthetic-BGC
attribute,up_radiance555,_FillValue,float,99999.0,ArgoFloats-synthetic-BGC
attribute,up_radiance555,actual_range,float,"-0.06012661, 0.007257868",ArgoFloats-synthetic-BGC
attribute,up_radiance555,cf_standard_name,String,upwelling_radiance_in_sea_water,ArgoFloats-synthetic-BGC
attribute,up_radiance555,long_name,String,Upwelling radiance at 555 nanometers,ArgoFloats-synthetic-BGC
attribute,up_radiance555,sdn_parameter_urn,String,SDN:P01::RXUU555L,ArgoFloats-synthetic-BGC
attribute,up_radiance555,units,String,W/m^2/nm/sr,ArgoFloats-synthetic-BGC
attribute,up_radiance555,valid_max,float,,ArgoFloats-synthetic-BGC
attribute,up_radiance555,valid_min,float,,ArgoFloats-synthetic-BGC
variable,up_radiance555_qc,,String,,ArgoFloats-synthetic-BGC
variable,up_radiance555_adjusted,,float,,ArgoFloats-synthetic-BGC
variable,up_radiance555_adjusted_qc,,String,,ArgoFloats-synthetic-BGC
variable,up_radiance555_adjusted_error,,float,,ArgoFloats-synthetic-BGC
variable,latitude,,double,,ArgoFloats-synthetic-BGC
attribute,latitude,_CoordinateAxisType,String,Lat,ArgoFloats-synthetic-BGC
attribute,latitude,_FillValue,double,99999.0,ArgoFloats-synthetic-BGC
attribute,latitude,actual_range,double,"-99.999, 82.99017",ArgoFloats-synthetic-BGC
attribute,latitude,axis,String,Y,ArgoFloats-synthetic-BGC
attribute,latitude,colorBarMaximum,double,90.0,ArgoFloats-synthetic-BGC
attribute,latitude,colorBarMinimum,double,-90.0,ArgoFloats-synthetic-BGC
attribute,latitude,ioos_category,String,Location,ArgoFloats-synthetic-BGC
attribute,latitude,long_name,String,"Latitude of the station, best estimate",ArgoFloats-synthetic-BGC
attribute,latitude,standard_name,String,latitude,ArgoFloats-synthetic-BGC
attribute,latitude,units,String,degrees_north,ArgoFloats-synthetic-BGC
attribute,latitude,valid_max,double,90.0,ArgoFloats-synthetic-BGC
attribute,latitude,valid_min,double,-90.0,ArgoFloats-synthetic-BGC
variable,longitude,,double,,ArgoFloats-synthetic-BGC
attribute,longitude,_CoordinateAxisType,String,Lon,ArgoFloats-synthetic-BGC
attribute,longitude,_FillValue,double,99999.0,ArgoFloats-synthetic-BGC
attribute,longitude,actual_range,double,"-999.999, 181.706",ArgoFloats-synthetic-BGC
attribute,longitude,axis,String,X,ArgoFloats-synthetic-BGC
attribute,longitude,colorBarMaximum,double,180.0,ArgoFloats-synthetic-BGC
attribute,longitude,colorBarMinimum,double,-180.0,ArgoFloats-synthetic-BGC
attribute,longitude,ioos_category,String,Location,ArgoFloats-synthetic-BGC
attribute,longitude,long_name,String,"Longitude of the station, best estimate",ArgoFloats-synthetic-BGC
attribute,longitude,standard_name,String,longitude,ArgoFloats-synthetic-BGC
attribute,longitude,units,String,degrees_east,ArgoFloats-synthetic-BGC
attribute,longitude,valid_max,double,180.0,ArgoFloats-synthetic-BGC
attribute,longitude,valid_min,double,-180.0,ArgoFloats-synthetic-BGC
variable,position_qc,,char,,ArgoFloats-synthetic-BGC
attribute,position_qc,actual_range,char,"1, 9",ArgoFloats-synthetic-BGC
attribute,position_qc,colorBarMaximum,double,150.0,ArgoFloats-synthetic-BGC
attribute,position_qc,colorBarMinimum,double,0.0,ArgoFloats-synthetic-BGC
attribute,position_qc,conventions,String,Argo reference table 2,ArgoFloats-synthetic-BGC
attribute,position_qc,long_name,String,Quality on position (latitude and longitude),ArgoFloats-synthetic-BGC
variable,time,,double,,ArgoFloats-synthetic-BGC
attribute,time,_CoordinateAxisType,String,Time,ArgoFloats-synthetic-BGC
attribute,time,actual_range,double,"1.031526171996E9, 1.7590887E9",ArgoFloats-synthetic-BGC
attribute,time,axis,String,T,ArgoFloats-synthetic-BGC
attribute,time,conventions,String,Relative julian days with decimal part (as parts of day),ArgoFloats-synthetic-BGC
attribute,time,ioos_category,String,Time,ArgoFloats-synthetic-BGC
attribute,time,long_name,String,Julian day (UTC) of the station relative to REFERENCE_DATE_TIME,ArgoFloats-synthetic-BGC
attribute,time,source_name,String,JULD,ArgoFloats-synthetic-BGC
attribute,time,standard_name,String,time,ArgoFloats-synthetic-BGC
attribute,time,time_origin,String,01-JAN-1970 00:00:00,ArgoFloats-synthetic-BGC
attribute,time,units,String,seconds since 1970-01-01T00:00:00Z,ArgoFloats-synthetic-BGC
variable,time_qc,,char,,ArgoFloats-synthetic-BGC
attribute,time_qc,actual_range,char,"1, 9",ArgoFloats-synthetic-BGC
attribute,time_qc,colorBarMaximum,double,150.0,ArgoFloats-synthetic-BGC
attribute,time_qc,colorBarMinimum,double,0.0,ArgoFloats-synthetic-BGC
attribute,time_qc,conventions,String,Argo reference table 2,ArgoFloats-synthetic-BGC
attribute,time_qc,long_name,String,Quality on date and time,ArgoFloats-synthetic-BGC
variable,direction,,String,,ArgoFloats-synthetic-BGC
attribute,direction,_ChunkSizes,uint,7,ArgoFloats-synthetic-BGC
attribute,direction,colorBarMaximum,double,360.0,ArgoFloats-synthetic-BGC
attribute,direction,colorBarMinimum,double,0.0,ArgoFloats-synthetic-BGC
attribute,direction,conventions,String,"A: ascending profiles, D: descending profiles",ArgoFloats-synthetic-BGC
attribute,direction,ioos_category,String,Currents,ArgoFloats-synthetic-BGC
attribute,direction,long_name,String,Direction of the station profiles,ArgoFloats-synthetic-BGC
variable,platform_number,,String,,ArgoFloats-synthetic-BGC
attribute,platform_number,cf_role,String,trajectory_id,ArgoFloats-synthetic-BGC
attribute,platform_number,conventions,String,WMO float identifier : A9IIIII,ArgoFloats-synthetic-BGC
attribute,platform_number,ioos_category,String,Identifier,ArgoFloats-synthetic-BGC
attribute,platform_number,long_name,String,Float unique identifier,ArgoFloats-synthetic-BGC
variable,platform_type,,String,,ArgoFloats-synthetic-BGC
attribute,platform_type,_ChunkSizes,uint,"7, 32",ArgoFloats-synthetic-BGC
attribute,platform_type,conventions,String,Argo reference table 23,ArgoFloats-synthetic-BGC
attribute,platform_type,ioos_category,String,Unknown,ArgoFloats-synthetic-BGC
attribute,platform_type,long_name,String,Type of float,ArgoFloats-synthetic-BGC
variable,cycle_number,,int,,ArgoFloats-synthetic-BGC
attribute,cycle_number,_FillValue,int,99999,ArgoFloats-synthetic-BGC
attribute,cycle_number,actual_range,int,"0, 1086",ArgoFloats-synthetic-BGC
attribute,cycle_number,cf_role,String,profile_id,ArgoFloats-synthetic-BGC
attribute,cycle_number,colorBarMaximum,double,100.0,ArgoFloats-synthetic-BGC
attribute,cycle_number,colorBarMinimum,double,0.0,ArgoFloats-synthetic-BGC
attribute,cycle_number,conventions,String,"0...N, 0 : launch cycle (if exists), 1 : first complete cycle",ArgoFloats-synthetic-BGC
attribute,cycle_number,long_name,String,Float cycle number,ArgoFloats-synthetic-BGC
variable,config_mission_number,,int,,ArgoFloats-synthetic-BGC
attribute,config_mission_number,_ChunkSizes,uint,7,ArgoFloats-synthetic-BGC
attribute,config_mission_number,_FillValue,int,99999,ArgoFloats-synthetic-BGC
attribute,config_mission_number,actual_range,int,"-1, 999",ArgoFloats-synthetic-BGC
attribute,config_mission_number,colorBarMaximum,double,100.0,ArgoFloats-synthetic-BGC
attribute,config_mission_number,colorBarMinimum,double,0.0,ArgoFloats-synthetic-BGC
attribute,config_mission_number,conventions,String,"1...N, 1 : first complete mission",ArgoFloats-synthetic-BGC
attribute,config_mission_number,ioos_category,String,Statistics,ArgoFloats-synthetic-BGC
attribute,config_mission_number,long_name,String,Unique number denoting the missions performed by the float,ArgoFloats-synthetic-BGC
variable,data_centre,,String,,ArgoFloats-synthetic-BGC
attribute,data_centre,_ChunkSizes,uint,"7, 2",ArgoFloats-synthetic-BGC
attribute,data_centre,conventions,String,Argo reference table 4,ArgoFloats-synthetic-BGC
attribute,data_centre,ioos_category,String,Unknown,ArgoFloats-synthetic-BGC
attribute,data_centre,long_name,String,Data centre in charge of float data processing,ArgoFloats-synthetic-BGC
variable,profile_bbp470_qc,,String,,ArgoFloats-synthetic-BGC
attribute,profile_bbp470_qc,colorBarMaximum,double,150.0,ArgoFloats-synthetic-BGC
attribute,profile_bbp470_qc,colorBarMinimum,double,0.0,ArgoFloats-synthetic-BGC
attribute,profile_bbp470_qc,ioos_category,String,Quality,ArgoFloats-synthetic-BGC
variable,profile_bbp532_qc,,String,,ArgoFloats-synthetic-BGC
attribute,profile_bbp532_qc,colorBarMaximum,double,150.0,ArgoFloats-synthetic-BGC
attribute,profile_bbp532_qc,colorBarMinimum,double,0.0,ArgoFloats-synthetic-BGC
attribute,profile_bbp532_qc,ioos_category,String,Quality,ArgoFloats-synthetic-BGC
variable,profile_bbp700_2_qc,,String,,ArgoFloats-synthetic-BGC
attribute,profile_bbp700_2_qc,colorBarMaximum,double,150.0,ArgoFloats-synthetic-BGC
attribute,profile_bbp700_2_qc,colorBarMinimum,double,0.0,ArgoFloats-synthetic-BGC
attribute,profile_bbp700_2_qc,ioos_category,String,Quality,ArgoFloats-synthetic-BGC
variable,profile_bbp700_qc,,String,,ArgoFloats-synthetic-BGC
attribute,profile_bbp700_qc,_ChunkSizes,uint,7,ArgoFloats-synthetic-BGC
attribute,profile_bbp700_qc,colorBarMaximum,double,150.0,ArgoFloats-synthetic-BGC
attribute,profile_bbp700_qc,colorBarMinimum,double,0.0,ArgoFloats-synthetic-BGC
attribute,profile_bbp700_qc,conventions,String,Argo reference table 2a,ArgoFloats-synthetic-BGC
attribute,profile_bbp700_qc,ioos_category,String,Quality,ArgoFloats-synthetic-BGC
attribute,profile_bbp700_qc,long_name,String,Global quality flag of BBP700 profile,ArgoFloats-synthetic-BGC
variable,profile_bisulfide_qc,,String,,ArgoFloats-synthetic-BGC
attribute,profile_bisulfide_qc,colorBarMaximum,double,150.0,ArgoFloats-synthetic-BGC
attribute,profile_bisulfide_qc,colorBarMinimum,double,0.0,ArgoFloats-synthetic-BGC
attribute,profile_bisulfide_qc,ioos_category,String,Quality,ArgoFloats-synthetic-BGC
variable,profile_cdom_qc,,String,,ArgoFloats-synthetic-BGC
attribute,profile_cdom_qc,colorBarMaximum,double,150.0,ArgoFloats-synthetic-BGC
attribute,profile_cdom_qc,colorBarMinimum,double,0.0,ArgoFloats-synthetic-BGC
attribute,profile_cdom_qc,ioos_category,String,Quality,ArgoFloats-synthetic-BGC
variable,profile_chla_qc,,String,,ArgoFloats-synthetic-BGC
attribute,profile_chla_qc,_ChunkSizes,uint,7,ArgoFloats-synthetic-BGC
attribute,profile_chla_qc,colorBarMaximum,double,150.0,ArgoFloats-synthetic-BGC
attribute,profile_chla_qc,colorBarMinimum,double,0.0,ArgoFloats-synthetic-BGC
attribute,profile_chla_qc,conventions,String,Argo reference table 2a,ArgoFloats-synthetic-BGC
attribute,profile_chla_qc,ioos_category,String,Quality,ArgoFloats-synthetic-BGC
attribute,profile_chla_qc,long_name,String,Global quality flag of CHLA profile,ArgoFloats-synthetic-BGC
variable,profile_cndc_qc,,String,,ArgoFloats-synthetic-BGC
attribute,profile_cndc_qc,colorBarMaximum,double,150.0,ArgoFloats-synthetic-BGC
attribute,profile_cndc_qc,colorBarMinimum,double,0.0,ArgoFloats-synthetic-BGC
attribute,profile_cndc_qc,ioos_category,String,Quality,ArgoFloats-synthetic-BGC
variable,profile_cp660_qc,,String,,ArgoFloats-synthetic-BGC
attribute,profile_cp660_qc,colorBarMaximum,double,150.0,ArgoFloats-synthetic-BGC
attribute,profile_cp660_qc,colorBarMinimum,double,0.0,ArgoFloats-synthetic-BGC
attribute,profile_cp660_qc,ioos_category,String,Quality,ArgoFloats-synthetic-BGC
variable,profile_down_irradiance380_qc,,String,,ArgoFloats-synthetic-BGC
attribute,profile_down_irradiance380_qc,colorBarMaximum,double,150.0,ArgoFloats-synthetic-BGC
attribute,profile_down_irradiance380_qc,colorBarMinimum,double,0.0,ArgoFloats-synthetic-BGC
attribute,profile_down_irradiance380_qc,ioos_category,String,Quality,ArgoFloats-synthetic-BGC
variable,profile_down_irradiance412_qc,,String,,ArgoFloats-synthetic-BGC
attribute,profile_down_irradiance412_qc,colorBarMaximum,double,150.0,ArgoFloats-synthetic-BGC
attribute,profile_down_irradiance412_qc,colorBarMinimum,double,0.0,ArgoFloats-synthetic-BGC
attribute,profile_down_irradiance412_qc,ioos_category,String,Quality,ArgoFloats-synthetic-BGC
variable,profile_down_irradiance443_qc,,String,,ArgoFloats-synthetic-BGC
attribute,profile_down_irradiance443_qc,colorBarMaximum,double,150.0,ArgoFloats-synthetic-BGC
attribute,profile_down_irradiance443_qc,colorBarMinimum,double,0.0,ArgoFloats-synthetic-BGC
attribute,profile_down_irradiance443_qc,ioos_category,String,Quality,ArgoFloats-synthetic-BGC
variable,profile_down_irradiance490_qc,,String,,ArgoFloats-synthetic-BGC
attribute,profile_down_irradiance490_qc,colorBarMaximum,double,150.0,ArgoFloats-synthetic-BGC
attribute,profile_down_irradiance490_qc,colorBarMinimum,double,0.0,ArgoFloats-synthetic-BGC
attribute,profile_down_irradiance490_qc,ioos_category,String,Quality,ArgoFloats-synthetic-BGC
variable,profile_down_irradiance555_qc,,String,,ArgoFloats-synthetic-BGC
attribute,profile_down_irradiance555_qc,colorBarMaximum,double,150.0,ArgoFloats-synthetic-BGC
attribute,profile_down_irradiance555_qc,colorBarMinimum,double,0.0,ArgoFloats-synthetic-BGC
attribute,profile_down_irradiance555_qc,ioos_category,String,Quality,ArgoFloats-synthetic-BGC
variable,profile_down_irradiance665_qc,,String,,ArgoFloats-synthetic-BGC
attribute,profile_down_irradiance665_qc,colorBarMaximum,double,150.0,ArgoFloats-synthetic-BGC
attribute,profile_down_irradiance665_qc,colorBarMinimum,double,0.0,ArgoFloats-synthetic-BGC
attribute,profile_down_irradiance665_qc,ioos_category,String,Quality,ArgoFloats-synthetic-BGC
variable,profile_down_irradiance670_qc,,String,,ArgoFloats-synthetic-BGC
attribute,profile_down_irradiance670_qc,colorBarMaximum,double,150.0,ArgoFloats-synthetic-BGC
attribute,profile_down_irradiance670_qc,colorBarMinimum,double,0.0,ArgoFloats-synthetic-BGC
attribute,profile_down_irradiance670_qc,ioos_category,String,Quality,ArgoFloats-synthetic-BGC
variable,profile_downwelling_par_qc,,String,,ArgoFloats-synthetic-BGC
attribute,profile_downwelling_par_qc,colorBarMaximum,double,150.0,ArgoFloats-synthetic-BGC
attribute,profile_downwelling_par_qc,colorBarMinimum,double,0.0,ArgoFloats-synthetic-BGC
attribute,profile_downwelling_par_qc,ioos_category,String,Quality,ArgoFloats-synthetic-BGC
variable,profile_doxy_qc,,String,,ArgoFloats-synthetic-BGC
attribute,profile_doxy_qc,_ChunkSizes,uint,7,ArgoFloats-synthetic-BGC
attribute,profile_doxy_qc,colorBarMaximum,double,150.0,ArgoFloats-synthetic-BGC
attribute,profile_doxy_qc,colorBarMinimum,double,0.0,ArgoFloats-synthetic-BGC
attribute,profile_doxy_qc,conventions,String,Argo reference table 2a,ArgoFloats-synthetic-BGC
attribute,profile_doxy_qc,ioos_category,String,Quality,ArgoFloats-synthetic-BGC
attribute,profile_doxy_qc,long_name,String,Global quality flag of DOXY profile,ArgoFloats-synthetic-BGC
variable,profile_doxy2_qc,,String,,ArgoFloats-synthetic-BGC
attribute,profile_doxy2_qc,colorBarMaximum,double,150.0,ArgoFloats-synthetic-BGC
attribute,profile_doxy2_qc,colorBarMinimum,double,0.0,ArgoFloats-synthetic-BGC
attribute,profile_doxy2_qc,ioos_category,String,Quality,ArgoFloats-synthetic-BGC
variable,profile_doxy3_qc,,String,,ArgoFloats-synthetic-BGC
attribute,profile_doxy3_qc,colorBarMaximum,double,150.0,ArgoFloats-synthetic-BGC
attribute,profile_doxy3_qc,colorBarMinimum,double,0.0,ArgoFloats-synthetic-BGC
attribute,profile_doxy3_qc,ioos_category,String,Quality,ArgoFloats-synthetic-BGC
variable,profile_nitrate_qc,,String,,ArgoFloats-synthetic-BGC
attribute,profile_nitrate_qc,_ChunkSizes,uint,7,ArgoFloats-synthetic-BGC
attribute,profile_nitrate_qc,colorBarMaximum,double,150.0,ArgoFloats-synthetic-BGC
attribute,profile_nitrate_qc,colorBarMinimum,double,0.0,ArgoFloats-synthetic-BGC
attribute,profile_nitrate_qc,conventions,String,Argo reference table 2a,ArgoFloats-synthetic-BGC
attribute,profile_nitrate_qc,ioos_category,String,Quality,ArgoFloats-synthetic-BGC
attribute,profile_nitrate_qc,long_name,String,Global quality flag of NITRATE profile,ArgoFloats-synthetic-BGC
variable,profile_ph_in_situ_total_qc,,String,,ArgoFloats-synthetic-BGC
attribute,profile_ph_in_situ_total_qc,_ChunkSizes,uint,7,ArgoFloats-synthetic-BGC
attribute,profile_ph_in_situ_total_qc,colorBarMaximum,double,150.0,ArgoFloats-synthetic-BGC
attribute,profile_ph_in_situ_total_qc,colorBarMinimum,double,0.0,ArgoFloats-synthetic-BGC
attribute,profile_ph_in_situ_total_qc,conventions,String,Argo reference table 2a,ArgoFloats-synthetic-BGC
attribute,profile_ph_in_situ_total_qc,ioos_category,String,Quality,ArgoFloats-synthetic-BGC
attribute,profile_ph_in_situ_total_qc,long_name,String,Global quality flag of PH_IN_SITU_TOTAL profile,ArgoFloats-synthetic-BGC
variable,profile_pres_qc,,String,,ArgoFloats-synthetic-BGC
attribute,profile_pres_qc,_ChunkSizes,uint,7,ArgoFloats-synthetic-BGC
attribute,profile_pres_qc,colorBarMaximum,double,150.0,ArgoFloats-synthetic-BGC
attribute,profile_pres_qc,colorBarMinimum,double,0.0,ArgoFloats-synthetic-BGC
attribute,profile_pres_qc,conventions,String,Argo reference table 2a,ArgoFloats-synthetic-BGC
attribute,profile_pres_qc,ioos_category,String,Quality,ArgoFloats-synthetic-BGC
attribute,profile_pres_qc,long_name,String,Global quality flag of PRES profile,ArgoFloats-synthetic-BGC
variable,profile_psal_qc,,String,,ArgoFloats-synthetic-BGC
attribute,profile_psal_qc,_ChunkSizes,uint,7,ArgoFloats-synthetic-BGC
attribute,profile_psal_qc,colorBarMaximum,double,150.0,ArgoFloats-synthetic-BGC
attribute,profile_psal_qc,colorBarMinimum,double,0.0,ArgoFloats-synthetic-BGC
attribute,profile_psal_qc,conventions,String,Argo reference table 2a,ArgoFloats-synthetic-BGC
attribute,profile_psal_qc,ioos_category,String,Quality,ArgoFloats-synthetic-BGC
attribute,profile_psal_qc,long_name,String,Global quality flag of PSAL profile,ArgoFloats-synthetic-BGC
variable,profile_temp_qc,,String,,ArgoFloats-synthetic-BGC
attribute,profile_temp_qc,_ChunkSizes,uint,7,ArgoFloats-synthetic-BGC
attribute,profile_temp_qc,colorBarMaximum,double,150.0,ArgoFloats-synthetic-BGC
attribute,profile_temp_qc,colorBarMinimum,double,0.0,ArgoFloats-synthetic-BGC
attribute,profile_temp_qc,conventions,String,Argo reference table 2a,ArgoFloats-synthetic-BGC
attribute,profile_temp_qc,ioos_category,String,Quality,ArgoFloats-synthetic-BGC
attribute,profile_temp_qc,long_name,String,Global quality flag of TEMP profile,ArgoFloats-synthetic-BGC
variable,profile_turbidity_qc,,String,,ArgoFloats-synthetic-BGC
attribute,profile_turbidity_qc,colorBarMaximum,double,150.0,ArgoFloats-synthetic-BGC
attribute,profile_turbidity_qc,colorBarMinimum,double,0.0,ArgoFloats-synthetic-BGC
attribute,profile_turbidity_qc,ioos_category,String,Quality,ArgoFloats-synthetic-BGC
variable,profile_up_radiance412_qc,,String,,ArgoFloats-synthetic-BGC
attribute,profile_up_radiance412_qc,colorBarMaximum,double,150.0,ArgoFloats-synthetic-BGC
attribute,profile_up_radiance412_qc,colorBarMinimum,double,0.0,ArgoFloats-synthetic-BGC
attribute,profile_up_radiance412_qc,ioos_category,String,Quality,ArgoFloats-synthetic-BGC
variable,profile_up_radiance443_qc,,String,,ArgoFloats-synthetic-BGC
attribute,profile_up_radiance443_qc,colorBarMaximum,double,150.0,ArgoFloats-synthetic-BGC
attribute,profile_up_radiance443_qc,colorBarMinimum,double,0.0,ArgoFloats-synthetic-BGC
attribute,profile_up_radiance443_qc,ioos_category,String,Quality,ArgoFloats-synthetic-BGC
variable,profile_up_radiance490_qc,,String,,ArgoFloats-synthetic-BGC
attribute,profile_up_radiance490_qc,colorBarMaximum,double,150.0,ArgoFloats-synthetic-BGC
attribute,profile_up_radiance490_qc,colorBarMinimum,double,0.0,ArgoFloats-synthetic-BGC
attribute,profile_up_radiance490_qc,ioos_category,String,Quality,ArgoFloats-synthetic-BGC
variable,profile_up_radiance555_qc,,String,,ArgoFloats-synthetic-BGC
attribute,profile_up_radiance555_qc,colorBarMaximum,double,150.0,ArgoFloats-synthetic-BGC
attribute,profile_up_radiance555_qc,colorBarMinimum,double,0.0,ArgoFloats-synthetic-BGC
attribute,profile_up_radiance555_qc,ioos_category,String,Quality,ArgoFloats-synthetic-BGC
attribute,NC_GLOBAL,cdm_data_type,String,Other,ArgoFloats-synthetic-BGC
attribute,NC_GLOBAL,Conventions,String,"COARDS, CF-1.6, ACDD-1.3",ArgoFloats-synthetic-BGC
attribute,NC_GLOBAL,Easternmost_Easting,double,179.99948666666666,ArgoFloats-synthetic-BGC
attribute,NC_GLOBAL,geospatial_lat_max,double,82.79761333333333,ArgoFloats-synthetic-BGC
attribute,NC_GLOBAL,geospatial_lat_min,double,-77.44,ArgoFloats-synthetic-BGC
attribute,NC_GLOBAL,geospatial_lat_units,String,degrees_north,ArgoFloats-synthetic-BGC
attribute,NC_GLOBAL,geospatial_lon_max,double,179.99948666666666,ArgoFloats-synthetic-BGC
attribute,NC_GLOBAL,geospatial_lon_min,double,-180.0,ArgoFloats-synthetic-BGC
attribute,NC_GLOBAL,geospatial_lon_units,String,degrees_east,ArgoFloats-synthetic-BGC
attribute,NC_GLOBAL,history,String,"Mon Apr 29 14:02:51 2024: ncks -d n_levels,1501,2034 7402.nc 7402_3.nc",ArgoFloats-synthetic-BGC
attribute,NC_GLOBAL,infoUrl,String,http://www.argodatamgt.org/DMQC/Reference-data-base,ArgoFloats-synthetic-BGC
attribute,NC_GLOBAL,institution,String,Argo,ArgoFloats-synthetic-BGC
attribute,NC_GLOBAL,keywords,String,"cycle, cycle_number, data, latitude, levels, local, longitude, n_levels, n_prof, name, number, pi_name, platform, platform_number, pres, pressure, prof, psal, ptmp, source, temp, temperature, time",ArgoFloats-synthetic-BGC
attribute,NC_GLOBAL,license,String,"The data may be used and redistributed for free but is not intended\nfor legal use, since it may contain inaccuracies. Neither the data\nContributor, ERD, NOAA, nor the United States Government, nor any\nof their employees or contractors, makes any warranty, express or\nimplied, including warranties of merchantability and fitness for a\nparticular purpose, or assumes any legal liability for the accuracy,\ncompleteness, or usefulness, of this information.",ArgoFloats-synthetic-BGC
attribute,NC_GLOBAL,NCO,String,"netCDF Operators version 4.9.7 (Homepage = http://nco.sf.net, Code = https://github.com/nco/nco)",ArgoFloats-synthetic-BGC
attribute,NC_GLOBAL,Northernmost_Northing,double,82.79761333333333,ArgoFloats-synthetic-BGC
attribute,NC_GLOBAL,sourceUrl,String,(local files),ArgoFloats-synthetic-BGC
attribute,NC_GLOBAL,Southernmost_Northing,double,-77.44,ArgoFloats-synthetic-BGC
attribute,NC_GLOBAL,standard_name_vocabulary,String,CF Standard Name Table v70,ArgoFloats-synthetic-BGC
attribute,NC_GLOBAL,summary,String,Argo float vertical profiles to be used in DMQC. The free-moving nature of profiling floats means that most float measurements are without accompanying in-situ ground truth values for absolute calibration (such as those afforded by shipboard CTD measurements). Therefore Argo delayed-mode procedures for checking sensor drifts and offsets in salinity rely on reference datasets and statistical methods. Dataset assembled by John Gilson (SCRIPPS),ArgoFloats-synthetic-BGC
attribute,NC_GLOBAL,time_coverage_end,String,2022-09-20T03:36:32Z,ArgoFloats-synthetic-BGC
attribute,NC_GLOBAL,time_coverage_start,String,1998-08-05T07:52:42Z,ArgoFloats-synthetic-BGC
attribute,NC_GLOBAL,title,String,Argo Reference Measurements,ArgoFloats-synthetic-BGC
attribute,NC_GLOBAL,version,String,2023V3,ArgoFloats-synthetic-BGC
attribute,NC_GLOBAL,Westernmost_Easting,double,-180.0,ArgoFloats-synthetic-BGC
variable,latitude,,double,,ArgoFloats-synthetic-BGC
attribute,latitude,_ChunkSizes,uint,1227,ArgoFloats-synthetic-BGC
attribute,latitude,_CoordinateAxisType,String,Lat,ArgoFloats-synthetic-BGC
attribute,latitude,_FillValue,double,,ArgoFloats-synthetic-BGC
attribute,latitude,actual_range,double,"-77.44, 82.79761333333333",ArgoFloats-synthetic-BGC
attribute,latitude,axis,String,Y,ArgoFloats-synthetic-BGC
attribute,latitude,colorBarMaximum,double,90.0,ArgoFloats-synthetic-BGC
attribute,latitude,colorBarMinimum,double,-90.0,ArgoFloats-synthetic-BGC
attribute,latitude,ioos_category,String,Location,ArgoFloats-synthetic-BGC
attribute,latitude,long_name,String,Latitude,ArgoFloats-synthetic-BGC
attribute,latitude,standard_name,String,latitude,ArgoFloats-synthetic-BGC
attribute,latitude,units,String,degrees_north,ArgoFloats-synthetic-BGC
variable,longitude,,double,,ArgoFloats-synthetic-BGC
attribute,longitude,_ChunkSizes,uint,1227,ArgoFloats-synthetic-BGC
attribute,longitude,_CoordinateAxisType,String,Lon,ArgoFloats-synthetic-BGC
attribute,longitude,_FillValue,double,,ArgoFloats-synthetic-BGC
attribute,longitude,actual_range,double,"-180.0, 179.99948666666666",ArgoFloats-synthetic-BGC
attribute,longitude,axis,String,X,ArgoFloats-synthetic-BGC
attribute,longitude,colorBarMaximum,double,180.0,ArgoFloats-synthetic-BGC
attribute,longitude,colorBarMinimum,double,-180.0,ArgoFloats-synthetic-BGC
attribute,longitude,ioos_category,String,Location,ArgoFloats-synthetic-BGC
attribute,longitude,long_name,String,Longitude,ArgoFloats-synthetic-BGC
attribute,longitude,standard_name,String,longitude,ArgoFloats-synthetic-BGC
attribute,longitude,units,String,degrees_east,ArgoFloats-synthetic-BGC
variable,platform_number,,String,,ArgoFloats-synthetic-BGC
attribute,platform_number,_ChunkSizes,uint,1227,ArgoFloats-synthetic-BGC
attribute,platform_number,ioos_category,String,Unknown,ArgoFloats-synthetic-BGC
attribute,platform_number,long_name,String,Platform number,ArgoFloats-synthetic-BGC
variable,cycle_number,,int,,ArgoFloats-synthetic-BGC
attribute,cycle_number,_ChunkSizes,uint,1227,ArgoFloats-synthetic-BGC
attribute,cycle_number,actual_range,int,"0, 665",ArgoFloats-synthetic-BGC
attribute,cycle_number,ioos_category,String,Unknown,ArgoFloats-synthetic-BGC
attribute,cycle_number,long_name,String,Cycle number,ArgoFloats-synthetic-BGC
variable,pi_name,,String,,ArgoFloats-synthetic-BGC
attribute,pi_name,_ChunkSizes,uint,1227,ArgoFloats-synthetic-BGC
attribute,pi_name,ioos_category,String,Identifier,ArgoFloats-synthetic-BGC
attribute,pi_name,long_name,String,pi name,ArgoFloats-synthetic-BGC
variable,time,,double,,ArgoFloats-synthetic-BGC
attribute,time,_ChunkSizes,uint,1227,ArgoFloats-synthetic-BGC
attribute,time,_CoordinateAxisType,String,Time,ArgoFloats-synthetic-BGC
attribute,time,actual_range,double,"9.02303562E8, 1.663644992E9",ArgoFloats-synthetic-BGC
attribute,time,axis,String,T,ArgoFloats-synthetic-BGC
attribute,time,ioos_category,String,Time,ArgoFloats-synthetic-BGC
attribute,time,long_name,String,Time,ArgoFloats-synthetic-BGC
attribute,time,standard_name,String,time,ArgoFloats-synthetic-BGC
attribute,time,time_origin,String,01-JAN-1970 00:00:00,ArgoFloats-synthetic-BGC
attribute,time,units,String,seconds since 1970-01-01T00:00:00Z,ArgoFloats-synthetic-BGC
variable,pres,,double,,ArgoFloats-synthetic-BGC
attribute,pres,_ChunkSizes,uint,"64, 154",ArgoFloats-synthetic-BGC
attribute,pres,_FillValue,double,,ArgoFloats-synthetic-BGC
attribute,pres,actual_range,double,"-5.300000190734863, 4011.60009765625",ArgoFloats-synthetic-BGC
attribute,pres,ioos_category,String,Pressure,ArgoFloats-synthetic-BGC
attribute,pres,long_name,String,Pressure,ArgoFloats-synthetic-BGC
attribute,pres,missing_value,double,,ArgoFloats-synthetic-BGC
variable,temp,,double,,ArgoFloats-synthetic-BGC
attribute,temp,_ChunkSizes,uint,"64, 154",ArgoFloats-synthetic-BGC
attribute,temp,_FillValue,double,,ArgoFloats-synthetic-BGC
attribute,temp,actual_range,double,"-2.0, 33.38999938964844",ArgoFloats-synthetic-BGC
attribute,temp,ioos_category,String,Temperature,ArgoFloats-synthetic-BGC
attribute,temp,long_name,String,Temperature,ArgoFloats-synthetic-BGC
attribute,temp,missing_value,double,,ArgoFloats-synthetic-BGC
variable,ptmp,,double,,ArgoFloats-synthetic-BGC
attribute,ptmp,_ChunkSizes,uint,"64, 154",ArgoFloats-synthetic-BGC
attribute,ptmp,_FillValue,double,,ArgoFloats-synthetic-BGC
attribute,ptmp,actual_range,double,"-2.000404051401031, 33.38918683999088",ArgoFloats-synthetic-BGC
attribute,ptmp,ioos_category,String,Unknown,ArgoFloats-synthetic-BGC
attribute,ptmp,long_name,String,ptmp,ArgoFloats-synthetic-BGC
attribute,ptmp,missing_value,double,,ArgoFloats-synthetic-BGC
variable,psal,,double,,ArgoFloats-synthetic-BGC
attribute,psal,_ChunkSizes,uint,"64, 154",ArgoFloats-synthetic-BGC
attribute,psal,_FillValue,double,,ArgoFloats-synthetic-BGC
attribute,psal,actual_range,double,"16.551000595092773, 39.957000732421875",ArgoFloats-synthetic-BGC
attribute,psal,ioos_category,String,Salinity,ArgoFloats-synthetic-BGC
attribute,psal,long_name,String,psal,ArgoFloats-synthetic-BGC
attribute,psal,missing_value,double,,ArgoFloats-synthetic-BGC
variable,n_levels,,long,,ArgoFloats-synthetic-BGC
attribute,n_levels,_FillValue,long,9223372036854775807,ArgoFloats-synthetic-BGC
attribute,n_levels,actual_range,long,"0, 2034",ArgoFloats-synthetic-BGC
attribute,n_levels,ioos_category,String,Unknown,ArgoFloats-synthetic-BGC
attribute,n_levels,long_name,String,n levels,ArgoFloats-synthetic-BGC
variable,n_prof,,String,,ArgoFloats-synthetic-BGC
attribute,n_prof,ioos_category,String,Unknown,ArgoFloats-synthetic-BGC
attribute,n_prof,long_name,String,n prof,ArgoFloats-synthetic-BGC
attribute,NC_GLOBAL,cdm_data_type,String,Other,ArgoFloats-synthetic-BGC
attribute,NC_GLOBAL,Conventions,String,"COARDS, CF-1.6, ACDD-1.3",ArgoFloats-synthetic-BGC
attribute,NC_GLOBAL,creator_name,String,Argo,ArgoFloats-synthetic-BGC
attribute,NC_GLOBAL,Easternmost_Easting,double,346.813,ArgoFloats-synthetic-BGC
attribute,NC_GLOBAL,geospatial_lat_max,double,89.971,ArgoFloats-synthetic-BGC
attribute,NC_GLOBAL,geospatial_lat_min,double,-99.999,ArgoFloats-synthetic-BGC
attribute,NC_GLOBAL,geospatial_lat_units,String,degrees_north,ArgoFloats-synthetic-BGC
attribute,NC_GLOBAL,geospatial_lon_max,double,346.813,ArgoFloats-synthetic-BGC
attribute,NC_GLOBAL,geospatial_lon_min,double,-999.999,ArgoFloats-synthetic-BGC
attribute,NC_GLOBAL,geospatial_lon_units,String,degrees_east,ArgoFloats-synthetic-BGC
attribute,NC_GLOBAL,infoUrl,String,http://www.argodatamgt.org/DMQC/Reference-data-base,ArgoFloats-synthetic-BGC
attribute,NC_GLOBAL,institution,String,Argo,ArgoFloats-synthetic-BGC
attribute,NC_GLOBAL,keywords,String,"argo, array, data, date, date_update, file, geostrophic, index, institution, latitude, longitude, ocean, oceanography, profiler, profiler_type, real, real time, real-time, realtime, time, type, update",ArgoFloats-synthetic-BGC
attribute,NC_GLOBAL,license,String,"The data may be used and redistributed for free but is not intended\nfor legal use, since it may contain inaccuracies. Neither the data\nContributor, ERD, NOAA, nor the United States Government, nor any\nof their employees or contractors, makes any warranty, express or\nimplied, including warranties of merchantability and fitness for a\nparticular purpose, or assumes any legal liability for the accuracy,\ncompleteness, or usefulness, of this information.",ArgoFloats-synthetic-BGC
attribute,NC_GLOBAL,Northernmost_Northing,double,89.971,ArgoFloats-synthetic-BGC
attribute,NC_GLOBAL,sourceUrl,String,ftp://ftp.ifremer.fr/ifremer/argo/ar_index_global_prof.txt,ArgoFloats-synthetic-BGC
attribute,NC_GLOBAL,Southernmost_Northing,double,-99.999,ArgoFloats-synthetic-BGC
attribute,NC_GLOBAL,standard_name_vocabulary,String,CF Standard Name Table v55,ArgoFloats-synthetic-BGC
attribute,NC_GLOBAL,subsetVariables,String,"ocean, profiler_type, institution",ArgoFloats-synthetic-BGC
attribute,NC_GLOBAL,summary,String,Argo detailed index. Gathers data available at ftp://ftp.ifremer.fr/ifremer/argo/ar_index_global_prof.txt,ArgoFloats-synthetic-BGC
attribute,NC_GLOBAL,title,String,ArgoFloats index,ArgoFloats-synthetic-BGC
attribute,NC_GLOBAL,Westernmost_Easting,double,-999.999,ArgoFloats-synthetic-BGC
variable,file,,String,,ArgoFloats-synthetic-BGC
attribute,file,long_name,String,File,ArgoFloats-synthetic-BGC
variable,date,,double,,ArgoFloats-synthetic-BGC
attribute,date,actual_range,double,"8.7012158E8, 1.759119265E9",ArgoFloats-synthetic-BGC
attribute,date,ioos_category,String,Time,ArgoFloats-synthetic-BGC
attribute,date,long_name,String,Date,ArgoFloats-synthetic-BGC
attribute,date,time_origin,String,01-JAN-1970 00:00:00,ArgoFloats-synthetic-BGC
attribute,date,units,String,seconds since 1970-01-01T00:00:00Z,ArgoFloats-synthetic-BGC
variable,latitude,,float,,ArgoFloats-synthetic-BGC
attribute,latitude,_CoordinateAxisType,String,Lat,ArgoFloats-synthetic-BGC
attribute,latitude,actual_range,float,"-99.999, 89.971",ArgoFloats-synthetic-BGC
attribute,latitude,axis,String,Y,ArgoFloats-synthetic-BGC
attribute,latitude,colorBarMaximum,double,90.0,ArgoFloats-synthetic-BGC
attribute,latitude,colorBarMinimum,double,-90.0,ArgoFloats-synthetic-BGC
attribute,latitude,ioos_category,String,Location,ArgoFloats-synthetic-BGC
attribute,latitude,long_name,String,Latitude,ArgoFloats-synthetic-BGC
attribute,latitude,standard_name,String,latitude,ArgoFloats-synthetic-BGC
attribute,latitude,units,String,degrees_north,ArgoFloats-synthetic-BGC
variable,longitude,,float,,ArgoFloats-synthetic-BGC
attribute,longitude,_CoordinateAxisType,String,Lon,ArgoFloats-synthetic-BGC
attribute,longitude,actual_range,float,"-999.999, 346.813",ArgoFloats-synthetic-BGC
attribute,longitude,axis,String,X,ArgoFloats-synthetic-BGC
attribute,longitude,colorBarMaximum,double,180.0,ArgoFloats-synthetic-BGC
attribute,longitude,colorBarMinimum,double,-180.0,ArgoFloats-synthetic-BGC
attribute,longitude,ioos_category,String,Location,ArgoFloats-synthetic-BGC
attribute,longitude,long_name,String,Longitude,ArgoFloats-synthetic-BGC
attribute,longitude,standard_name,String,longitude,ArgoFloats-synthetic-BGC
attribute,longitude,units,String,degrees_east,ArgoFloats-synthetic-BGC
variable,ocean,,String,,ArgoFloats-synthetic-BGC
attribute,ocean,long_name,String,Ocean,ArgoFloats-synthetic-BGC
variable,profiler_type,,short,,ArgoFloats-synthetic-BGC
attribute,profiler_type,actual_range,short,"831, 886",ArgoFloats-synthetic-BGC
attribute,profiler_type,long_name,String,Profiler Type,ArgoFloats-synthetic-BGC
variable,institution,,String,,ArgoFloats-synthetic-BGC
attribute,institution,long_name,String,Institution,ArgoFloats-synthetic-BGC
variable,date_update,,double,,ArgoFloats-synthetic-BGC
attribute,date_update,actual_range,double,"1.143156516E9, 1.759126933E9",ArgoFloats-synthetic-BGC
attribute,date_update,ioos_category,String,Time,ArgoFloats-synthetic-BGC
attribute,date_update,long_name,String,Date of update,ArgoFloats-synthetic-BGC
attribute,date_update,standard_name,String,date_update,ArgoFloats-synthetic-BGC
attribute,date_update,time_origin,String,01-JAN-1970 00:00:00,ArgoFloats-synthetic-BGC
attribute,date_update,units,String,seconds since 1970-01-01T00:00:00Z,ArgoFloats-synthetic-BGC
