DatasetID,Variable Name,Data Type,Value
BB_505_ADCP,CurrVel_QC,['byte'],[nan]
BB_505_ADCP,ECHO_QC,['byte'],[nan]
BB_505_ADCP,ECI_B1,['float'],[nan]
BB_505_ADCP,ECI_B2,['float'],[nan]
BB_505_ADCP,ECI_B3,['float'],[nan]
BB_505_ADCP,ECI_B4,['float'],[nan]
BB_505_ADCP,TEMP,['float'],[nan]
BB_505_ADCP,TEMP_QC,['byte'],[nan]
BB_505_ADCP,UVEL_ADCP,['float'],[nan]
BB_505_ADCP,VVEL_ADCP,['float'],[nan]
BB_505_ADCP,WVEL_ADCP,['float'],[nan]
BB_505_ADCP,depth,['float'],[nan]
BB_505_ADCP,latitude,['float'],[nan]
BB_505_ADCP,longitude,['float'],[nan]
BB_505_ADCP,station_id,['String'],[nan]
BB_505_ADCP,time,['double'],[nan]
BB_567_SBE56,TEMP,['float'],[nan]
BB_567_SBE56,TEMP_QC,['byte'],[nan]
BB_567_SBE56,depth,['float'],[nan]
BB_567_SBE56,latitude,['float'],[nan]
BB_567_SBE56,longitude,['float'],[nan]
BB_567_SBE56,station_id,['String'],[nan]
BB_567_SBE56,time,['double'],[nan]
BB_584_SBE56,TEMP,['double'],[nan]
BB_584_SBE56,TEMP_QC,['byte'],[nan]
BB_584_SBE56,depth,['double'],[nan]
BB_584_SBE56,latitude,['double'],[nan]
BB_584_SBE56,longitude,['double'],[nan]
BB_584_SBE56,station_id,['String'],[nan]
BB_584_SBE56,time,['double'],[nan]
BB_591_SBE56,TEMP,['double'],[nan]
BB_591_SBE56,TEMP_QC,['byte'],[nan]
BB_591_SBE56,depth,['double'],[nan]
BB_591_SBE56,latitude,['double'],[nan]
BB_591_SBE56,longitude,['double'],[nan]
BB_591_SBE56,station_id,['String'],[nan]
BB_591_SBE56,time,['double'],[nan]
BB_595_CTD,AHGT,['float'],[nan]
BB_595_CTD,DOXY,['float'],[nan]
BB_595_CTD,DOXY_QC,['byte'],[nan]
BB_595_CTD,PSAL,['float'],[nan]
BB_595_CTD,PSAL_QC,['byte'],[nan]
BB_595_CTD,PTEMP_QC,['byte'],[nan]
BB_595_CTD,SIGT,['float'],[nan]
BB_595_CTD,SIGT_QC,['byte'],[nan]
BB_595_CTD,TEMP,['float'],[nan]
BB_595_CTD,TEMP_QC,['byte'],[nan]
BB_595_CTD,TSED,['float'],[nan]
BB_595_CTD,TURB_QC,['byte'],[nan]
BB_595_CTD,Temperature,['float'],[nan]
BB_595_CTD,depth,['float'],[nan]
BB_595_CTD,latitude,['float'],[nan]
BB_595_CTD,longitude,['float'],[nan]
BB_595_CTD,sea_water_pressure_QC,['byte'],[nan]
BB_595_CTD,station_id,['String'],[nan]
BB_595_CTD,time,['double'],[nan]
CAC_WW_d01_20220414_to_20220426_v002,CNDC,['double'],[nan]
CAC_WW_d01_20220414_to_20220426_v002,CNDC_QC,['double'],[nan]
CAC_WW_d01_20220414_to_20220426_v002,DENS_AN,['double'],[nan]
CAC_WW_d01_20220414_to_20220426_v002,DEPH_QC,['double'],[nan]
CAC_WW_d01_20220414_to_20220426_v002,DOXY,['double'],[nan]
CAC_WW_d01_20220414_to_20220426_v002,DOXY_QC,['double'],[nan]
CAC_WW_d01_20220414_to_20220426_v002,FLU2,['double'],[nan]
CAC_WW_d01_20220414_to_20220426_v002,FLU2_QC,['double'],[nan]
CAC_WW_d01_20220414_to_20220426_v002,OSAT,['double'],[nan]
CAC_WW_d01_20220414_to_20220426_v002,OSAT_QC,['double'],[nan]
CAC_WW_d01_20220414_to_20220426_v002,POSITION_QC,['float'],[nan]
CAC_WW_d01_20220414_to_20220426_v002,PRES,['double'],[nan]
CAC_WW_d01_20220414_to_20220426_v002,PRES_QC,['double'],[nan]
CAC_WW_d01_20220414_to_20220426_v002,PRST,['double'],[nan]
CAC_WW_d01_20220414_to_20220426_v002,PRST_QC,['double'],[nan]
CAC_WW_d01_20220414_to_20220426_v002,PSAL,['double'],[nan]
CAC_WW_d01_20220414_to_20220426_v002,PSAL_QC,['double'],[nan]
CAC_WW_d01_20220414_to_20220426_v002,SPEC_CNDC,['double'],[nan]
CAC_WW_d01_20220414_to_20220426_v002,SVEL,['double'],[nan]
CAC_WW_d01_20220414_to_20220426_v002,TEMP,['double'],[nan]
CAC_WW_d01_20220414_to_20220426_v002,TEMP_DOXY,['double'],[nan]
CAC_WW_d01_20220414_to_20220426_v002,TEMP_DOXY_QC,['double'],[nan]
CAC_WW_d01_20220414_to_20220426_v002,TEMP_QC,['double'],[nan]
CAC_WW_d01_20220414_to_20220426_v002,TUR4,['double'],[nan]
CAC_WW_d01_20220414_to_20220426_v002,TUR4_QC,['double'],[nan]
CAC_WW_d01_20220414_to_20220426_v002,depth,['double'],[nan]
CAC_WW_d01_20220414_to_20220426_v002,latitude,['float'],[nan]
CAC_WW_d01_20220414_to_20220426_v002,longitude,['float'],[nan]
CAC_WW_d01_20220414_to_20220426_v002,time,['double'],[nan]
Canary_Islands_OS_ESTOC_201510_D_CTD-FixO3-100m,CNDC,['float'],"['time, depth']"
Canary_Islands_OS_ESTOC_201510_D_CTD-FixO3-100m,CNDC_QC,['byte'],"['time, depth']"
Canary_Islands_OS_ESTOC_201510_D_CTD-FixO3-100m,DEPTH_SENSOR,['float'],"['time, depth']"
Canary_Islands_OS_ESTOC_201510_D_CTD-FixO3-100m,DEPTH_SENSOR_QC,['byte'],"['time, depth']"
Canary_Islands_OS_ESTOC_201510_D_CTD-FixO3-100m,PSAL,['float'],"['time, depth']"
Canary_Islands_OS_ESTOC_201510_D_CTD-FixO3-100m,PSAL_QC,['byte'],"['time, depth']"
Canary_Islands_OS_ESTOC_201510_D_CTD-FixO3-100m,TEMP,['float'],"['time, depth']"
Canary_Islands_OS_ESTOC_201510_D_CTD-FixO3-100m,TEMP_QC,['byte'],"['time, depth']"
E1M3A_20070528_20080226,ATMS,['float'],[nan]
E1M3A_20070528_20080226,ATMS_QC,['byte'],[nan]
E1M3A_20070528_20080226,DEPTH_QC,['byte'],[nan]
E1M3A_20070528_20080226,DOX1,['float'],[nan]
E1M3A_20070528_20080226,DOX1_QC,['byte'],[nan]
E1M3A_20070528_20080226,DRYT,['float'],[nan]
E1M3A_20070528_20080226,DRYT_QC,['byte'],[nan]
E1M3A_20070528_20080226,FLU2,['float'],[nan]
E1M3A_20070528_20080226,FLU2_QC,['byte'],[nan]
E1M3A_20070528_20080226,GPS_POSITION_QC,['byte'],[nan]
E1M3A_20070528_20080226,GSPD,['float'],[nan]
E1M3A_20070528_20080226,GSPD_QC,['byte'],[nan]
E1M3A_20070528_20080226,HCDT,['float'],[nan]
E1M3A_20070528_20080226,HCDT_QC,['byte'],[nan]
E1M3A_20070528_20080226,HCSP,['float'],[nan]
E1M3A_20070528_20080226,HCSP_QC,['byte'],[nan]
E1M3A_20070528_20080226,POSITION_QC,['byte'],[nan]
E1M3A_20070528_20080226,PRES,['float'],[nan]
E1M3A_20070528_20080226,PRES_QC,['byte'],[nan]
E1M3A_20070528_20080226,PSAL,['float'],[nan]
E1M3A_20070528_20080226,PSAL_QC,['byte'],[nan]
E1M3A_20070528_20080226,TEMP,['float'],[nan]
E1M3A_20070528_20080226,TEMP_QC,['byte'],[nan]
E1M3A_20070528_20080226,TIME_QC,['byte'],[nan]
E1M3A_20070528_20080226,TUR4,['float'],[nan]
E1M3A_20070528_20080226,TUR4_QC,['byte'],[nan]
E1M3A_20070528_20080226,VHM0,['float'],[nan]
E1M3A_20070528_20080226,VHM0_QC,['byte'],[nan]
E1M3A_20070528_20080226,VMDR,['float'],[nan]
E1M3A_20070528_20080226,VMDR_QC,['byte'],[nan]
E1M3A_20070528_20080226,VTM02,['float'],[nan]
E1M3A_20070528_20080226,VTM02_QC,['byte'],[nan]
E1M3A_20070528_20080226,VTPK,['float'],[nan]
E1M3A_20070528_20080226,VTPK_QC,['byte'],[nan]
E1M3A_20070528_20080226,VZMX,['float'],[nan]
E1M3A_20070528_20080226,VZMX_QC,['byte'],[nan]
E1M3A_20070528_20080226,WDIR,['float'],[nan]
E1M3A_20070528_20080226,WDIR_QC,['byte'],[nan]
E1M3A_20070528_20080226,WSPD,['float'],[nan]
E1M3A_20070528_20080226,WSPD_QC,['byte'],[nan]
E1M3A_20070528_20080226,depth,['float'],[nan]
E1M3A_20070528_20080226,latitude,['float'],[nan]
E1M3A_20070528_20080226,longitude,['float'],[nan]
E1M3A_20070528_20080226,preciseLat,['float'],[nan]
E1M3A_20070528_20080226,preciseLon,['float'],[nan]
E1M3A_20070528_20080226,station_name,['char'],[nan]
E1M3A_20070528_20080226,time,['double'],[nan]
E1M3A_20080227_20090725,ATMS,['float'],[nan]
E1M3A_20080227_20090725,ATMS_QC,['byte'],[nan]
E1M3A_20080227_20090725,DEPTH_QC,['byte'],[nan]
E1M3A_20080227_20090725,DOX1,['float'],[nan]
E1M3A_20080227_20090725,DOX1_QC,['byte'],[nan]
E1M3A_20080227_20090725,DRYT,['float'],[nan]
E1M3A_20080227_20090725,DRYT_QC,['byte'],[nan]
E1M3A_20080227_20090725,FLU2,['float'],[nan]
E1M3A_20080227_20090725,FLU2_QC,['byte'],[nan]
E1M3A_20080227_20090725,GPS_POSITION_QC,['byte'],[nan]
E1M3A_20080227_20090725,GSPD,['float'],[nan]
E1M3A_20080227_20090725,GSPD_QC,['byte'],[nan]
E1M3A_20080227_20090725,HCDT,['float'],[nan]
E1M3A_20080227_20090725,HCDT_QC,['byte'],[nan]
E1M3A_20080227_20090725,HCSP,['float'],[nan]
E1M3A_20080227_20090725,HCSP_QC,['byte'],[nan]
E1M3A_20080227_20090725,POSITION_QC,['byte'],[nan]
E1M3A_20080227_20090725,PRES,['float'],[nan]
E1M3A_20080227_20090725,PRES_QC,['byte'],[nan]
E1M3A_20080227_20090725,PSAL,['float'],[nan]
E1M3A_20080227_20090725,PSAL_QC,['byte'],[nan]
E1M3A_20080227_20090725,TEMP,['float'],[nan]
E1M3A_20080227_20090725,TEMP_QC,['byte'],[nan]
E1M3A_20080227_20090725,TIME_QC,['byte'],[nan]
E1M3A_20080227_20090725,TUR4,['float'],[nan]
E1M3A_20080227_20090725,TUR4_QC,['byte'],[nan]
E1M3A_20080227_20090725,VHM0,['float'],[nan]
E1M3A_20080227_20090725,VHM0_QC,['byte'],[nan]
E1M3A_20080227_20090725,VMDR,['float'],[nan]
E1M3A_20080227_20090725,VMDR_QC,['byte'],[nan]
E1M3A_20080227_20090725,VTM02,['float'],[nan]
E1M3A_20080227_20090725,VTM02_QC,['byte'],[nan]
E1M3A_20080227_20090725,VTPK,['float'],[nan]
E1M3A_20080227_20090725,VTPK_QC,['byte'],[nan]
E1M3A_20080227_20090725,VZMX,['float'],[nan]
E1M3A_20080227_20090725,VZMX_QC,['byte'],[nan]
E1M3A_20080227_20090725,WDIR,['float'],[nan]
E1M3A_20080227_20090725,WDIR_QC,['byte'],[nan]
E1M3A_20080227_20090725,WSPD,['float'],[nan]
E1M3A_20080227_20090725,WSPD_QC,['byte'],[nan]
E1M3A_20080227_20090725,depth,['float'],[nan]
E1M3A_20080227_20090725,latitude,['float'],[nan]
E1M3A_20080227_20090725,longitude,['float'],[nan]
E1M3A_20080227_20090725,preciseLat,['float'],[nan]
E1M3A_20080227_20090725,preciseLon,['float'],[nan]
E1M3A_20080227_20090725,station_name,['char'],[nan]
E1M3A_20080227_20090725,time,['double'],[nan]
E1M3A_20090726_20100707,ATMS,['float'],[nan]
E1M3A_20090726_20100707,ATMS_QC,['byte'],[nan]
E1M3A_20090726_20100707,DEPTH_QC,['byte'],[nan]
E1M3A_20090726_20100707,DOX1,['float'],[nan]
E1M3A_20090726_20100707,DOX1_QC,['byte'],[nan]
E1M3A_20090726_20100707,DRYT,['float'],[nan]
E1M3A_20090726_20100707,DRYT_QC,['byte'],[nan]
E1M3A_20090726_20100707,FLU2,['float'],[nan]
E1M3A_20090726_20100707,FLU2_QC,['byte'],[nan]
E1M3A_20090726_20100707,GPS_POSITION_QC,['byte'],[nan]
E1M3A_20090726_20100707,GSPD,['float'],[nan]
E1M3A_20090726_20100707,GSPD_QC,['byte'],[nan]
E1M3A_20090726_20100707,HCDT,['float'],[nan]
E1M3A_20090726_20100707,HCDT_QC,['byte'],[nan]
E1M3A_20090726_20100707,HCSP,['float'],[nan]
E1M3A_20090726_20100707,HCSP_QC,['byte'],[nan]
E1M3A_20090726_20100707,POSITION_QC,['byte'],[nan]
E1M3A_20090726_20100707,PRES,['float'],[nan]
E1M3A_20090726_20100707,PRES_QC,['byte'],[nan]
E1M3A_20090726_20100707,PSAL,['float'],[nan]
E1M3A_20090726_20100707,PSAL_QC,['byte'],[nan]
E1M3A_20090726_20100707,TEMP,['float'],[nan]
E1M3A_20090726_20100707,TEMP_QC,['byte'],[nan]
E1M3A_20090726_20100707,TIME_QC,['byte'],[nan]
E1M3A_20090726_20100707,TUR4,['float'],[nan]
E1M3A_20090726_20100707,TUR4_QC,['byte'],[nan]
E1M3A_20090726_20100707,VHM0,['float'],[nan]
E1M3A_20090726_20100707,VHM0_QC,['byte'],[nan]
E1M3A_20090726_20100707,VMDR,['float'],[nan]
E1M3A_20090726_20100707,VMDR_QC,['byte'],[nan]
E1M3A_20090726_20100707,VTM02,['float'],[nan]
E1M3A_20090726_20100707,VTM02_QC,['byte'],[nan]
E1M3A_20090726_20100707,VTPK,['float'],[nan]
E1M3A_20090726_20100707,VTPK_QC,['byte'],[nan]
E1M3A_20090726_20100707,VZMX,['float'],[nan]
E1M3A_20090726_20100707,VZMX_QC,['byte'],[nan]
E1M3A_20090726_20100707,WDIR,['float'],[nan]
E1M3A_20090726_20100707,WDIR_QC,['byte'],[nan]
E1M3A_20090726_20100707,WSPD,['float'],[nan]
E1M3A_20090726_20100707,WSPD_QC,['byte'],[nan]
E1M3A_20090726_20100707,depth,['float'],[nan]
E1M3A_20090726_20100707,latitude,['float'],[nan]
E1M3A_20090726_20100707,longitude,['float'],[nan]
E1M3A_20090726_20100707,preciseLat,['float'],[nan]
E1M3A_20090726_20100707,preciseLon,['float'],[nan]
E1M3A_20090726_20100707,station_name,['char'],[nan]
E1M3A_20090726_20100707,time,['double'],[nan]
E1M3A_20100708_20110827,ATMS,['float'],[nan]
E1M3A_20100708_20110827,ATMS_QC,['byte'],[nan]
E1M3A_20100708_20110827,DEPTH_QC,['byte'],[nan]
E1M3A_20100708_20110827,DOX1,['float'],[nan]
E1M3A_20100708_20110827,DOX1_QC,['byte'],[nan]
E1M3A_20100708_20110827,DRYT,['float'],[nan]
E1M3A_20100708_20110827,DRYT_QC,['byte'],[nan]
E1M3A_20100708_20110827,FLU2,['float'],[nan]
E1M3A_20100708_20110827,FLU2_QC,['byte'],[nan]
E1M3A_20100708_20110827,GPS_POSITION_QC,['byte'],[nan]
E1M3A_20100708_20110827,GSPD,['float'],[nan]
E1M3A_20100708_20110827,GSPD_QC,['byte'],[nan]
E1M3A_20100708_20110827,HCDT,['float'],[nan]
E1M3A_20100708_20110827,HCDT_QC,['byte'],[nan]
E1M3A_20100708_20110827,HCSP,['float'],[nan]
E1M3A_20100708_20110827,HCSP_QC,['byte'],[nan]
E1M3A_20100708_20110827,POSITION_QC,['byte'],[nan]
E1M3A_20100708_20110827,PRES,['float'],[nan]
E1M3A_20100708_20110827,PRES_QC,['byte'],[nan]
E1M3A_20100708_20110827,PSAL,['float'],[nan]
E1M3A_20100708_20110827,PSAL_QC,['byte'],[nan]
E1M3A_20100708_20110827,TEMP,['float'],[nan]
E1M3A_20100708_20110827,TEMP_QC,['byte'],[nan]
E1M3A_20100708_20110827,TIME_QC,['byte'],[nan]
E1M3A_20100708_20110827,TUR4,['float'],[nan]
E1M3A_20100708_20110827,TUR4_QC,['byte'],[nan]
E1M3A_20100708_20110827,VHM0,['float'],[nan]
E1M3A_20100708_20110827,VHM0_QC,['byte'],[nan]
E1M3A_20100708_20110827,VMDR,['float'],[nan]
E1M3A_20100708_20110827,VMDR_QC,['byte'],[nan]
E1M3A_20100708_20110827,VTM02,['float'],[nan]
E1M3A_20100708_20110827,VTM02_QC,['byte'],[nan]
E1M3A_20100708_20110827,VTPK,['float'],[nan]
E1M3A_20100708_20110827,VTPK_QC,['byte'],[nan]
E1M3A_20100708_20110827,VZMX,['float'],[nan]
E1M3A_20100708_20110827,VZMX_QC,['byte'],[nan]
E1M3A_20100708_20110827,WDIR,['float'],[nan]
E1M3A_20100708_20110827,WDIR_QC,['byte'],[nan]
E1M3A_20100708_20110827,WSPD,['float'],[nan]
E1M3A_20100708_20110827,WSPD_QC,['byte'],[nan]
E1M3A_20100708_20110827,depth,['float'],[nan]
E1M3A_20100708_20110827,latitude,['float'],[nan]
E1M3A_20100708_20110827,longitude,['float'],[nan]
E1M3A_20100708_20110827,preciseLat,['float'],[nan]
E1M3A_20100708_20110827,preciseLon,['float'],[nan]
E1M3A_20100708_20110827,station_name,['char'],[nan]
E1M3A_20100708_20110827,time,['double'],[nan]
E1M3A_20110828_20130521,ATMS,['float'],[nan]
E1M3A_20110828_20130521,ATMS_QC,['byte'],[nan]
E1M3A_20110828_20130521,DEPTH_QC,['byte'],[nan]
E1M3A_20110828_20130521,DOX1,['float'],[nan]
E1M3A_20110828_20130521,DOX1_QC,['byte'],[nan]
E1M3A_20110828_20130521,DRYT,['float'],[nan]
E1M3A_20110828_20130521,DRYT_QC,['byte'],[nan]
E1M3A_20110828_20130521,FLU2,['float'],[nan]
E1M3A_20110828_20130521,FLU2_QC,['byte'],[nan]
E1M3A_20110828_20130521,GPS_POSITION_QC,['byte'],[nan]
E1M3A_20110828_20130521,GSPD,['float'],[nan]
E1M3A_20110828_20130521,GSPD_QC,['byte'],[nan]
E1M3A_20110828_20130521,HCDT,['float'],[nan]
E1M3A_20110828_20130521,HCDT_QC,['byte'],[nan]
E1M3A_20110828_20130521,HCSP,['float'],[nan]
E1M3A_20110828_20130521,HCSP_QC,['byte'],[nan]
E1M3A_20110828_20130521,POSITION_QC,['byte'],[nan]
E1M3A_20110828_20130521,PRES,['float'],[nan]
E1M3A_20110828_20130521,PRES_QC,['byte'],[nan]
E1M3A_20110828_20130521,PSAL,['float'],[nan]
E1M3A_20110828_20130521,PSAL_QC,['byte'],[nan]
E1M3A_20110828_20130521,TEMP,['float'],[nan]
E1M3A_20110828_20130521,TEMP_QC,['byte'],[nan]
E1M3A_20110828_20130521,TIME_QC,['byte'],[nan]
E1M3A_20110828_20130521,TUR4,['float'],[nan]
E1M3A_20110828_20130521,TUR4_QC,['byte'],[nan]
E1M3A_20110828_20130521,VHM0,['float'],[nan]
E1M3A_20110828_20130521,VHM0_QC,['byte'],[nan]
E1M3A_20110828_20130521,VMDR,['float'],[nan]
E1M3A_20110828_20130521,VMDR_QC,['byte'],[nan]
E1M3A_20110828_20130521,VTM02,['float'],[nan]
E1M3A_20110828_20130521,VTM02_QC,['byte'],[nan]
E1M3A_20110828_20130521,VTPK,['float'],[nan]
E1M3A_20110828_20130521,VTPK_QC,['byte'],[nan]
E1M3A_20110828_20130521,VZMX,['float'],[nan]
E1M3A_20110828_20130521,VZMX_QC,['byte'],[nan]
E1M3A_20110828_20130521,WDIR,['float'],[nan]
E1M3A_20110828_20130521,WDIR_QC,['byte'],[nan]
E1M3A_20110828_20130521,WSPD,['float'],[nan]
E1M3A_20110828_20130521,WSPD_QC,['byte'],[nan]
E1M3A_20110828_20130521,depth,['float'],[nan]
E1M3A_20110828_20130521,latitude,['float'],[nan]
E1M3A_20110828_20130521,longitude,['float'],[nan]
E1M3A_20110828_20130521,preciseLat,['float'],[nan]
E1M3A_20110828_20130521,preciseLon,['float'],[nan]
E1M3A_20110828_20130521,station_name,['char'],[nan]
E1M3A_20110828_20130521,time,['double'],[nan]
E1M3A_20130522_20141009,ATMS,['float'],[nan]
E1M3A_20130522_20141009,ATMS_QC,['byte'],[nan]
E1M3A_20130522_20141009,DEPTH_QC,['byte'],[nan]
E1M3A_20130522_20141009,DOX1,['float'],[nan]
E1M3A_20130522_20141009,DOX1_QC,['byte'],[nan]
E1M3A_20130522_20141009,DRYT,['float'],[nan]
E1M3A_20130522_20141009,DRYT_QC,['byte'],[nan]
E1M3A_20130522_20141009,FLU2,['float'],[nan]
E1M3A_20130522_20141009,FLU2_QC,['byte'],[nan]
E1M3A_20130522_20141009,GPS_POSITION_QC,['byte'],[nan]
E1M3A_20130522_20141009,GSPD,['float'],[nan]
E1M3A_20130522_20141009,GSPD_QC,['byte'],[nan]
E1M3A_20130522_20141009,HCDT,['float'],[nan]
E1M3A_20130522_20141009,HCDT_QC,['byte'],[nan]
E1M3A_20130522_20141009,HCSP,['float'],[nan]
E1M3A_20130522_20141009,HCSP_QC,['byte'],[nan]
E1M3A_20130522_20141009,POSITION_QC,['byte'],[nan]
E1M3A_20130522_20141009,PRES,['float'],[nan]
E1M3A_20130522_20141009,PRES_QC,['byte'],[nan]
E1M3A_20130522_20141009,PSAL,['float'],[nan]
E1M3A_20130522_20141009,PSAL_QC,['byte'],[nan]
E1M3A_20130522_20141009,TEMP,['float'],[nan]
E1M3A_20130522_20141009,TEMP_QC,['byte'],[nan]
E1M3A_20130522_20141009,TIME_QC,['byte'],[nan]
E1M3A_20130522_20141009,TUR4,['float'],[nan]
E1M3A_20130522_20141009,TUR4_QC,['byte'],[nan]
E1M3A_20130522_20141009,VHM0,['float'],[nan]
E1M3A_20130522_20141009,VHM0_QC,['byte'],[nan]
E1M3A_20130522_20141009,VMDR,['float'],[nan]
E1M3A_20130522_20141009,VMDR_QC,['byte'],[nan]
E1M3A_20130522_20141009,VTM02,['float'],[nan]
E1M3A_20130522_20141009,VTM02_QC,['byte'],[nan]
E1M3A_20130522_20141009,VTPK,['float'],[nan]
E1M3A_20130522_20141009,VTPK_QC,['byte'],[nan]
E1M3A_20130522_20141009,VZMX,['float'],[nan]
E1M3A_20130522_20141009,VZMX_QC,['byte'],[nan]
E1M3A_20130522_20141009,WDIR,['float'],[nan]
E1M3A_20130522_20141009,WDIR_QC,['byte'],[nan]
E1M3A_20130522_20141009,WSPD,['float'],[nan]
E1M3A_20130522_20141009,WSPD_QC,['byte'],[nan]
E1M3A_20130522_20141009,depth,['float'],[nan]
E1M3A_20130522_20141009,latitude,['float'],[nan]
E1M3A_20130522_20141009,longitude,['float'],[nan]
E1M3A_20130522_20141009,preciseLat,['float'],[nan]
E1M3A_20130522_20141009,preciseLon,['float'],[nan]
E1M3A_20130522_20141009,station_name,['char'],[nan]
E1M3A_20130522_20141009,time,['double'],[nan]
E1M3A_20141010_20160712,ATMS,['float'],[nan]
E1M3A_20141010_20160712,ATMS_QC,['byte'],[nan]
E1M3A_20141010_20160712,DEPTH_QC,['byte'],[nan]
E1M3A_20141010_20160712,DOX1,['float'],[nan]
E1M3A_20141010_20160712,DOX1_QC,['byte'],[nan]
E1M3A_20141010_20160712,DRYT,['float'],[nan]
E1M3A_20141010_20160712,DRYT_QC,['byte'],[nan]
E1M3A_20141010_20160712,FLU2,['float'],[nan]
E1M3A_20141010_20160712,FLU2_QC,['byte'],[nan]
E1M3A_20141010_20160712,GPS_POSITION_QC,['byte'],[nan]
E1M3A_20141010_20160712,GSPD,['float'],[nan]
E1M3A_20141010_20160712,GSPD_QC,['byte'],[nan]
E1M3A_20141010_20160712,HCDT,['float'],[nan]
E1M3A_20141010_20160712,HCDT_QC,['byte'],[nan]
E1M3A_20141010_20160712,HCSP,['float'],[nan]
E1M3A_20141010_20160712,HCSP_QC,['byte'],[nan]
E1M3A_20141010_20160712,POSITION_QC,['byte'],[nan]
E1M3A_20141010_20160712,PRES,['float'],[nan]
E1M3A_20141010_20160712,PRES_QC,['byte'],[nan]
E1M3A_20141010_20160712,PSAL,['float'],[nan]
E1M3A_20141010_20160712,PSAL_QC,['byte'],[nan]
E1M3A_20141010_20160712,TEMP,['float'],[nan]
E1M3A_20141010_20160712,TEMP_QC,['byte'],[nan]
E1M3A_20141010_20160712,TIME_QC,['byte'],[nan]
E1M3A_20141010_20160712,TUR4,['float'],[nan]
E1M3A_20141010_20160712,TUR4_QC,['byte'],[nan]
E1M3A_20141010_20160712,VHM0,['float'],[nan]
E1M3A_20141010_20160712,VHM0_QC,['byte'],[nan]
E1M3A_20141010_20160712,VMDR,['float'],[nan]
E1M3A_20141010_20160712,VMDR_QC,['byte'],[nan]
E1M3A_20141010_20160712,VTM02,['float'],[nan]
E1M3A_20141010_20160712,VTM02_QC,['byte'],[nan]
E1M3A_20141010_20160712,VTPK,['float'],[nan]
E1M3A_20141010_20160712,VTPK_QC,['byte'],[nan]
E1M3A_20141010_20160712,VZMX,['float'],[nan]
E1M3A_20141010_20160712,VZMX_QC,['byte'],[nan]
E1M3A_20141010_20160712,WDIR,['float'],[nan]
E1M3A_20141010_20160712,WDIR_QC,['byte'],[nan]
E1M3A_20141010_20160712,WSPD,['float'],[nan]
E1M3A_20141010_20160712,WSPD_QC,['byte'],[nan]
E1M3A_20141010_20160712,depth,['float'],[nan]
E1M3A_20141010_20160712,latitude,['float'],[nan]
E1M3A_20141010_20160712,longitude,['float'],[nan]
E1M3A_20141010_20160712,preciseLat,['float'],[nan]
E1M3A_20141010_20160712,preciseLon,['float'],[nan]
E1M3A_20141010_20160712,station_name,['char'],[nan]
E1M3A_20141010_20160712,time,['double'],[nan]
E1M3A_20160713_20170415,ATMS,['float'],[nan]
E1M3A_20160713_20170415,ATMS_QC,['byte'],[nan]
E1M3A_20160713_20170415,DEPTH_QC,['byte'],[nan]
E1M3A_20160713_20170415,DOX1,['float'],[nan]
E1M3A_20160713_20170415,DOX1_QC,['byte'],[nan]
E1M3A_20160713_20170415,DRYT,['float'],[nan]
E1M3A_20160713_20170415,DRYT_QC,['byte'],[nan]
E1M3A_20160713_20170415,FLU2,['float'],[nan]
E1M3A_20160713_20170415,FLU2_QC,['byte'],[nan]
E1M3A_20160713_20170415,GPS_POSITION_QC,['byte'],[nan]
E1M3A_20160713_20170415,GSPD,['float'],[nan]
E1M3A_20160713_20170415,GSPD_QC,['byte'],[nan]
E1M3A_20160713_20170415,HCDT,['float'],[nan]
E1M3A_20160713_20170415,HCDT_QC,['byte'],[nan]
E1M3A_20160713_20170415,HCSP,['float'],[nan]
E1M3A_20160713_20170415,HCSP_QC,['byte'],[nan]
E1M3A_20160713_20170415,PHPH,['float'],[nan]
E1M3A_20160713_20170415,PHPH_QC,['byte'],[nan]
E1M3A_20160713_20170415,POSITION_QC,['byte'],[nan]
E1M3A_20160713_20170415,PRES,['float'],[nan]
E1M3A_20160713_20170415,PRES_QC,['byte'],[nan]
E1M3A_20160713_20170415,PSAL,['float'],[nan]
E1M3A_20160713_20170415,PSAL_QC,['byte'],[nan]
E1M3A_20160713_20170415,TEMP,['float'],[nan]
E1M3A_20160713_20170415,TEMP_QC,['byte'],[nan]
E1M3A_20160713_20170415,TIME_QC,['byte'],[nan]
E1M3A_20160713_20170415,TUR4,['float'],[nan]
E1M3A_20160713_20170415,TUR4_QC,['byte'],[nan]
E1M3A_20160713_20170415,VHM0,['float'],[nan]
E1M3A_20160713_20170415,VHM0_QC,['byte'],[nan]
E1M3A_20160713_20170415,VMDR,['float'],[nan]
E1M3A_20160713_20170415,VMDR_QC,['byte'],[nan]
E1M3A_20160713_20170415,VTM02,['float'],[nan]
E1M3A_20160713_20170415,VTM02_QC,['byte'],[nan]
E1M3A_20160713_20170415,VTPK,['float'],[nan]
E1M3A_20160713_20170415,VTPK_QC,['byte'],[nan]
E1M3A_20160713_20170415,VZMX,['float'],[nan]
E1M3A_20160713_20170415,VZMX_QC,['byte'],[nan]
E1M3A_20160713_20170415,WDIR,['float'],[nan]
E1M3A_20160713_20170415,WDIR_QC,['byte'],[nan]
E1M3A_20160713_20170415,WSPD,['float'],[nan]
E1M3A_20160713_20170415,WSPD_QC,['byte'],[nan]
E1M3A_20160713_20170415,depth,['float'],[nan]
E1M3A_20160713_20170415,latitude,['float'],[nan]
E1M3A_20160713_20170415,longitude,['float'],[nan]
E1M3A_20160713_20170415,preciseLat,['float'],[nan]
E1M3A_20160713_20170415,preciseLon,['float'],[nan]
E1M3A_20160713_20170415,station_name,['char'],[nan]
E1M3A_20160713_20170415,time,['double'],[nan]
E1M3A_20170416_20180623,ATMS,['float'],[nan]
E1M3A_20170416_20180623,ATMS_QC,['byte'],[nan]
E1M3A_20170416_20180623,DEPTH_QC,['byte'],[nan]
E1M3A_20170416_20180623,DOX1,['float'],[nan]
E1M3A_20170416_20180623,DOX1_QC,['byte'],[nan]
E1M3A_20170416_20180623,DRYT,['float'],[nan]
E1M3A_20170416_20180623,DRYT_QC,['byte'],[nan]
E1M3A_20170416_20180623,FLU2,['float'],[nan]
E1M3A_20170416_20180623,FLU2_QC,['byte'],[nan]
E1M3A_20170416_20180623,GPS_POSITION_QC,['byte'],[nan]
E1M3A_20170416_20180623,GSPD,['float'],[nan]
E1M3A_20170416_20180623,GSPD_QC,['byte'],[nan]
E1M3A_20170416_20180623,HCDT,['float'],[nan]
E1M3A_20170416_20180623,HCDT_QC,['byte'],[nan]
E1M3A_20170416_20180623,HCSP,['float'],[nan]
E1M3A_20170416_20180623,HCSP_QC,['byte'],[nan]
E1M3A_20170416_20180623,PHPH,['float'],[nan]
E1M3A_20170416_20180623,PHPH_QC,['byte'],[nan]
E1M3A_20170416_20180623,POSITION_QC,['byte'],[nan]
E1M3A_20170416_20180623,PRES,['float'],[nan]
E1M3A_20170416_20180623,PRES_QC,['byte'],[nan]
E1M3A_20170416_20180623,PSAL,['float'],[nan]
E1M3A_20170416_20180623,PSAL_QC,['byte'],[nan]
E1M3A_20170416_20180623,TEMP,['float'],[nan]
E1M3A_20170416_20180623,TEMP_QC,['byte'],[nan]
E1M3A_20170416_20180623,TIME_QC,['byte'],[nan]
E1M3A_20170416_20180623,TUR4,['float'],[nan]
E1M3A_20170416_20180623,TUR4_QC,['byte'],[nan]
E1M3A_20170416_20180623,VHM0,['float'],[nan]
E1M3A_20170416_20180623,VHM0_QC,['byte'],[nan]
E1M3A_20170416_20180623,VMDR,['float'],[nan]
E1M3A_20170416_20180623,VMDR_QC,['byte'],[nan]
E1M3A_20170416_20180623,VTM02,['float'],[nan]
E1M3A_20170416_20180623,VTM02_QC,['byte'],[nan]
E1M3A_20170416_20180623,VTPK,['float'],[nan]
E1M3A_20170416_20180623,VTPK_QC,['byte'],[nan]
E1M3A_20170416_20180623,VZMX,['float'],[nan]
E1M3A_20170416_20180623,VZMX_QC,['byte'],[nan]
E1M3A_20170416_20180623,WDIR,['float'],[nan]
E1M3A_20170416_20180623,WDIR_QC,['byte'],[nan]
E1M3A_20170416_20180623,WSPD,['float'],[nan]
E1M3A_20170416_20180623,WSPD_QC,['byte'],[nan]
E1M3A_20170416_20180623,depth,['float'],[nan]
E1M3A_20170416_20180623,latitude,['float'],[nan]
E1M3A_20170416_20180623,longitude,['float'],[nan]
E1M3A_20170416_20180623,preciseLat,['float'],[nan]
E1M3A_20170416_20180623,preciseLon,['float'],[nan]
E1M3A_20170416_20180623,station_name,['char'],[nan]
E1M3A_20170416_20180623,time,['double'],[nan]
E1M3A_20180624_20190717,ATMS,['float'],[nan]
E1M3A_20180624_20190717,ATMS_QC,['byte'],[nan]
E1M3A_20180624_20190717,DEPTH_QC,['byte'],[nan]
E1M3A_20180624_20190717,DOX1,['float'],[nan]
E1M3A_20180624_20190717,DOX1_QC,['byte'],[nan]
E1M3A_20180624_20190717,DRYT,['float'],[nan]
E1M3A_20180624_20190717,DRYT_QC,['byte'],[nan]
E1M3A_20180624_20190717,FLU2,['float'],[nan]
E1M3A_20180624_20190717,FLU2_QC,['byte'],[nan]
E1M3A_20180624_20190717,GDIR,['float'],[nan]
E1M3A_20180624_20190717,GDIR_QC,['byte'],[nan]
E1M3A_20180624_20190717,GPS_POSITION_QC,['byte'],[nan]
E1M3A_20180624_20190717,GSPD,['float'],[nan]
E1M3A_20180624_20190717,GSPD_QC,['byte'],[nan]
E1M3A_20180624_20190717,HCDT,['float'],[nan]
E1M3A_20180624_20190717,HCDT_QC,['byte'],[nan]
E1M3A_20180624_20190717,HCSP,['float'],[nan]
E1M3A_20180624_20190717,HCSP_QC,['byte'],[nan]
E1M3A_20180624_20190717,PHPH,['float'],[nan]
E1M3A_20180624_20190717,PHPH_QC,['byte'],[nan]
E1M3A_20180624_20190717,POSITION_QC,['byte'],[nan]
E1M3A_20180624_20190717,PRES,['float'],[nan]
E1M3A_20180624_20190717,PRES_QC,['byte'],[nan]
E1M3A_20180624_20190717,PSAL,['float'],[nan]
E1M3A_20180624_20190717,PSAL_QC,['byte'],[nan]
E1M3A_20180624_20190717,TEMP,['float'],[nan]
E1M3A_20180624_20190717,TEMP_QC,['byte'],[nan]
E1M3A_20180624_20190717,TIME_QC,['byte'],[nan]
E1M3A_20180624_20190717,TUR4,['float'],[nan]
E1M3A_20180624_20190717,TUR4_QC,['byte'],[nan]
E1M3A_20180624_20190717,VHM0,['float'],[nan]
E1M3A_20180624_20190717,VHM0_QC,['byte'],[nan]
E1M3A_20180624_20190717,VMDR,['float'],[nan]
E1M3A_20180624_20190717,VMDR_QC,['byte'],[nan]
E1M3A_20180624_20190717,VTM02,['float'],[nan]
E1M3A_20180624_20190717,VTM02_QC,['byte'],[nan]
E1M3A_20180624_20190717,VTPK,['float'],[nan]
E1M3A_20180624_20190717,VTPK_QC,['byte'],[nan]
E1M3A_20180624_20190717,VZMX,['float'],[nan]
E1M3A_20180624_20190717,VZMX_QC,['byte'],[nan]
E1M3A_20180624_20190717,WDIR,['float'],[nan]
E1M3A_20180624_20190717,WDIR_QC,['byte'],[nan]
E1M3A_20180624_20190717,WSPD,['float'],[nan]
E1M3A_20180624_20190717,WSPD_QC,['byte'],[nan]
E1M3A_20180624_20190717,depth,['float'],[nan]
E1M3A_20180624_20190717,latitude,['float'],[nan]
E1M3A_20180624_20190717,longitude,['float'],[nan]
E1M3A_20180624_20190717,preciseLat,['float'],[nan]
E1M3A_20180624_20190717,preciseLon,['float'],[nan]
E1M3A_20180624_20190717,station_name,['char'],[nan]
E1M3A_20180624_20190717,time,['double'],[nan]
E1M3A_20190718_20201126,ATMS,['float'],[nan]
E1M3A_20190718_20201126,ATMS_QC,['byte'],[nan]
E1M3A_20190718_20201126,DEPTH_QC,['byte'],[nan]
E1M3A_20190718_20201126,DOX1,['float'],[nan]
E1M3A_20190718_20201126,DOX1_QC,['byte'],[nan]
E1M3A_20190718_20201126,DRYT,['float'],[nan]
E1M3A_20190718_20201126,DRYT_QC,['byte'],[nan]
E1M3A_20190718_20201126,FLU2,['float'],[nan]
E1M3A_20190718_20201126,FLU2_QC,['byte'],[nan]
E1M3A_20190718_20201126,GDIR,['float'],[nan]
E1M3A_20190718_20201126,GDIR_QC,['byte'],[nan]
E1M3A_20190718_20201126,GPS_POSITION_QC,['byte'],[nan]
E1M3A_20190718_20201126,GSPD,['float'],[nan]
E1M3A_20190718_20201126,GSPD_QC,['byte'],[nan]
E1M3A_20190718_20201126,HCDT,['float'],[nan]
E1M3A_20190718_20201126,HCDT_QC,['byte'],[nan]
E1M3A_20190718_20201126,HCSP,['float'],[nan]
E1M3A_20190718_20201126,HCSP_QC,['byte'],[nan]
E1M3A_20190718_20201126,POSITION_QC,['byte'],[nan]
E1M3A_20190718_20201126,PRES,['float'],[nan]
E1M3A_20190718_20201126,PRES_QC,['byte'],[nan]
E1M3A_20190718_20201126,PSAL,['float'],[nan]
E1M3A_20190718_20201126,PSAL_QC,['byte'],[nan]
E1M3A_20190718_20201126,TEMP,['float'],[nan]
E1M3A_20190718_20201126,TEMP_QC,['byte'],[nan]
E1M3A_20190718_20201126,TIME_QC,['byte'],[nan]
E1M3A_20190718_20201126,TUR4,['float'],[nan]
E1M3A_20190718_20201126,TUR4_QC,['byte'],[nan]
E1M3A_20190718_20201126,VHM0,['float'],[nan]
E1M3A_20190718_20201126,VHM0_QC,['byte'],[nan]
E1M3A_20190718_20201126,VMDR,['float'],[nan]
E1M3A_20190718_20201126,VMDR_QC,['byte'],[nan]
E1M3A_20190718_20201126,VTM02,['float'],[nan]
E1M3A_20190718_20201126,VTM02_QC,['byte'],[nan]
E1M3A_20190718_20201126,VTPK,['float'],[nan]
E1M3A_20190718_20201126,VTPK_QC,['byte'],[nan]
E1M3A_20190718_20201126,VZMX,['float'],[nan]
E1M3A_20190718_20201126,VZMX_QC,['byte'],[nan]
E1M3A_20190718_20201126,WDIR,['float'],[nan]
E1M3A_20190718_20201126,WDIR_QC,['byte'],[nan]
E1M3A_20190718_20201126,WSPD,['float'],[nan]
E1M3A_20190718_20201126,WSPD_QC,['byte'],[nan]
E1M3A_20190718_20201126,depth,['float'],[nan]
E1M3A_20190718_20201126,latitude,['float'],[nan]
E1M3A_20190718_20201126,longitude,['float'],[nan]
E1M3A_20190718_20201126,preciseLat,['float'],[nan]
E1M3A_20190718_20201126,preciseLon,['float'],[nan]
E1M3A_20190718_20201126,station_name,['char'],[nan]
E1M3A_20190718_20201126,time,['double'],[nan]
E1M3A_20201127_20210912,ATMS,['float'],[nan]
E1M3A_20201127_20210912,ATMS_QC,['byte'],[nan]
E1M3A_20201127_20210912,DEPTH_QC,['byte'],[nan]
E1M3A_20201127_20210912,DOX1,['float'],[nan]
E1M3A_20201127_20210912,DOX1_QC,['byte'],[nan]
E1M3A_20201127_20210912,FLU2,['float'],[nan]
E1M3A_20201127_20210912,FLU2_QC,['byte'],[nan]
E1M3A_20201127_20210912,GDIR,['float'],[nan]
E1M3A_20201127_20210912,GDIR_QC,['byte'],[nan]
E1M3A_20201127_20210912,GPS_POSITION_QC,['byte'],[nan]
E1M3A_20201127_20210912,GSPD,['float'],[nan]
E1M3A_20201127_20210912,GSPD_QC,['byte'],[nan]
E1M3A_20201127_20210912,HCDT,['float'],[nan]
E1M3A_20201127_20210912,HCDT_QC,['byte'],[nan]
E1M3A_20201127_20210912,HCSP,['float'],[nan]
E1M3A_20201127_20210912,HCSP_QC,['byte'],[nan]
E1M3A_20201127_20210912,POSITION_QC,['byte'],[nan]
E1M3A_20201127_20210912,PRES,['float'],[nan]
E1M3A_20201127_20210912,PRES_QC,['byte'],[nan]
E1M3A_20201127_20210912,PSAL,['float'],[nan]
E1M3A_20201127_20210912,PSAL_QC,['byte'],[nan]
E1M3A_20201127_20210912,TEMP,['float'],[nan]
E1M3A_20201127_20210912,TEMP_QC,['byte'],[nan]
E1M3A_20201127_20210912,TIME_QC,['byte'],[nan]
E1M3A_20201127_20210912,TUR4,['float'],[nan]
E1M3A_20201127_20210912,TUR4_QC,['byte'],[nan]
E1M3A_20201127_20210912,VHM0,['float'],[nan]
E1M3A_20201127_20210912,VHM0_QC,['byte'],[nan]
E1M3A_20201127_20210912,VMDR,['float'],[nan]
E1M3A_20201127_20210912,VMDR_QC,['byte'],[nan]
E1M3A_20201127_20210912,VTM02,['float'],[nan]
E1M3A_20201127_20210912,VTM02_QC,['byte'],[nan]
E1M3A_20201127_20210912,VTPK,['float'],[nan]
E1M3A_20201127_20210912,VTPK_QC,['byte'],[nan]
E1M3A_20201127_20210912,VZMX,['float'],[nan]
E1M3A_20201127_20210912,VZMX_QC,['byte'],[nan]
E1M3A_20201127_20210912,WDIR,['float'],[nan]
E1M3A_20201127_20210912,WDIR_QC,['byte'],[nan]
E1M3A_20201127_20210912,WSPD,['float'],[nan]
E1M3A_20201127_20210912,WSPD_QC,['byte'],[nan]
E1M3A_20201127_20210912,depth,['float'],[nan]
E1M3A_20201127_20210912,latitude,['float'],[nan]
E1M3A_20201127_20210912,longitude,['float'],[nan]
E1M3A_20201127_20210912,preciseLat,['float'],[nan]
E1M3A_20201127_20210912,preciseLon,['float'],[nan]
E1M3A_20201127_20210912,station_name,['char'],[nan]
E1M3A_20201127_20210912,time,['double'],[nan]
E1M3A_20210913_20221201,ATMS,['float'],[nan]
E1M3A_20210913_20221201,ATMS_QC,['byte'],[nan]
E1M3A_20210913_20221201,DEPTH_QC,['byte'],[nan]
E1M3A_20210913_20221201,DOX1,['float'],[nan]
E1M3A_20210913_20221201,DOX1_QC,['byte'],[nan]
E1M3A_20210913_20221201,FLU2,['float'],[nan]
E1M3A_20210913_20221201,FLU2_QC,['byte'],[nan]
E1M3A_20210913_20221201,GDIR,['float'],[nan]
E1M3A_20210913_20221201,GDIR_QC,['byte'],[nan]
E1M3A_20210913_20221201,GPS_POSITION_QC,['byte'],[nan]
E1M3A_20210913_20221201,GSPD,['float'],[nan]
E1M3A_20210913_20221201,GSPD_QC,['byte'],[nan]
E1M3A_20210913_20221201,HCDT,['float'],[nan]
E1M3A_20210913_20221201,HCDT_QC,['byte'],[nan]
E1M3A_20210913_20221201,HCSP,['float'],[nan]
E1M3A_20210913_20221201,HCSP_QC,['byte'],[nan]
E1M3A_20210913_20221201,POSITION_QC,['byte'],[nan]
E1M3A_20210913_20221201,PRES,['float'],[nan]
E1M3A_20210913_20221201,PRES_QC,['byte'],[nan]
E1M3A_20210913_20221201,PSAL,['float'],[nan]
E1M3A_20210913_20221201,PSAL_QC,['byte'],[nan]
E1M3A_20210913_20221201,TEMP,['float'],[nan]
E1M3A_20210913_20221201,TEMP_QC,['byte'],[nan]
E1M3A_20210913_20221201,TIME_QC,['byte'],[nan]
E1M3A_20210913_20221201,TUR4,['float'],[nan]
E1M3A_20210913_20221201,TUR4_QC,['byte'],[nan]
E1M3A_20210913_20221201,VHM0,['float'],[nan]
E1M3A_20210913_20221201,VHM0_QC,['byte'],[nan]
E1M3A_20210913_20221201,VMDR,['float'],[nan]
E1M3A_20210913_20221201,VMDR_QC,['byte'],[nan]
E1M3A_20210913_20221201,VTM02,['float'],[nan]
E1M3A_20210913_20221201,VTM02_QC,['byte'],[nan]
E1M3A_20210913_20221201,VTPK,['float'],[nan]
E1M3A_20210913_20221201,VTPK_QC,['byte'],[nan]
E1M3A_20210913_20221201,VZMX,['float'],[nan]
E1M3A_20210913_20221201,VZMX_QC,['byte'],[nan]
E1M3A_20210913_20221201,WDIR,['float'],[nan]
E1M3A_20210913_20221201,WDIR_QC,['byte'],[nan]
E1M3A_20210913_20221201,WSPD,['float'],[nan]
E1M3A_20210913_20221201,WSPD_QC,['byte'],[nan]
E1M3A_20210913_20221201,depth,['float'],[nan]
E1M3A_20210913_20221201,latitude,['float'],[nan]
E1M3A_20210913_20221201,longitude,['float'],[nan]
E1M3A_20210913_20221201,preciseLat,['float'],[nan]
E1M3A_20210913_20221201,preciseLon,['float'],[nan]
E1M3A_20210913_20221201,station_name,['char'],[nan]
E1M3A_20210913_20221201,time,['double'],[nan]
E1M3A_20221202_20240312,ATMS,['float'],[nan]
E1M3A_20221202_20240312,ATMS_QC,['byte'],[nan]
E1M3A_20221202_20240312,DEPTH_QC,['byte'],[nan]
E1M3A_20221202_20240312,DOX1,['float'],[nan]
E1M3A_20221202_20240312,DOX1_QC,['byte'],[nan]
E1M3A_20221202_20240312,FLU2,['float'],[nan]
E1M3A_20221202_20240312,FLU2_QC,['byte'],[nan]
E1M3A_20221202_20240312,GDIR,['float'],[nan]
E1M3A_20221202_20240312,GDIR_QC,['byte'],[nan]
E1M3A_20221202_20240312,GPS_POSITION_QC,['byte'],[nan]
E1M3A_20221202_20240312,GSPD,['float'],[nan]
E1M3A_20221202_20240312,GSPD_QC,['byte'],[nan]
E1M3A_20221202_20240312,HCDT,['float'],[nan]
E1M3A_20221202_20240312,HCDT_QC,['byte'],[nan]
E1M3A_20221202_20240312,HCSP,['float'],[nan]
E1M3A_20221202_20240312,HCSP_QC,['byte'],[nan]
E1M3A_20221202_20240312,POSITION_QC,['byte'],[nan]
E1M3A_20221202_20240312,PRES,['float'],[nan]
E1M3A_20221202_20240312,PRES_QC,['byte'],[nan]
E1M3A_20221202_20240312,PSAL,['float'],[nan]
E1M3A_20221202_20240312,PSAL_QC,['byte'],[nan]
E1M3A_20221202_20240312,TEMP,['float'],[nan]
E1M3A_20221202_20240312,TEMP_QC,['byte'],[nan]
E1M3A_20221202_20240312,TIME_QC,['byte'],[nan]
E1M3A_20221202_20240312,TUR4,['float'],[nan]
E1M3A_20221202_20240312,TUR4_QC,['byte'],[nan]
E1M3A_20221202_20240312,VHM0,['float'],[nan]
E1M3A_20221202_20240312,VHM0_QC,['byte'],[nan]
E1M3A_20221202_20240312,VMDR,['float'],[nan]
E1M3A_20221202_20240312,VMDR_QC,['byte'],[nan]
E1M3A_20221202_20240312,VTM02,['float'],[nan]
E1M3A_20221202_20240312,VTM02_QC,['byte'],[nan]
E1M3A_20221202_20240312,VTPK,['float'],[nan]
E1M3A_20221202_20240312,VTPK_QC,['byte'],[nan]
E1M3A_20221202_20240312,VZMX,['float'],[nan]
E1M3A_20221202_20240312,VZMX_QC,['byte'],[nan]
E1M3A_20221202_20240312,WDIR,['float'],[nan]
E1M3A_20221202_20240312,WDIR_QC,['byte'],[nan]
E1M3A_20221202_20240312,WSPD,['float'],[nan]
E1M3A_20221202_20240312,WSPD_QC,['byte'],[nan]
E1M3A_20221202_20240312,depth,['float'],[nan]
E1M3A_20221202_20240312,latitude,['float'],[nan]
E1M3A_20221202_20240312,longitude,['float'],[nan]
E1M3A_20221202_20240312,preciseLat,['float'],[nan]
E1M3A_20221202_20240312,preciseLon,['float'],[nan]
E1M3A_20221202_20240312,station_name,['char'],[nan]
E1M3A_20221202_20240312,time,['double'],[nan]
E1M3A_20240313_20241126,ATMS,['float'],[nan]
E1M3A_20240313_20241126,ATMS_QC,['byte'],[nan]
E1M3A_20240313_20241126,DEPTH_QC,['byte'],[nan]
E1M3A_20240313_20241126,DOX1,['float'],[nan]
E1M3A_20240313_20241126,DOX1_QC,['byte'],[nan]
E1M3A_20240313_20241126,DRYT,['float'],[nan]
E1M3A_20240313_20241126,DRYT_QC,['byte'],[nan]
E1M3A_20240313_20241126,FLU2,['float'],[nan]
E1M3A_20240313_20241126,FLU2_QC,['byte'],[nan]
E1M3A_20240313_20241126,GDIR,['float'],[nan]
E1M3A_20240313_20241126,GDIR_QC,['byte'],[nan]
E1M3A_20240313_20241126,GPS_POSITION_QC,['byte'],[nan]
E1M3A_20240313_20241126,GSPD,['float'],[nan]
E1M3A_20240313_20241126,GSPD_QC,['byte'],[nan]
E1M3A_20240313_20241126,HCDT,['float'],[nan]
E1M3A_20240313_20241126,HCDT_QC,['byte'],[nan]
E1M3A_20240313_20241126,HCSP,['float'],[nan]
E1M3A_20240313_20241126,HCSP_QC,['byte'],[nan]
E1M3A_20240313_20241126,POSITION_QC,['byte'],[nan]
E1M3A_20240313_20241126,PRES,['float'],[nan]
E1M3A_20240313_20241126,PRES_QC,['byte'],[nan]
E1M3A_20240313_20241126,PSAL,['float'],[nan]
E1M3A_20240313_20241126,PSAL_QC,['byte'],[nan]
E1M3A_20240313_20241126,TEMP,['float'],[nan]
E1M3A_20240313_20241126,TEMP_QC,['byte'],[nan]
E1M3A_20240313_20241126,TIME_QC,['byte'],[nan]
E1M3A_20240313_20241126,TUR4,['float'],[nan]
E1M3A_20240313_20241126,TUR4_QC,['byte'],[nan]
E1M3A_20240313_20241126,VHM0,['float'],[nan]
E1M3A_20240313_20241126,VHM0_QC,['byte'],[nan]
E1M3A_20240313_20241126,VMDR,['float'],[nan]
E1M3A_20240313_20241126,VMDR_QC,['byte'],[nan]
E1M3A_20240313_20241126,VTM02,['float'],[nan]
E1M3A_20240313_20241126,VTM02_QC,['byte'],[nan]
E1M3A_20240313_20241126,VTPK,['float'],[nan]
E1M3A_20240313_20241126,VTPK_QC,['byte'],[nan]
E1M3A_20240313_20241126,VZMX,['float'],[nan]
E1M3A_20240313_20241126,VZMX_QC,['byte'],[nan]
E1M3A_20240313_20241126,WDIR,['float'],[nan]
E1M3A_20240313_20241126,WDIR_QC,['byte'],[nan]
E1M3A_20240313_20241126,WSPD,['float'],[nan]
E1M3A_20240313_20241126,WSPD_QC,['byte'],[nan]
E1M3A_20240313_20241126,depth,['float'],[nan]
E1M3A_20240313_20241126,latitude,['float'],[nan]
E1M3A_20240313_20241126,longitude,['float'],[nan]
E1M3A_20240313_20241126,preciseLat,['float'],[nan]
E1M3A_20240313_20241126,preciseLon,['float'],[nan]
E1M3A_20240313_20241126,station_name,['char'],[nan]
E1M3A_20240313_20241126,time,['double'],[nan]
E2M3A_2021_2022_TS,ATMS,['float'],[nan]
E2M3A_2021_2022_TS,ATMS_QC,['byte'],[nan]
E2M3A_2021_2022_TS,CNDC,['float'],[nan]
E2M3A_2021_2022_TS,CNDC_QC,['byte'],[nan]
E2M3A_2021_2022_TS,DOX1,['double'],[nan]
E2M3A_2021_2022_TS,DOX1_QC,['byte'],[nan]
E2M3A_2021_2022_TS,DRYT,['float'],[nan]
E2M3A_2021_2022_TS,DRYT_QC,['byte'],[nan]
E2M3A_2021_2022_TS,GDIR,['float'],[nan]
E2M3A_2021_2022_TS,GDIR_QC,['byte'],[nan]
E2M3A_2021_2022_TS,GSPD,['float'],[nan]
E2M3A_2021_2022_TS,GSPD_QC,['byte'],[nan]
E2M3A_2021_2022_TS,LINC,['float'],[nan]
E2M3A_2021_2022_TS,LINC_QC,['byte'],[nan]
E2M3A_2021_2022_TS,PCO2,['float'],[nan]
E2M3A_2021_2022_TS,PCO2_QC,['byte'],[nan]
E2M3A_2021_2022_TS,PHPH,['float'],[nan]
E2M3A_2021_2022_TS,PHPH_QC,['byte'],[nan]
E2M3A_2021_2022_TS,PRES,['float'],[nan]
E2M3A_2021_2022_TS,PRES_QC,['byte'],[nan]
E2M3A_2021_2022_TS,PSAL,['float'],[nan]
E2M3A_2021_2022_TS,PSAL_QC,['byte'],[nan]
E2M3A_2021_2022_TS,RELH,['float'],[nan]
E2M3A_2021_2022_TS,RELH_QC,['byte'],[nan]
E2M3A_2021_2022_TS,SINC,['float'],[nan]
E2M3A_2021_2022_TS,SINC_QC,['byte'],[nan]
E2M3A_2021_2022_TS,TEMP,['float'],[nan]
E2M3A_2021_2022_TS,TEMP_QC,['byte'],[nan]
E2M3A_2021_2022_TS,WDIR,['float'],[nan]
E2M3A_2021_2022_TS,WDIR_QC,['byte'],[nan]
E2M3A_2021_2022_TS,WSPD,['float'],[nan]
E2M3A_2021_2022_TS,WSPD_QC,['byte'],[nan]
E2M3A_2021_2022_TS,depth,['float'],[nan]
E2M3A_2021_2022_TS,latitude,['double'],[nan]
E2M3A_2021_2022_TS,longitude,['double'],[nan]
E2M3A_2021_2022_TS,time,['double'],[nan]
E2M3A_CTD_meteo_CO2_pH_NRT,ATMS,['float'],[nan]
E2M3A_CTD_meteo_CO2_pH_NRT,ATMS_QC,['byte'],[nan]
E2M3A_CTD_meteo_CO2_pH_NRT,CDOM,['float'],[nan]
E2M3A_CTD_meteo_CO2_pH_NRT,CDOM_QC,['byte'],[nan]
E2M3A_CTD_meteo_CO2_pH_NRT,CNDC_1,['float'],[nan]
E2M3A_CTD_meteo_CO2_pH_NRT,CNDC_1_QC,['byte'],[nan]
E2M3A_CTD_meteo_CO2_pH_NRT,CNDC_2,['float'],[nan]
E2M3A_CTD_meteo_CO2_pH_NRT,CNDC_2_QC,['byte'],[nan]
E2M3A_CTD_meteo_CO2_pH_NRT,CPWC,['float'],[nan]
E2M3A_CTD_meteo_CO2_pH_NRT,CPWC_QC,['byte'],[nan]
E2M3A_CTD_meteo_CO2_pH_NRT,CSLR,['float'],[nan]
E2M3A_CTD_meteo_CO2_pH_NRT,CSLR_QC,['byte'],[nan]
E2M3A_CTD_meteo_CO2_pH_NRT,DOX1_1,['float'],[nan]
E2M3A_CTD_meteo_CO2_pH_NRT,DOX1_1_QC,['byte'],[nan]
E2M3A_CTD_meteo_CO2_pH_NRT,DOX1_2,['float'],[nan]
E2M3A_CTD_meteo_CO2_pH_NRT,DOX1_2_QC,['byte'],[nan]
E2M3A_CTD_meteo_CO2_pH_NRT,DRYT,['float'],[nan]
E2M3A_CTD_meteo_CO2_pH_NRT,DRYT_QC,['byte'],[nan]
E2M3A_CTD_meteo_CO2_pH_NRT,EWSB,['float'],[nan]
E2M3A_CTD_meteo_CO2_pH_NRT,EWSB_QC,['byte'],[nan]
E2M3A_CTD_meteo_CO2_pH_NRT,GDIR,['float'],[nan]
E2M3A_CTD_meteo_CO2_pH_NRT,GDIR_QC,['byte'],[nan]
E2M3A_CTD_meteo_CO2_pH_NRT,GSPD,['float'],[nan]
E2M3A_CTD_meteo_CO2_pH_NRT,GSPD_QC,['byte'],[nan]
E2M3A_CTD_meteo_CO2_pH_NRT,HEAD,['float'],[nan]
E2M3A_CTD_meteo_CO2_pH_NRT,HEAD_QC,['byte'],[nan]
E2M3A_CTD_meteo_CO2_pH_NRT,LWRD,['float'],[nan]
E2M3A_CTD_meteo_CO2_pH_NRT,LWRD_QC,['byte'],[nan]
E2M3A_CTD_meteo_CO2_pH_NRT,PCO2_1,['float'],[nan]
E2M3A_CTD_meteo_CO2_pH_NRT,PCO2_1_QC,['byte'],[nan]
E2M3A_CTD_meteo_CO2_pH_NRT,PCO2_2,['float'],[nan]
E2M3A_CTD_meteo_CO2_pH_NRT,PCO2_2_QC,['byte'],[nan]
E2M3A_CTD_meteo_CO2_pH_NRT,PHPH,['float'],[nan]
E2M3A_CTD_meteo_CO2_pH_NRT,PHPH_QC,['byte'],[nan]
E2M3A_CTD_meteo_CO2_pH_NRT,PRES,['float'],[nan]
E2M3A_CTD_meteo_CO2_pH_NRT,PRES_QC,['byte'],[nan]
E2M3A_CTD_meteo_CO2_pH_NRT,PSAL_1,['float'],[nan]
E2M3A_CTD_meteo_CO2_pH_NRT,PSAL_1_QC,['byte'],[nan]
E2M3A_CTD_meteo_CO2_pH_NRT,PSAL_2,['float'],[nan]
E2M3A_CTD_meteo_CO2_pH_NRT,PSAL_2_QC,['byte'],[nan]
E2M3A_CTD_meteo_CO2_pH_NRT,PSAL_3,['float'],[nan]
E2M3A_CTD_meteo_CO2_pH_NRT,PSAL_3_QC,['byte'],[nan]
E2M3A_CTD_meteo_CO2_pH_NRT,RELH,['float'],[nan]
E2M3A_CTD_meteo_CO2_pH_NRT,RELH_QC,['byte'],[nan]
E2M3A_CTD_meteo_CO2_pH_NRT,SVEL_1,['float'],[nan]
E2M3A_CTD_meteo_CO2_pH_NRT,SVEL_1_QC,['byte'],[nan]
E2M3A_CTD_meteo_CO2_pH_NRT,SVEL_2,['float'],[nan]
E2M3A_CTD_meteo_CO2_pH_NRT,SVEL_2_QC,['byte'],[nan]
E2M3A_CTD_meteo_CO2_pH_NRT,TEMP_1,['float'],[nan]
E2M3A_CTD_meteo_CO2_pH_NRT,TEMP_1_QC,['byte'],[nan]
E2M3A_CTD_meteo_CO2_pH_NRT,TEMP_2,['float'],[nan]
E2M3A_CTD_meteo_CO2_pH_NRT,TEMP_2_QC,['byte'],[nan]
E2M3A_CTD_meteo_CO2_pH_NRT,TEMP_3,['float'],[nan]
E2M3A_CTD_meteo_CO2_pH_NRT,TEMP_3_QC,['byte'],[nan]
E2M3A_CTD_meteo_CO2_pH_NRT,TEMP_4,['float'],[nan]
E2M3A_CTD_meteo_CO2_pH_NRT,TEMP_4_QC,['byte'],[nan]
E2M3A_CTD_meteo_CO2_pH_NRT,TMES_1,['float'],[nan]
E2M3A_CTD_meteo_CO2_pH_NRT,TMES_1_QC,['byte'],[nan]
E2M3A_CTD_meteo_CO2_pH_NRT,TMES_2,['float'],[nan]
E2M3A_CTD_meteo_CO2_pH_NRT,TMES_2_QC,['byte'],[nan]
E2M3A_CTD_meteo_CO2_pH_NRT,TMES_3,['float'],[nan]
E2M3A_CTD_meteo_CO2_pH_NRT,TMES_3_QC,['byte'],[nan]
E2M3A_CTD_meteo_CO2_pH_NRT,TMES_4,['float'],[nan]
E2M3A_CTD_meteo_CO2_pH_NRT,TMES_4_QC,['byte'],[nan]
E2M3A_CTD_meteo_CO2_pH_NRT,TUR4,['float'],[nan]
E2M3A_CTD_meteo_CO2_pH_NRT,TUR4_QC,['byte'],[nan]
E2M3A_CTD_meteo_CO2_pH_NRT,WDIR,['float'],[nan]
E2M3A_CTD_meteo_CO2_pH_NRT,WDIR_QC,['byte'],[nan]
E2M3A_CTD_meteo_CO2_pH_NRT,WSPD,['float'],[nan]
E2M3A_CTD_meteo_CO2_pH_NRT,WSPD_QC,['byte'],[nan]
E2M3A_CTD_meteo_CO2_pH_NRT,depth,['float'],[nan]
E2M3A_CTD_meteo_CO2_pH_NRT,latitude,['double'],[nan]
E2M3A_CTD_meteo_CO2_pH_NRT,longitude,['double'],[nan]
E2M3A_CTD_meteo_CO2_pH_NRT,time,['double'],[nan]
E2M3A_METEO,ATMS,['float'],[nan]
E2M3A_METEO,ATMS_QC,['byte'],[nan]
E2M3A_METEO,DRYT,['float'],[nan]
E2M3A_METEO,DRYT_QC,['byte'],[nan]
E2M3A_METEO,EWSB,['float'],[nan]
E2M3A_METEO,EWSB_QC,['byte'],[nan]
E2M3A_METEO,GDIR,['float'],[nan]
E2M3A_METEO,GDIR_QC,['byte'],[nan]
E2M3A_METEO,GSPD,['float'],[nan]
E2M3A_METEO,GSPD_QC,['byte'],[nan]
E2M3A_METEO,HEAD,['float'],[nan]
E2M3A_METEO,HEAD_QC,['byte'],[nan]
E2M3A_METEO,RELH,['float'],[nan]
E2M3A_METEO,RELH_QC,['byte'],[nan]
E2M3A_METEO,WDIR,['float'],[nan]
E2M3A_METEO,WDIR_QC,['byte'],[nan]
E2M3A_METEO,WSPD,['float'],[nan]
E2M3A_METEO,WSPD_QC,['byte'],[nan]
E2M3A_METEO,depth,['float'],[nan]
E2M3A_METEO,latitude,['double'],[nan]
E2M3A_METEO,longitude,['double'],[nan]
E2M3A_METEO,time,['double'],[nan]
E2M3A_MRDT,CSLR,['float'],[nan]
E2M3A_MRDT,CSLR_QC,['byte'],[nan]
E2M3A_MRDT,LWRD,['float'],[nan]
E2M3A_MRDT,LWRD_QC,['byte'],[nan]
E2M3A_MRDT,TMES_1,['float'],[nan]
E2M3A_MRDT,TMES_1_QC,['byte'],[nan]
E2M3A_MRDT,TMES_2,['float'],[nan]
E2M3A_MRDT,TMES_2_QC,['byte'],[nan]
E2M3A_MRDT,depth,['float'],[nan]
E2M3A_MRDT,latitude,['double'],[nan]
E2M3A_MRDT,longitude,['double'],[nan]
E2M3A_MRDT,time,['double'],[nan]
E2M3A_PCO2PROA,PCO2,['float'],[nan]
E2M3A_PCO2PROA,PCO2_QC,['byte'],[nan]
E2M3A_PCO2PROA,TMES,['float'],[nan]
E2M3A_PCO2PROA,TMES_QC,['byte'],[nan]
E2M3A_PCO2PROA,depth,['float'],[nan]
E2M3A_PCO2PROA,latitude,['double'],[nan]
E2M3A_PCO2PROA,longitude,['double'],[nan]
E2M3A_PCO2PROA,time,['double'],[nan]
E2M3A_PCO2PROW,PCO2,['float'],[nan]
E2M3A_PCO2PROW,PCO2_QC,['byte'],[nan]
E2M3A_PCO2PROW,TMES,['float'],[nan]
E2M3A_PCO2PROW,TMES_QC,['byte'],[nan]
E2M3A_PCO2PROW,depth,['float'],[nan]
E2M3A_PCO2PROW,latitude,['double'],[nan]
E2M3A_PCO2PROW,longitude,['double'],[nan]
E2M3A_PCO2PROW,time,['double'],[nan]
E2M3A_SAMI,PHPH,['float'],[nan]
E2M3A_SAMI,PHPH_QC,['byte'],[nan]
E2M3A_SAMI,PSAL,['float'],[nan]
E2M3A_SAMI,PSAL_QC,['byte'],[nan]
E2M3A_SAMI,TEMP,['float'],[nan]
E2M3A_SAMI,TEMP_QC,['byte'],[nan]
E2M3A_SAMI,depth,['float'],[nan]
E2M3A_SAMI,latitude,['double'],[nan]
E2M3A_SAMI,longitude,['double'],[nan]
E2M3A_SAMI,time,['double'],[nan]
E2M3A_SBE16PLS,CNDC,['float'],[nan]
E2M3A_SBE16PLS,CNDC_QC,['byte'],[nan]
E2M3A_SBE16PLS,DOX1,['float'],[nan]
E2M3A_SBE16PLS,DOX1_QC,['byte'],[nan]
E2M3A_SBE16PLS,PRES,['float'],[nan]
E2M3A_SBE16PLS,PRES_QC,['byte'],[nan]
E2M3A_SBE16PLS,PSAL,['float'],[nan]
E2M3A_SBE16PLS,PSAL_QC,['byte'],[nan]
E2M3A_SBE16PLS,SVEL,['float'],[nan]
E2M3A_SBE16PLS,SVEL_QC,['byte'],[nan]
E2M3A_SBE16PLS,TEMP,['float'],[nan]
E2M3A_SBE16PLS,TEMP_QC,['byte'],[nan]
E2M3A_SBE16PLS,depth,['float'],[nan]
E2M3A_SBE16PLS,latitude,['double'],[nan]
E2M3A_SBE16PLS,longitude,['double'],[nan]
E2M3A_SBE16PLS,time,['double'],[nan]
E2M3A_SBE37O,CNDC,['float'],[nan]
E2M3A_SBE37O,CNDC_QC,['byte'],[nan]
E2M3A_SBE37O,DOX1,['float'],[nan]
E2M3A_SBE37O,DOX1_QC,['byte'],[nan]
E2M3A_SBE37O,PSAL,['float'],[nan]
E2M3A_SBE37O,PSAL_QC,['byte'],[nan]
E2M3A_SBE37O,SVEL,['float'],[nan]
E2M3A_SBE37O,SVEL_QC,['byte'],[nan]
E2M3A_SBE37O,TEMP,['float'],[nan]
E2M3A_SBE37O,TEMP_QC,['byte'],[nan]
E2M3A_SBE37O,depth,['float'],[nan]
E2M3A_SBE37O,latitude,['double'],[nan]
E2M3A_SBE37O,longitude,['double'],[nan]
E2M3A_SBE37O,time,['double'],[nan]
EMSO-AZORES_Borel_Meteo-Unit-1_2010-2011,ATMS,['float'],[nan]
EMSO-AZORES_Borel_Meteo-Unit-1_2010-2011,ATMS_QC,['byte'],[nan]
EMSO-AZORES_Borel_Meteo-Unit-1_2010-2011,DEPH_QC,['byte'],[nan]
EMSO-AZORES_Borel_Meteo-Unit-1_2010-2011,DRYT,['float'],[nan]
EMSO-AZORES_Borel_Meteo-Unit-1_2010-2011,DRYT_QC,['byte'],[nan]
EMSO-AZORES_Borel_Meteo-Unit-1_2010-2011,TIME_QC,['byte'],[nan]
EMSO-AZORES_Borel_Meteo-Unit-1_2010-2011,WDIR,['float'],[nan]
EMSO-AZORES_Borel_Meteo-Unit-1_2010-2011,WDIR_QC,['byte'],[nan]
EMSO-AZORES_Borel_Meteo-Unit-1_2010-2011,WSPD,['float'],[nan]
EMSO-AZORES_Borel_Meteo-Unit-1_2010-2011,WSPD_QC,['byte'],[nan]
EMSO-AZORES_Borel_Meteo-Unit-1_2010-2011,depth,['float'],[nan]
EMSO-AZORES_Borel_Meteo-Unit-1_2010-2011,latitude,['float'],[nan]
EMSO-AZORES_Borel_Meteo-Unit-1_2010-2011,longitude,['float'],[nan]
EMSO-AZORES_Borel_Meteo-Unit-1_2010-2011,time,['double'],[nan]
EMSO-AZORES_Borel_Meteo-Unit-1_2011-2012,ATMS,['float'],[nan]
EMSO-AZORES_Borel_Meteo-Unit-1_2011-2012,ATMS_QC,['byte'],[nan]
EMSO-AZORES_Borel_Meteo-Unit-1_2011-2012,DEPH_QC,['byte'],[nan]
EMSO-AZORES_Borel_Meteo-Unit-1_2011-2012,DRYT,['float'],[nan]
EMSO-AZORES_Borel_Meteo-Unit-1_2011-2012,DRYT_QC,['byte'],[nan]
EMSO-AZORES_Borel_Meteo-Unit-1_2011-2012,TIME_QC,['byte'],[nan]
EMSO-AZORES_Borel_Meteo-Unit-1_2011-2012,WDIR,['float'],[nan]
EMSO-AZORES_Borel_Meteo-Unit-1_2011-2012,WDIR_QC,['byte'],[nan]
EMSO-AZORES_Borel_Meteo-Unit-1_2011-2012,WSPD,['float'],[nan]
EMSO-AZORES_Borel_Meteo-Unit-1_2011-2012,WSPD_QC,['byte'],[nan]
EMSO-AZORES_Borel_Meteo-Unit-1_2011-2012,depth,['float'],[nan]
EMSO-AZORES_Borel_Meteo-Unit-1_2011-2012,latitude,['float'],[nan]
EMSO-AZORES_Borel_Meteo-Unit-1_2011-2012,longitude,['float'],[nan]
EMSO-AZORES_Borel_Meteo-Unit-1_2011-2012,time,['double'],[nan]
EMSO-AZORES_Borel_Meteo-Unit-1_2012-2013,ATMS,['float'],[nan]
EMSO-AZORES_Borel_Meteo-Unit-1_2012-2013,ATMS_QC,['byte'],[nan]
EMSO-AZORES_Borel_Meteo-Unit-1_2012-2013,DEPH_QC,['byte'],[nan]
EMSO-AZORES_Borel_Meteo-Unit-1_2012-2013,DRYT,['float'],[nan]
EMSO-AZORES_Borel_Meteo-Unit-1_2012-2013,DRYT_QC,['byte'],[nan]
EMSO-AZORES_Borel_Meteo-Unit-1_2012-2013,TIME_QC,['byte'],[nan]
EMSO-AZORES_Borel_Meteo-Unit-1_2012-2013,WDIR,['float'],[nan]
EMSO-AZORES_Borel_Meteo-Unit-1_2012-2013,WDIR_QC,['byte'],[nan]
EMSO-AZORES_Borel_Meteo-Unit-1_2012-2013,WSPD,['float'],[nan]
EMSO-AZORES_Borel_Meteo-Unit-1_2012-2013,WSPD_QC,['byte'],[nan]
EMSO-AZORES_Borel_Meteo-Unit-1_2012-2013,depth,['float'],[nan]
EMSO-AZORES_Borel_Meteo-Unit-1_2012-2013,latitude,['float'],[nan]
EMSO-AZORES_Borel_Meteo-Unit-1_2012-2013,longitude,['float'],[nan]
EMSO-AZORES_Borel_Meteo-Unit-1_2012-2013,time,['double'],[nan]
EMSO-AZORES_Borel_Meteo-Unit-1_2013-2014,ATMS,['float'],[nan]
EMSO-AZORES_Borel_Meteo-Unit-1_2013-2014,ATMS_QC,['byte'],[nan]
EMSO-AZORES_Borel_Meteo-Unit-1_2013-2014,DEPH_QC,['byte'],[nan]
EMSO-AZORES_Borel_Meteo-Unit-1_2013-2014,DRYT,['float'],[nan]
EMSO-AZORES_Borel_Meteo-Unit-1_2013-2014,DRYT_QC,['byte'],[nan]
EMSO-AZORES_Borel_Meteo-Unit-1_2013-2014,TIME_QC,['byte'],[nan]
EMSO-AZORES_Borel_Meteo-Unit-1_2013-2014,WDIR,['float'],[nan]
EMSO-AZORES_Borel_Meteo-Unit-1_2013-2014,WDIR_QC,['byte'],[nan]
EMSO-AZORES_Borel_Meteo-Unit-1_2013-2014,WSPD,['float'],[nan]
EMSO-AZORES_Borel_Meteo-Unit-1_2013-2014,WSPD_QC,['byte'],[nan]
EMSO-AZORES_Borel_Meteo-Unit-1_2013-2014,depth,['float'],[nan]
EMSO-AZORES_Borel_Meteo-Unit-1_2013-2014,latitude,['float'],[nan]
EMSO-AZORES_Borel_Meteo-Unit-1_2013-2014,longitude,['float'],[nan]
EMSO-AZORES_Borel_Meteo-Unit-1_2013-2014,time,['double'],[nan]
EMSO-AZORES_Borel_Meteo-Unit-1_2014-2015,ATMS,['float'],[nan]
EMSO-AZORES_Borel_Meteo-Unit-1_2014-2015,ATMS_QC,['byte'],[nan]
EMSO-AZORES_Borel_Meteo-Unit-1_2014-2015,DEPH_QC,['byte'],[nan]
EMSO-AZORES_Borel_Meteo-Unit-1_2014-2015,DRYT,['float'],[nan]
EMSO-AZORES_Borel_Meteo-Unit-1_2014-2015,DRYT_QC,['byte'],[nan]
EMSO-AZORES_Borel_Meteo-Unit-1_2014-2015,TIME_QC,['byte'],[nan]
EMSO-AZORES_Borel_Meteo-Unit-1_2014-2015,WDIR,['float'],[nan]
EMSO-AZORES_Borel_Meteo-Unit-1_2014-2015,WDIR_QC,['byte'],[nan]
EMSO-AZORES_Borel_Meteo-Unit-1_2014-2015,WSPD,['float'],[nan]
EMSO-AZORES_Borel_Meteo-Unit-1_2014-2015,WSPD_QC,['byte'],[nan]
EMSO-AZORES_Borel_Meteo-Unit-1_2014-2015,depth,['float'],[nan]
EMSO-AZORES_Borel_Meteo-Unit-1_2014-2015,latitude,['float'],[nan]
EMSO-AZORES_Borel_Meteo-Unit-1_2014-2015,longitude,['float'],[nan]
EMSO-AZORES_Borel_Meteo-Unit-1_2014-2015,time,['double'],[nan]
EMSO-AZORES_Borel_Meteo-Unit-1_2015-2016,ATMS,['float'],[nan]
EMSO-AZORES_Borel_Meteo-Unit-1_2015-2016,ATMS_QC,['byte'],[nan]
EMSO-AZORES_Borel_Meteo-Unit-1_2015-2016,DEPH_QC,['byte'],[nan]
EMSO-AZORES_Borel_Meteo-Unit-1_2015-2016,DRYT,['float'],[nan]
EMSO-AZORES_Borel_Meteo-Unit-1_2015-2016,DRYT_QC,['byte'],[nan]
EMSO-AZORES_Borel_Meteo-Unit-1_2015-2016,TIME_QC,['byte'],[nan]
EMSO-AZORES_Borel_Meteo-Unit-1_2015-2016,WDIR,['float'],[nan]
EMSO-AZORES_Borel_Meteo-Unit-1_2015-2016,WDIR_QC,['byte'],[nan]
EMSO-AZORES_Borel_Meteo-Unit-1_2015-2016,WSPD,['float'],[nan]
EMSO-AZORES_Borel_Meteo-Unit-1_2015-2016,WSPD_QC,['byte'],[nan]
EMSO-AZORES_Borel_Meteo-Unit-1_2015-2016,depth,['float'],[nan]
EMSO-AZORES_Borel_Meteo-Unit-1_2015-2016,latitude,['float'],[nan]
EMSO-AZORES_Borel_Meteo-Unit-1_2015-2016,longitude,['float'],[nan]
EMSO-AZORES_Borel_Meteo-Unit-1_2015-2016,time,['double'],[nan]
EMSO-AZORES_Borel_Meteo-Unit-1_2016-2017,ATMS,['float'],[nan]
EMSO-AZORES_Borel_Meteo-Unit-1_2016-2017,ATMS_QC,['byte'],[nan]
EMSO-AZORES_Borel_Meteo-Unit-1_2016-2017,DEPH_QC,['byte'],[nan]
EMSO-AZORES_Borel_Meteo-Unit-1_2016-2017,DRYT,['float'],[nan]
EMSO-AZORES_Borel_Meteo-Unit-1_2016-2017,DRYT_QC,['byte'],[nan]
EMSO-AZORES_Borel_Meteo-Unit-1_2016-2017,TIME_QC,['byte'],[nan]
EMSO-AZORES_Borel_Meteo-Unit-1_2016-2017,WDIR,['float'],[nan]
EMSO-AZORES_Borel_Meteo-Unit-1_2016-2017,WDIR_QC,['byte'],[nan]
EMSO-AZORES_Borel_Meteo-Unit-1_2016-2017,WSPD,['float'],[nan]
EMSO-AZORES_Borel_Meteo-Unit-1_2016-2017,WSPD_QC,['byte'],[nan]
EMSO-AZORES_Borel_Meteo-Unit-1_2016-2017,depth,['float'],[nan]
EMSO-AZORES_Borel_Meteo-Unit-1_2016-2017,latitude,['float'],[nan]
EMSO-AZORES_Borel_Meteo-Unit-1_2016-2017,longitude,['float'],[nan]
EMSO-AZORES_Borel_Meteo-Unit-1_2016-2017,time,['double'],[nan]
EMSO-AZORES_Borel_Meteo-Unit-2_2016-2017,ATMS,['float'],[nan]
EMSO-AZORES_Borel_Meteo-Unit-2_2016-2017,ATMS_QC,['byte'],[nan]
EMSO-AZORES_Borel_Meteo-Unit-2_2016-2017,DEPH_QC,['byte'],[nan]
EMSO-AZORES_Borel_Meteo-Unit-2_2016-2017,DRYT,['float'],[nan]
EMSO-AZORES_Borel_Meteo-Unit-2_2016-2017,DRYT_QC,['byte'],[nan]
EMSO-AZORES_Borel_Meteo-Unit-2_2016-2017,TIME_QC,['byte'],[nan]
EMSO-AZORES_Borel_Meteo-Unit-2_2016-2017,WDIR,['float'],[nan]
EMSO-AZORES_Borel_Meteo-Unit-2_2016-2017,WDIR_QC,['byte'],[nan]
EMSO-AZORES_Borel_Meteo-Unit-2_2016-2017,WSPD,['float'],[nan]
EMSO-AZORES_Borel_Meteo-Unit-2_2016-2017,WSPD_QC,['byte'],[nan]
EMSO-AZORES_Borel_Meteo-Unit-2_2016-2017,depth,['float'],[nan]
EMSO-AZORES_Borel_Meteo-Unit-2_2016-2017,latitude,['float'],[nan]
EMSO-AZORES_Borel_Meteo-Unit-2_2016-2017,longitude,['float'],[nan]
EMSO-AZORES_Borel_Meteo-Unit-2_2016-2017,time,['double'],[nan]
EMSO-AZORES_CHEMINI_Total-Iron_2011-2012,DEPH_QC,['byte'],[nan]
EMSO-AZORES_CHEMINI_Total-Iron_2011-2012,IRON,['float'],[nan]
EMSO-AZORES_CHEMINI_Total-Iron_2011-2012,IRON_QC,['byte'],[nan]
EMSO-AZORES_CHEMINI_Total-Iron_2011-2012,TIME_QC,['byte'],[nan]
EMSO-AZORES_CHEMINI_Total-Iron_2011-2012,depth,['float'],[nan]
EMSO-AZORES_CHEMINI_Total-Iron_2011-2012,latitude,['float'],[nan]
EMSO-AZORES_CHEMINI_Total-Iron_2011-2012,longitude,['float'],[nan]
EMSO-AZORES_CHEMINI_Total-Iron_2011-2012,time,['double'],[nan]
EMSO-AZORES_CHEMINI_Total-Iron_2013-2014,DEPH_QC,['byte'],[nan]
EMSO-AZORES_CHEMINI_Total-Iron_2013-2014,IRON,['float'],[nan]
EMSO-AZORES_CHEMINI_Total-Iron_2013-2014,IRON_QC,['byte'],[nan]
EMSO-AZORES_CHEMINI_Total-Iron_2013-2014,TIME_QC,['byte'],[nan]
EMSO-AZORES_CHEMINI_Total-Iron_2013-2014,depth,['float'],[nan]
EMSO-AZORES_CHEMINI_Total-Iron_2013-2014,latitude,['float'],[nan]
EMSO-AZORES_CHEMINI_Total-Iron_2013-2014,longitude,['float'],[nan]
EMSO-AZORES_CHEMINI_Total-Iron_2013-2014,time,['double'],[nan]
EMSO-AZORES_CHEMINI_Total-Iron_2014-2015,DEPH_QC,['byte'],[nan]
EMSO-AZORES_CHEMINI_Total-Iron_2014-2015,IRON,['float'],[nan]
EMSO-AZORES_CHEMINI_Total-Iron_2014-2015,IRON_QC,['byte'],[nan]
EMSO-AZORES_CHEMINI_Total-Iron_2014-2015,TEMP,['float'],[nan]
EMSO-AZORES_CHEMINI_Total-Iron_2014-2015,TEMP_QC,['byte'],[nan]
EMSO-AZORES_CHEMINI_Total-Iron_2014-2015,TIME_QC,['byte'],[nan]
EMSO-AZORES_CHEMINI_Total-Iron_2014-2015,depth,['float'],[nan]
EMSO-AZORES_CHEMINI_Total-Iron_2014-2015,latitude,['float'],[nan]
EMSO-AZORES_CHEMINI_Total-Iron_2014-2015,longitude,['float'],[nan]
EMSO-AZORES_CHEMINI_Total-Iron_2014-2015,time,['double'],[nan]
EMSO-AZORES_CHEMINI_Total-Iron_2016-2017,DEPH_QC,['byte'],[nan]
EMSO-AZORES_CHEMINI_Total-Iron_2016-2017,IRON,['float'],[nan]
EMSO-AZORES_CHEMINI_Total-Iron_2016-2017,IRON_QC,['byte'],[nan]
EMSO-AZORES_CHEMINI_Total-Iron_2016-2017,TEMP,['float'],[nan]
EMSO-AZORES_CHEMINI_Total-Iron_2016-2017,TEMP_QC,['byte'],[nan]
EMSO-AZORES_CHEMINI_Total-Iron_2016-2017,TIME_QC,['byte'],[nan]
EMSO-AZORES_CHEMINI_Total-Iron_2016-2017,depth,['float'],[nan]
EMSO-AZORES_CHEMINI_Total-Iron_2016-2017,latitude,['float'],[nan]
EMSO-AZORES_CHEMINI_Total-Iron_2016-2017,longitude,['float'],[nan]
EMSO-AZORES_CHEMINI_Total-Iron_2016-2017,time,['double'],[nan]
EMSO-AZORES_CHEMINI_Total-Iron_2017-2018,DEPH_QC,['byte'],[nan]
EMSO-AZORES_CHEMINI_Total-Iron_2017-2018,IRON,['float'],[nan]
EMSO-AZORES_CHEMINI_Total-Iron_2017-2018,IRON_QC,['byte'],[nan]
EMSO-AZORES_CHEMINI_Total-Iron_2017-2018,TEMP,['float'],[nan]
EMSO-AZORES_CHEMINI_Total-Iron_2017-2018,TEMP_QC,['byte'],[nan]
EMSO-AZORES_CHEMINI_Total-Iron_2017-2018,TIME_QC,['byte'],[nan]
EMSO-AZORES_CHEMINI_Total-Iron_2017-2018,depth,['float'],[nan]
EMSO-AZORES_CHEMINI_Total-Iron_2017-2018,latitude,['float'],[nan]
EMSO-AZORES_CHEMINI_Total-Iron_2017-2018,longitude,['float'],[nan]
EMSO-AZORES_CHEMINI_Total-Iron_2017-2018,time,['double'],[nan]
EMSO-AZORES_CHEMINI_Total-Iron_2018-2019,DEPH_QC,['byte'],[nan]
EMSO-AZORES_CHEMINI_Total-Iron_2018-2019,IRON,['float'],[nan]
EMSO-AZORES_CHEMINI_Total-Iron_2018-2019,IRON_QC,['byte'],[nan]
EMSO-AZORES_CHEMINI_Total-Iron_2018-2019,TEMP,['float'],[nan]
EMSO-AZORES_CHEMINI_Total-Iron_2018-2019,TEMP_QC,['byte'],[nan]
EMSO-AZORES_CHEMINI_Total-Iron_2018-2019,TIME_QC,['byte'],[nan]
EMSO-AZORES_CHEMINI_Total-Iron_2018-2019,depth,['float'],[nan]
EMSO-AZORES_CHEMINI_Total-Iron_2018-2019,latitude,['float'],[nan]
EMSO-AZORES_CHEMINI_Total-Iron_2018-2019,longitude,['float'],[nan]
EMSO-AZORES_CHEMINI_Total-Iron_2018-2019,time,['double'],[nan]
EMSO-AZORES_CHEMINI_Total-Iron_2019-2020,DEPH_QC,['byte'],[nan]
EMSO-AZORES_CHEMINI_Total-Iron_2019-2020,IRON,['float'],[nan]
EMSO-AZORES_CHEMINI_Total-Iron_2019-2020,IRON_QC,['byte'],[nan]
EMSO-AZORES_CHEMINI_Total-Iron_2019-2020,TIME_QC,['byte'],[nan]
EMSO-AZORES_CHEMINI_Total-Iron_2019-2020,depth,['float'],[nan]
EMSO-AZORES_CHEMINI_Total-Iron_2019-2020,latitude,['float'],[nan]
EMSO-AZORES_CHEMINI_Total-Iron_2019-2020,longitude,['float'],[nan]
EMSO-AZORES_CHEMINI_Total-Iron_2019-2020,time,['double'],[nan]
EMSO-AZORES_EGIM_Optode-O2_2017-2018,DEPH_QC,['byte'],[nan]
EMSO-AZORES_EGIM_Optode-O2_2017-2018,DOXY,['float'],[nan]
EMSO-AZORES_EGIM_Optode-O2_2017-2018,DOXY_QC,['byte'],[nan]
EMSO-AZORES_EGIM_Optode-O2_2017-2018,OSAT,['float'],[nan]
EMSO-AZORES_EGIM_Optode-O2_2017-2018,OSAT_QC,['byte'],[nan]
EMSO-AZORES_EGIM_Optode-O2_2017-2018,TEMP,['float'],[nan]
EMSO-AZORES_EGIM_Optode-O2_2017-2018,TEMP_QC,['byte'],[nan]
EMSO-AZORES_EGIM_Optode-O2_2017-2018,TIME_QC,['byte'],[nan]
EMSO-AZORES_EGIM_Optode-O2_2017-2018,depth,['float'],[nan]
EMSO-AZORES_EGIM_Optode-O2_2017-2018,latitude,['float'],[nan]
EMSO-AZORES_EGIM_Optode-O2_2017-2018,longitude,['float'],[nan]
EMSO-AZORES_EGIM_Optode-O2_2017-2018,time,['double'],[nan]
EMSO-AZORES_EGIM_Precise-Pressure_2017-2018,DEPH_QC,['byte'],[nan]
EMSO-AZORES_EGIM_Precise-Pressure_2017-2018,PRES,['float'],[nan]
EMSO-AZORES_EGIM_Precise-Pressure_2017-2018,PRES_QC,['byte'],[nan]
EMSO-AZORES_EGIM_Precise-Pressure_2017-2018,TEMP,['float'],[nan]
EMSO-AZORES_EGIM_Precise-Pressure_2017-2018,TEMP_QC,['byte'],[nan]
EMSO-AZORES_EGIM_Precise-Pressure_2017-2018,TIME_QC,['byte'],[nan]
EMSO-AZORES_EGIM_Precise-Pressure_2017-2018,depth,['float'],[nan]
EMSO-AZORES_EGIM_Precise-Pressure_2017-2018,latitude,['float'],[nan]
EMSO-AZORES_EGIM_Precise-Pressure_2017-2018,longitude,['float'],[nan]
EMSO-AZORES_EGIM_Precise-Pressure_2017-2018,time,['double'],[nan]
EMSO-AZORES_EGIM_TEMP-CNDC-PRES_2017-2018,CNDC,['float'],[nan]
EMSO-AZORES_EGIM_TEMP-CNDC-PRES_2017-2018,CNDC_QC,['byte'],[nan]
EMSO-AZORES_EGIM_TEMP-CNDC-PRES_2017-2018,DEPH_QC,['byte'],[nan]
EMSO-AZORES_EGIM_TEMP-CNDC-PRES_2017-2018,PRES,['float'],[nan]
EMSO-AZORES_EGIM_TEMP-CNDC-PRES_2017-2018,PRES_QC,['byte'],[nan]
EMSO-AZORES_EGIM_TEMP-CNDC-PRES_2017-2018,PSAL,['float'],[nan]
EMSO-AZORES_EGIM_TEMP-CNDC-PRES_2017-2018,PSAL_QC,['byte'],[nan]
EMSO-AZORES_EGIM_TEMP-CNDC-PRES_2017-2018,SVEL,['float'],[nan]
EMSO-AZORES_EGIM_TEMP-CNDC-PRES_2017-2018,SVEL_QC,['byte'],[nan]
EMSO-AZORES_EGIM_TEMP-CNDC-PRES_2017-2018,TEMP,['float'],[nan]
EMSO-AZORES_EGIM_TEMP-CNDC-PRES_2017-2018,TEMP_QC,['byte'],[nan]
EMSO-AZORES_EGIM_TEMP-CNDC-PRES_2017-2018,TIME_QC,['byte'],[nan]
EMSO-AZORES_EGIM_TEMP-CNDC-PRES_2017-2018,depth,['float'],[nan]
EMSO-AZORES_EGIM_TEMP-CNDC-PRES_2017-2018,latitude,['float'],[nan]
EMSO-AZORES_EGIM_TEMP-CNDC-PRES_2017-2018,longitude,['float'],[nan]
EMSO-AZORES_EGIM_TEMP-CNDC-PRES_2017-2018,time,['double'],[nan]
EMSO-AZORES_EGIM_Turbidity_2017-2018,DEPH_QC,['byte'],[nan]
EMSO-AZORES_EGIM_Turbidity_2017-2018,TIME_QC,['byte'],[nan]
EMSO-AZORES_EGIM_Turbidity_2017-2018,TUR4,['float'],[nan]
EMSO-AZORES_EGIM_Turbidity_2017-2018,TUR4_QC,['byte'],[nan]
EMSO-AZORES_EGIM_Turbidity_2017-2018,depth,['float'],[nan]
EMSO-AZORES_EGIM_Turbidity_2017-2018,latitude,['float'],[nan]
EMSO-AZORES_EGIM_Turbidity_2017-2018,longitude,['float'],[nan]
EMSO-AZORES_EGIM_Turbidity_2017-2018,time,['double'],[nan]
EMSO-AZORES_SBE53_East_2016_2017,DEPH_QC,['byte'],[nan]
EMSO-AZORES_SBE53_East_2016_2017,PRES,['float'],[nan]
EMSO-AZORES_SBE53_East_2016_2017,PRES_QC,['byte'],[nan]
EMSO-AZORES_SBE53_East_2016_2017,TEMP,['float'],[nan]
EMSO-AZORES_SBE53_East_2016_2017,TEMP_QC,['byte'],[nan]
EMSO-AZORES_SBE53_East_2016_2017,TIME_QC,['byte'],[nan]
EMSO-AZORES_SBE53_East_2016_2017,depth,['float'],[nan]
EMSO-AZORES_SBE53_East_2016_2017,latitude,['float'],[nan]
EMSO-AZORES_SBE53_East_2016_2017,longitude,['float'],[nan]
EMSO-AZORES_SBE53_East_2016_2017,time,['double'],[nan]
EMSO-AZORES_SBE53_East_2018_2019,DEPH_QC,['byte'],[nan]
EMSO-AZORES_SBE53_East_2018_2019,PRES,['float'],[nan]
EMSO-AZORES_SBE53_East_2018_2019,PRES_QC,['byte'],[nan]
EMSO-AZORES_SBE53_East_2018_2019,TEMP,['float'],[nan]
EMSO-AZORES_SBE53_East_2018_2019,TEMP_QC,['byte'],[nan]
EMSO-AZORES_SBE53_East_2018_2019,TIME_QC,['byte'],[nan]
EMSO-AZORES_SBE53_East_2018_2019,depth,['float'],[nan]
EMSO-AZORES_SBE53_East_2018_2019,latitude,['float'],[nan]
EMSO-AZORES_SBE53_East_2018_2019,longitude,['float'],[nan]
EMSO-AZORES_SBE53_East_2018_2019,time,['double'],[nan]
EMSO-AZORES_SBE53_East_2019_2020,DEPH_QC,['byte'],[nan]
EMSO-AZORES_SBE53_East_2019_2020,PRES,['float'],[nan]
EMSO-AZORES_SBE53_East_2019_2020,PRES_QC,['byte'],[nan]
EMSO-AZORES_SBE53_East_2019_2020,TEMP,['float'],[nan]
EMSO-AZORES_SBE53_East_2019_2020,TEMP_QC,['byte'],[nan]
EMSO-AZORES_SBE53_East_2019_2020,TIME_QC,['byte'],[nan]
EMSO-AZORES_SBE53_East_2019_2020,depth,['float'],[nan]
EMSO-AZORES_SBE53_East_2019_2020,latitude,['float'],[nan]
EMSO-AZORES_SBE53_East_2019_2020,longitude,['float'],[nan]
EMSO-AZORES_SBE53_East_2019_2020,time,['double'],[nan]
EMSO-AZORES_SBE53_West_2016_2017,DEPH_QC,['byte'],[nan]
EMSO-AZORES_SBE53_West_2016_2017,PRES,['float'],[nan]
EMSO-AZORES_SBE53_West_2016_2017,PRES_QC,['byte'],[nan]
EMSO-AZORES_SBE53_West_2016_2017,TEMP,['float'],[nan]
EMSO-AZORES_SBE53_West_2016_2017,TEMP_QC,['byte'],[nan]
EMSO-AZORES_SBE53_West_2016_2017,TIME_QC,['byte'],[nan]
EMSO-AZORES_SBE53_West_2016_2017,depth,['float'],[nan]
EMSO-AZORES_SBE53_West_2016_2017,latitude,['float'],[nan]
EMSO-AZORES_SBE53_West_2016_2017,longitude,['float'],[nan]
EMSO-AZORES_SBE53_West_2016_2017,time,['double'],[nan]
EMSO-AZORES_SBE53_West_2018_2019,DEPH_QC,['byte'],[nan]
EMSO-AZORES_SBE53_West_2018_2019,PRES,['float'],[nan]
EMSO-AZORES_SBE53_West_2018_2019,PRES_QC,['byte'],[nan]
EMSO-AZORES_SBE53_West_2018_2019,TEMP,['float'],[nan]
EMSO-AZORES_SBE53_West_2018_2019,TEMP_QC,['byte'],[nan]
EMSO-AZORES_SBE53_West_2018_2019,TIME_QC,['byte'],[nan]
EMSO-AZORES_SBE53_West_2018_2019,depth,['float'],[nan]
EMSO-AZORES_SBE53_West_2018_2019,latitude,['float'],[nan]
EMSO-AZORES_SBE53_West_2018_2019,longitude,['float'],[nan]
EMSO-AZORES_SBE53_West_2018_2019,time,['double'],[nan]
EMSO-AZORES_SBE53_West_2019_2020,DEPH_QC,['byte'],[nan]
EMSO-AZORES_SBE53_West_2019_2020,PRES,['float'],[nan]
EMSO-AZORES_SBE53_West_2019_2020,PRES_QC,['byte'],[nan]
EMSO-AZORES_SBE53_West_2019_2020,TEMP,['float'],[nan]
EMSO-AZORES_SBE53_West_2019_2020,TEMP_QC,['byte'],[nan]
EMSO-AZORES_SBE53_West_2019_2020,TIME_QC,['byte'],[nan]
EMSO-AZORES_SBE53_West_2019_2020,depth,['float'],[nan]
EMSO-AZORES_SBE53_West_2019_2020,latitude,['float'],[nan]
EMSO-AZORES_SBE53_West_2019_2020,longitude,['float'],[nan]
EMSO-AZORES_SBE53_West_2019_2020,time,['double'],[nan]
EMSO-AZORES_Seamon-East_Optode-O2_2012-2013,DEPH_QC,['byte'],[nan]
EMSO-AZORES_Seamon-East_Optode-O2_2012-2013,DOXY,['float'],[nan]
EMSO-AZORES_Seamon-East_Optode-O2_2012-2013,DOXY_QC,['byte'],[nan]
EMSO-AZORES_Seamon-East_Optode-O2_2012-2013,OSAT,['float'],[nan]
EMSO-AZORES_Seamon-East_Optode-O2_2012-2013,OSAT_QC,['byte'],[nan]
EMSO-AZORES_Seamon-East_Optode-O2_2012-2013,TEMP,['float'],[nan]
EMSO-AZORES_Seamon-East_Optode-O2_2012-2013,TEMP_QC,['byte'],[nan]
EMSO-AZORES_Seamon-East_Optode-O2_2012-2013,TIME_QC,['byte'],[nan]
EMSO-AZORES_Seamon-East_Optode-O2_2012-2013,depth,['float'],[nan]
EMSO-AZORES_Seamon-East_Optode-O2_2012-2013,latitude,['float'],[nan]
EMSO-AZORES_Seamon-East_Optode-O2_2012-2013,longitude,['float'],[nan]
EMSO-AZORES_Seamon-East_Optode-O2_2012-2013,time,['double'],[nan]
EMSO-AZORES_Seamon-East_Optode-O2_2013-2014,DEPH_QC,['byte'],[nan]
EMSO-AZORES_Seamon-East_Optode-O2_2013-2014,DOXY,['float'],[nan]
EMSO-AZORES_Seamon-East_Optode-O2_2013-2014,DOXY_QC,['byte'],[nan]
EMSO-AZORES_Seamon-East_Optode-O2_2013-2014,OSAT,['float'],[nan]
EMSO-AZORES_Seamon-East_Optode-O2_2013-2014,OSAT_QC,['byte'],[nan]
EMSO-AZORES_Seamon-East_Optode-O2_2013-2014,TEMP,['float'],[nan]
EMSO-AZORES_Seamon-East_Optode-O2_2013-2014,TEMP_QC,['byte'],[nan]
EMSO-AZORES_Seamon-East_Optode-O2_2013-2014,TIME_QC,['byte'],[nan]
EMSO-AZORES_Seamon-East_Optode-O2_2013-2014,depth,['float'],[nan]
EMSO-AZORES_Seamon-East_Optode-O2_2013-2014,latitude,['float'],[nan]
EMSO-AZORES_Seamon-East_Optode-O2_2013-2014,longitude,['float'],[nan]
EMSO-AZORES_Seamon-East_Optode-O2_2013-2014,time,['double'],[nan]
EMSO-AZORES_Seamon-East_Optode-O2_2015-2016,DEPH_QC,['byte'],[nan]
EMSO-AZORES_Seamon-East_Optode-O2_2015-2016,DOXY,['float'],[nan]
EMSO-AZORES_Seamon-East_Optode-O2_2015-2016,DOXY_QC,['byte'],[nan]
EMSO-AZORES_Seamon-East_Optode-O2_2015-2016,OSAT,['float'],[nan]
EMSO-AZORES_Seamon-East_Optode-O2_2015-2016,OSAT_QC,['byte'],[nan]
EMSO-AZORES_Seamon-East_Optode-O2_2015-2016,TEMP,['float'],[nan]
EMSO-AZORES_Seamon-East_Optode-O2_2015-2016,TEMP_QC,['byte'],[nan]
EMSO-AZORES_Seamon-East_Optode-O2_2015-2016,TIME_QC,['byte'],[nan]
EMSO-AZORES_Seamon-East_Optode-O2_2015-2016,depth,['float'],[nan]
EMSO-AZORES_Seamon-East_Optode-O2_2015-2016,latitude,['float'],[nan]
EMSO-AZORES_Seamon-East_Optode-O2_2015-2016,longitude,['float'],[nan]
EMSO-AZORES_Seamon-East_Optode-O2_2015-2016,time,['double'],[nan]
EMSO-AZORES_Seamon-East_Optode-O2_2016-2017,DEPH_QC,['byte'],[nan]
EMSO-AZORES_Seamon-East_Optode-O2_2016-2017,DOXY,['float'],[nan]
EMSO-AZORES_Seamon-East_Optode-O2_2016-2017,DOXY_QC,['byte'],[nan]
EMSO-AZORES_Seamon-East_Optode-O2_2016-2017,OSAT,['float'],[nan]
EMSO-AZORES_Seamon-East_Optode-O2_2016-2017,OSAT_QC,['byte'],[nan]
EMSO-AZORES_Seamon-East_Optode-O2_2016-2017,TEMP,['float'],[nan]
EMSO-AZORES_Seamon-East_Optode-O2_2016-2017,TEMP_QC,['byte'],[nan]
EMSO-AZORES_Seamon-East_Optode-O2_2016-2017,TIME_QC,['byte'],[nan]
EMSO-AZORES_Seamon-East_Optode-O2_2016-2017,depth,['float'],[nan]
EMSO-AZORES_Seamon-East_Optode-O2_2016-2017,latitude,['float'],[nan]
EMSO-AZORES_Seamon-East_Optode-O2_2016-2017,longitude,['float'],[nan]
EMSO-AZORES_Seamon-East_Optode-O2_2016-2017,time,['double'],[nan]
EMSO-AZORES_TCM3-1_2016-2017,DEPH_QC,['byte'],[nan]
EMSO-AZORES_TCM3-1_2016-2017,EWCT,['float'],[nan]
EMSO-AZORES_TCM3-1_2016-2017,EWCT_QC,['byte'],[nan]
EMSO-AZORES_TCM3-1_2016-2017,HCDT,['float'],[nan]
EMSO-AZORES_TCM3-1_2016-2017,HCDT_QC,['byte'],[nan]
EMSO-AZORES_TCM3-1_2016-2017,HCSP,['float'],[nan]
EMSO-AZORES_TCM3-1_2016-2017,HCSP_QC,['byte'],[nan]
EMSO-AZORES_TCM3-1_2016-2017,NSCT,['float'],[nan]
EMSO-AZORES_TCM3-1_2016-2017,NSCT_QC,['byte'],[nan]
EMSO-AZORES_TCM3-1_2016-2017,TEMP,['float'],[nan]
EMSO-AZORES_TCM3-1_2016-2017,TEMP_QC,['byte'],[nan]
EMSO-AZORES_TCM3-1_2016-2017,TIME_QC,['byte'],[nan]
EMSO-AZORES_TCM3-1_2016-2017,depth,['float'],[nan]
EMSO-AZORES_TCM3-1_2016-2017,latitude,['float'],[nan]
EMSO-AZORES_TCM3-1_2016-2017,longitude,['float'],[nan]
EMSO-AZORES_TCM3-1_2016-2017,time,['double'],[nan]
EMSO-AZORES_TCM3-1_2017-2018,DEPH_QC,['byte'],[nan]
EMSO-AZORES_TCM3-1_2017-2018,EWCT,['float'],[nan]
EMSO-AZORES_TCM3-1_2017-2018,EWCT_QC,['byte'],[nan]
EMSO-AZORES_TCM3-1_2017-2018,HCDT,['float'],[nan]
EMSO-AZORES_TCM3-1_2017-2018,HCDT_QC,['byte'],[nan]
EMSO-AZORES_TCM3-1_2017-2018,HCSP,['float'],[nan]
EMSO-AZORES_TCM3-1_2017-2018,HCSP_QC,['byte'],[nan]
EMSO-AZORES_TCM3-1_2017-2018,NSCT,['float'],[nan]
EMSO-AZORES_TCM3-1_2017-2018,NSCT_QC,['byte'],[nan]
EMSO-AZORES_TCM3-1_2017-2018,TEMP,['float'],[nan]
EMSO-AZORES_TCM3-1_2017-2018,TEMP_QC,['byte'],[nan]
EMSO-AZORES_TCM3-1_2017-2018,TIME_QC,['byte'],[nan]
EMSO-AZORES_TCM3-1_2017-2018,depth,['float'],[nan]
EMSO-AZORES_TCM3-1_2017-2018,latitude,['float'],[nan]
EMSO-AZORES_TCM3-1_2017-2018,longitude,['float'],[nan]
EMSO-AZORES_TCM3-1_2017-2018,time,['double'],[nan]
EMSO-AZORES_TCM3-1_2018-2019,DEPH_QC,['byte'],[nan]
EMSO-AZORES_TCM3-1_2018-2019,EWCT,['float'],[nan]
EMSO-AZORES_TCM3-1_2018-2019,EWCT_QC,['byte'],[nan]
EMSO-AZORES_TCM3-1_2018-2019,HCDT,['float'],[nan]
EMSO-AZORES_TCM3-1_2018-2019,HCDT_QC,['byte'],[nan]
EMSO-AZORES_TCM3-1_2018-2019,HCSP,['float'],[nan]
EMSO-AZORES_TCM3-1_2018-2019,HCSP_QC,['byte'],[nan]
EMSO-AZORES_TCM3-1_2018-2019,NSCT,['float'],[nan]
EMSO-AZORES_TCM3-1_2018-2019,NSCT_QC,['byte'],[nan]
EMSO-AZORES_TCM3-1_2018-2019,TEMP,['float'],[nan]
EMSO-AZORES_TCM3-1_2018-2019,TEMP_QC,['byte'],[nan]
EMSO-AZORES_TCM3-1_2018-2019,TIME_QC,['byte'],[nan]
EMSO-AZORES_TCM3-1_2018-2019,depth,['float'],[nan]
EMSO-AZORES_TCM3-1_2018-2019,latitude,['float'],[nan]
EMSO-AZORES_TCM3-1_2018-2019,longitude,['float'],[nan]
EMSO-AZORES_TCM3-1_2018-2019,time,['double'],[nan]
EMSO-AZORES_TCM3-2_2017-2018,DEPH_QC,['byte'],[nan]
EMSO-AZORES_TCM3-2_2017-2018,EWCT,['float'],[nan]
EMSO-AZORES_TCM3-2_2017-2018,EWCT_QC,['byte'],[nan]
EMSO-AZORES_TCM3-2_2017-2018,HCDT,['float'],[nan]
EMSO-AZORES_TCM3-2_2017-2018,HCDT_QC,['byte'],[nan]
EMSO-AZORES_TCM3-2_2017-2018,HCSP,['float'],[nan]
EMSO-AZORES_TCM3-2_2017-2018,HCSP_QC,['byte'],[nan]
EMSO-AZORES_TCM3-2_2017-2018,NSCT,['float'],[nan]
EMSO-AZORES_TCM3-2_2017-2018,NSCT_QC,['byte'],[nan]
EMSO-AZORES_TCM3-2_2017-2018,TEMP,['float'],[nan]
EMSO-AZORES_TCM3-2_2017-2018,TEMP_QC,['byte'],[nan]
EMSO-AZORES_TCM3-2_2017-2018,TIME_QC,['byte'],[nan]
EMSO-AZORES_TCM3-2_2017-2018,depth,['float'],[nan]
EMSO-AZORES_TCM3-2_2017-2018,latitude,['float'],[nan]
EMSO-AZORES_TCM3-2_2017-2018,longitude,['float'],[nan]
EMSO-AZORES_TCM3-2_2017-2018,time,['double'],[nan]
EMSO-AZORES_TCM3-2_2018-2019,DEPH_QC,['byte'],[nan]
EMSO-AZORES_TCM3-2_2018-2019,EWCT,['float'],[nan]
EMSO-AZORES_TCM3-2_2018-2019,EWCT_QC,['byte'],[nan]
EMSO-AZORES_TCM3-2_2018-2019,HCDT,['float'],[nan]
EMSO-AZORES_TCM3-2_2018-2019,HCDT_QC,['byte'],[nan]
EMSO-AZORES_TCM3-2_2018-2019,HCSP,['float'],[nan]
EMSO-AZORES_TCM3-2_2018-2019,HCSP_QC,['byte'],[nan]
EMSO-AZORES_TCM3-2_2018-2019,NSCT,['float'],[nan]
EMSO-AZORES_TCM3-2_2018-2019,NSCT_QC,['byte'],[nan]
EMSO-AZORES_TCM3-2_2018-2019,TEMP,['float'],[nan]
EMSO-AZORES_TCM3-2_2018-2019,TEMP_QC,['byte'],[nan]
EMSO-AZORES_TCM3-2_2018-2019,TIME_QC,['byte'],[nan]
EMSO-AZORES_TCM3-2_2018-2019,depth,['float'],[nan]
EMSO-AZORES_TCM3-2_2018-2019,latitude,['float'],[nan]
EMSO-AZORES_TCM3-2_2018-2019,longitude,['float'],[nan]
EMSO-AZORES_TCM3-2_2018-2019,time,['double'],[nan]
EMSO-AZORES_TCM3-2_2019-2020,DEPH_QC,['byte'],[nan]
EMSO-AZORES_TCM3-2_2019-2020,EWCT,['float'],[nan]
EMSO-AZORES_TCM3-2_2019-2020,EWCT_QC,['byte'],[nan]
EMSO-AZORES_TCM3-2_2019-2020,HCDT,['float'],[nan]
EMSO-AZORES_TCM3-2_2019-2020,HCDT_QC,['byte'],[nan]
EMSO-AZORES_TCM3-2_2019-2020,HCSP,['float'],[nan]
EMSO-AZORES_TCM3-2_2019-2020,HCSP_QC,['byte'],[nan]
EMSO-AZORES_TCM3-2_2019-2020,NSCT,['float'],[nan]
EMSO-AZORES_TCM3-2_2019-2020,NSCT_QC,['byte'],[nan]
EMSO-AZORES_TCM3-2_2019-2020,TEMP,['float'],[nan]
EMSO-AZORES_TCM3-2_2019-2020,TEMP_QC,['byte'],[nan]
EMSO-AZORES_TCM3-2_2019-2020,TIME_QC,['byte'],[nan]
EMSO-AZORES_TCM3-2_2019-2020,depth,['float'],[nan]
EMSO-AZORES_TCM3-2_2019-2020,latitude,['float'],[nan]
EMSO-AZORES_TCM3-2_2019-2020,longitude,['float'],[nan]
EMSO-AZORES_TCM3-2_2019-2020,time,['double'],[nan]
EMSO-AZORES_TCM3-2_2020-2021,DEPH_QC,['byte'],[nan]
EMSO-AZORES_TCM3-2_2020-2021,EWCT,['float'],[nan]
EMSO-AZORES_TCM3-2_2020-2021,EWCT_QC,['byte'],[nan]
EMSO-AZORES_TCM3-2_2020-2021,HCDT,['float'],[nan]
EMSO-AZORES_TCM3-2_2020-2021,HCDT_QC,['byte'],[nan]
EMSO-AZORES_TCM3-2_2020-2021,HCSP,['float'],[nan]
EMSO-AZORES_TCM3-2_2020-2021,HCSP_QC,['byte'],[nan]
EMSO-AZORES_TCM3-2_2020-2021,NSCT,['float'],[nan]
EMSO-AZORES_TCM3-2_2020-2021,NSCT_QC,['byte'],[nan]
EMSO-AZORES_TCM3-2_2020-2021,TEMP,['float'],[nan]
EMSO-AZORES_TCM3-2_2020-2021,TEMP_QC,['byte'],[nan]
EMSO-AZORES_TCM3-2_2020-2021,TIME_QC,['byte'],[nan]
EMSO-AZORES_TCM3-2_2020-2021,depth,['float'],[nan]
EMSO-AZORES_TCM3-2_2020-2021,latitude,['float'],[nan]
EMSO-AZORES_TCM3-2_2020-2021,longitude,['float'],[nan]
EMSO-AZORES_TCM3-2_2020-2021,time,['double'],[nan]
EMSO-AZORES_TCM3-3_2016-2017,DEPH_QC,['byte'],[nan]
EMSO-AZORES_TCM3-3_2016-2017,EWCT,['float'],[nan]
EMSO-AZORES_TCM3-3_2016-2017,EWCT_QC,['byte'],[nan]
EMSO-AZORES_TCM3-3_2016-2017,HCDT,['float'],[nan]
EMSO-AZORES_TCM3-3_2016-2017,HCDT_QC,['byte'],[nan]
EMSO-AZORES_TCM3-3_2016-2017,HCSP,['float'],[nan]
EMSO-AZORES_TCM3-3_2016-2017,HCSP_QC,['byte'],[nan]
EMSO-AZORES_TCM3-3_2016-2017,NSCT,['float'],[nan]
EMSO-AZORES_TCM3-3_2016-2017,NSCT_QC,['byte'],[nan]
EMSO-AZORES_TCM3-3_2016-2017,TEMP,['float'],[nan]
EMSO-AZORES_TCM3-3_2016-2017,TEMP_QC,['byte'],[nan]
EMSO-AZORES_TCM3-3_2016-2017,TIME_QC,['byte'],[nan]
EMSO-AZORES_TCM3-3_2016-2017,depth,['float'],[nan]
EMSO-AZORES_TCM3-3_2016-2017,latitude,['float'],[nan]
EMSO-AZORES_TCM3-3_2016-2017,longitude,['float'],[nan]
EMSO-AZORES_TCM3-3_2016-2017,time,['double'],[nan]
EMSO-AZORES_TCM3-3_2017-2018,DEPH_QC,['byte'],[nan]
EMSO-AZORES_TCM3-3_2017-2018,EWCT,['float'],[nan]
EMSO-AZORES_TCM3-3_2017-2018,EWCT_QC,['byte'],[nan]
EMSO-AZORES_TCM3-3_2017-2018,HCDT,['float'],[nan]
EMSO-AZORES_TCM3-3_2017-2018,HCDT_QC,['byte'],[nan]
EMSO-AZORES_TCM3-3_2017-2018,HCSP,['float'],[nan]
EMSO-AZORES_TCM3-3_2017-2018,HCSP_QC,['byte'],[nan]
EMSO-AZORES_TCM3-3_2017-2018,NSCT,['float'],[nan]
EMSO-AZORES_TCM3-3_2017-2018,NSCT_QC,['byte'],[nan]
EMSO-AZORES_TCM3-3_2017-2018,TEMP,['float'],[nan]
EMSO-AZORES_TCM3-3_2017-2018,TEMP_QC,['byte'],[nan]
EMSO-AZORES_TCM3-3_2017-2018,TIME_QC,['byte'],[nan]
EMSO-AZORES_TCM3-3_2017-2018,depth,['float'],[nan]
EMSO-AZORES_TCM3-3_2017-2018,latitude,['float'],[nan]
EMSO-AZORES_TCM3-3_2017-2018,longitude,['float'],[nan]
EMSO-AZORES_TCM3-3_2017-2018,time,['double'],[nan]
EMSO-AZORES_TCM3-3_2018-2019,DEPH_QC,['byte'],[nan]
EMSO-AZORES_TCM3-3_2018-2019,EWCT,['float'],[nan]
EMSO-AZORES_TCM3-3_2018-2019,EWCT_QC,['byte'],[nan]
EMSO-AZORES_TCM3-3_2018-2019,HCDT,['float'],[nan]
EMSO-AZORES_TCM3-3_2018-2019,HCDT_QC,['byte'],[nan]
EMSO-AZORES_TCM3-3_2018-2019,HCSP,['float'],[nan]
EMSO-AZORES_TCM3-3_2018-2019,HCSP_QC,['byte'],[nan]
EMSO-AZORES_TCM3-3_2018-2019,NSCT,['float'],[nan]
EMSO-AZORES_TCM3-3_2018-2019,NSCT_QC,['byte'],[nan]
EMSO-AZORES_TCM3-3_2018-2019,TEMP,['float'],[nan]
EMSO-AZORES_TCM3-3_2018-2019,TEMP_QC,['byte'],[nan]
EMSO-AZORES_TCM3-3_2018-2019,TIME_QC,['byte'],[nan]
EMSO-AZORES_TCM3-3_2018-2019,depth,['float'],[nan]
EMSO-AZORES_TCM3-3_2018-2019,latitude,['float'],[nan]
EMSO-AZORES_TCM3-3_2018-2019,longitude,['float'],[nan]
EMSO-AZORES_TCM3-3_2018-2019,time,['double'],[nan]
EMSO-AZORES_TCM3-3_2019-2020,DEPH_QC,['byte'],[nan]
EMSO-AZORES_TCM3-3_2019-2020,EWCT,['float'],[nan]
EMSO-AZORES_TCM3-3_2019-2020,EWCT_QC,['byte'],[nan]
EMSO-AZORES_TCM3-3_2019-2020,HCDT,['float'],[nan]
EMSO-AZORES_TCM3-3_2019-2020,HCDT_QC,['byte'],[nan]
EMSO-AZORES_TCM3-3_2019-2020,HCSP,['float'],[nan]
EMSO-AZORES_TCM3-3_2019-2020,HCSP_QC,['byte'],[nan]
EMSO-AZORES_TCM3-3_2019-2020,NSCT,['float'],[nan]
EMSO-AZORES_TCM3-3_2019-2020,NSCT_QC,['byte'],[nan]
EMSO-AZORES_TCM3-3_2019-2020,TEMP,['float'],[nan]
EMSO-AZORES_TCM3-3_2019-2020,TEMP_QC,['byte'],[nan]
EMSO-AZORES_TCM3-3_2019-2020,TIME_QC,['byte'],[nan]
EMSO-AZORES_TCM3-3_2019-2020,depth,['float'],[nan]
EMSO-AZORES_TCM3-3_2019-2020,latitude,['float'],[nan]
EMSO-AZORES_TCM3-3_2019-2020,longitude,['float'],[nan]
EMSO-AZORES_TCM3-3_2019-2020,time,['double'],[nan]
EMSO-AZORES_TCM3-3_2020-2021,DEPH_QC,['byte'],[nan]
EMSO-AZORES_TCM3-3_2020-2021,EWCT,['float'],[nan]
EMSO-AZORES_TCM3-3_2020-2021,EWCT_QC,['byte'],[nan]
EMSO-AZORES_TCM3-3_2020-2021,HCDT,['float'],[nan]
EMSO-AZORES_TCM3-3_2020-2021,HCDT_QC,['byte'],[nan]
EMSO-AZORES_TCM3-3_2020-2021,HCSP,['float'],[nan]
EMSO-AZORES_TCM3-3_2020-2021,HCSP_QC,['byte'],[nan]
EMSO-AZORES_TCM3-3_2020-2021,NSCT,['float'],[nan]
EMSO-AZORES_TCM3-3_2020-2021,NSCT_QC,['byte'],[nan]
EMSO-AZORES_TCM3-3_2020-2021,TEMP,['float'],[nan]
EMSO-AZORES_TCM3-3_2020-2021,TEMP_QC,['byte'],[nan]
EMSO-AZORES_TCM3-3_2020-2021,TIME_QC,['byte'],[nan]
EMSO-AZORES_TCM3-3_2020-2021,depth,['float'],[nan]
EMSO-AZORES_TCM3-3_2020-2021,latitude,['float'],[nan]
EMSO-AZORES_TCM3-3_2020-2021,longitude,['float'],[nan]
EMSO-AZORES_TCM3-3_2020-2021,time,['double'],[nan]
EMSO-AZORES_TCM3-A_2020-2021,DEPH_QC,['byte'],[nan]
EMSO-AZORES_TCM3-A_2020-2021,EWCT,['float'],[nan]
EMSO-AZORES_TCM3-A_2020-2021,EWCT_QC,['byte'],[nan]
EMSO-AZORES_TCM3-A_2020-2021,HCDT,['float'],[nan]
EMSO-AZORES_TCM3-A_2020-2021,HCDT_QC,['byte'],[nan]
EMSO-AZORES_TCM3-A_2020-2021,HCSP,['float'],[nan]
EMSO-AZORES_TCM3-A_2020-2021,HCSP_QC,['byte'],[nan]
EMSO-AZORES_TCM3-A_2020-2021,NSCT,['float'],[nan]
EMSO-AZORES_TCM3-A_2020-2021,NSCT_QC,['byte'],[nan]
EMSO-AZORES_TCM3-A_2020-2021,TEMP,['float'],[nan]
EMSO-AZORES_TCM3-A_2020-2021,TEMP_QC,['byte'],[nan]
EMSO-AZORES_TCM3-A_2020-2021,TIME_QC,['byte'],[nan]
EMSO-AZORES_TCM3-A_2020-2021,depth,['float'],[nan]
EMSO-AZORES_TCM3-A_2020-2021,latitude,['float'],[nan]
EMSO-AZORES_TCM3-A_2020-2021,longitude,['float'],[nan]
EMSO-AZORES_TCM3-A_2020-2021,time,['double'],[nan]
EMSO-AZORES_TCM3-B_2020-2021,DEPH_QC,['byte'],[nan]
EMSO-AZORES_TCM3-B_2020-2021,EWCT,['float'],[nan]
EMSO-AZORES_TCM3-B_2020-2021,EWCT_QC,['byte'],[nan]
EMSO-AZORES_TCM3-B_2020-2021,HCDT,['float'],[nan]
EMSO-AZORES_TCM3-B_2020-2021,HCDT_QC,['byte'],[nan]
EMSO-AZORES_TCM3-B_2020-2021,HCSP,['float'],[nan]
EMSO-AZORES_TCM3-B_2020-2021,HCSP_QC,['byte'],[nan]
EMSO-AZORES_TCM3-B_2020-2021,NSCT,['float'],[nan]
EMSO-AZORES_TCM3-B_2020-2021,NSCT_QC,['byte'],[nan]
EMSO-AZORES_TCM3-B_2020-2021,TEMP,['float'],[nan]
EMSO-AZORES_TCM3-B_2020-2021,TEMP_QC,['byte'],[nan]
EMSO-AZORES_TCM3-B_2020-2021,TIME_QC,['byte'],[nan]
EMSO-AZORES_TCM3-B_2020-2021,depth,['float'],[nan]
EMSO-AZORES_TCM3-B_2020-2021,latitude,['float'],[nan]
EMSO-AZORES_TCM3-B_2020-2021,longitude,['float'],[nan]
EMSO-AZORES_TCM3-B_2020-2021,time,['double'],[nan]
EMSO-AZORES_TCM3-C_2020-2021,DEPH_QC,['byte'],[nan]
EMSO-AZORES_TCM3-C_2020-2021,EWCT,['float'],[nan]
EMSO-AZORES_TCM3-C_2020-2021,EWCT_QC,['byte'],[nan]
EMSO-AZORES_TCM3-C_2020-2021,HCDT,['float'],[nan]
EMSO-AZORES_TCM3-C_2020-2021,HCDT_QC,['byte'],[nan]
EMSO-AZORES_TCM3-C_2020-2021,HCSP,['float'],[nan]
EMSO-AZORES_TCM3-C_2020-2021,HCSP_QC,['byte'],[nan]
EMSO-AZORES_TCM3-C_2020-2021,NSCT,['float'],[nan]
EMSO-AZORES_TCM3-C_2020-2021,NSCT_QC,['byte'],[nan]
EMSO-AZORES_TCM3-C_2020-2021,TEMP,['float'],[nan]
EMSO-AZORES_TCM3-C_2020-2021,TEMP_QC,['byte'],[nan]
EMSO-AZORES_TCM3-C_2020-2021,TIME_QC,['byte'],[nan]
EMSO-AZORES_TCM3-C_2020-2021,depth,['float'],[nan]
EMSO-AZORES_TCM3-C_2020-2021,latitude,['float'],[nan]
EMSO-AZORES_TCM3-C_2020-2021,longitude,['float'],[nan]
EMSO-AZORES_TCM3-C_2020-2021,time,['double'],[nan]
EMSO-AZORES_TCM3-D_2020-2021,DEPH_QC,['byte'],[nan]
EMSO-AZORES_TCM3-D_2020-2021,EWCT,['float'],[nan]
EMSO-AZORES_TCM3-D_2020-2021,EWCT_QC,['byte'],[nan]
EMSO-AZORES_TCM3-D_2020-2021,HCDT,['float'],[nan]
EMSO-AZORES_TCM3-D_2020-2021,HCDT_QC,['byte'],[nan]
EMSO-AZORES_TCM3-D_2020-2021,HCSP,['float'],[nan]
EMSO-AZORES_TCM3-D_2020-2021,HCSP_QC,['byte'],[nan]
EMSO-AZORES_TCM3-D_2020-2021,NSCT,['float'],[nan]
EMSO-AZORES_TCM3-D_2020-2021,NSCT_QC,['byte'],[nan]
EMSO-AZORES_TCM3-D_2020-2021,TEMP,['float'],[nan]
EMSO-AZORES_TCM3-D_2020-2021,TEMP_QC,['byte'],[nan]
EMSO-AZORES_TCM3-D_2020-2021,TIME_QC,['byte'],[nan]
EMSO-AZORES_TCM3-D_2020-2021,depth,['float'],[nan]
EMSO-AZORES_TCM3-D_2020-2021,latitude,['float'],[nan]
EMSO-AZORES_TCM3-D_2020-2021,longitude,['float'],[nan]
EMSO-AZORES_TCM3-D_2020-2021,time,['double'],[nan]
EMSO-AZORES_Wetlabs_Turbidity_2011-2012,DEPH_QC,['byte'],[nan]
EMSO-AZORES_Wetlabs_Turbidity_2011-2012,TIME_QC,['byte'],[nan]
EMSO-AZORES_Wetlabs_Turbidity_2011-2012,TUR4,['float'],[nan]
EMSO-AZORES_Wetlabs_Turbidity_2011-2012,TUR4_QC,['byte'],[nan]
EMSO-AZORES_Wetlabs_Turbidity_2011-2012,depth,['float'],[nan]
EMSO-AZORES_Wetlabs_Turbidity_2011-2012,latitude,['float'],[nan]
EMSO-AZORES_Wetlabs_Turbidity_2011-2012,longitude,['float'],[nan]
EMSO-AZORES_Wetlabs_Turbidity_2011-2012,time,['double'],[nan]
EMSO-AZORES_Wetlabs_Turbidity_2012-2013,DEPH_QC,['byte'],[nan]
EMSO-AZORES_Wetlabs_Turbidity_2012-2013,TIME_QC,['byte'],[nan]
EMSO-AZORES_Wetlabs_Turbidity_2012-2013,TUR4,['float'],[nan]
EMSO-AZORES_Wetlabs_Turbidity_2012-2013,TUR4_QC,['byte'],[nan]
EMSO-AZORES_Wetlabs_Turbidity_2012-2013,depth,['float'],[nan]
EMSO-AZORES_Wetlabs_Turbidity_2012-2013,latitude,['float'],[nan]
EMSO-AZORES_Wetlabs_Turbidity_2012-2013,longitude,['float'],[nan]
EMSO-AZORES_Wetlabs_Turbidity_2012-2013,time,['double'],[nan]
EMSO-AZORES_Wetlabs_Turbidity_2013-2014,DEPH_QC,['byte'],[nan]
EMSO-AZORES_Wetlabs_Turbidity_2013-2014,TIME_QC,['byte'],[nan]
EMSO-AZORES_Wetlabs_Turbidity_2013-2014,TUR4,['float'],[nan]
EMSO-AZORES_Wetlabs_Turbidity_2013-2014,TUR4_QC,['byte'],[nan]
EMSO-AZORES_Wetlabs_Turbidity_2013-2014,depth,['float'],[nan]
EMSO-AZORES_Wetlabs_Turbidity_2013-2014,latitude,['float'],[nan]
EMSO-AZORES_Wetlabs_Turbidity_2013-2014,longitude,['float'],[nan]
EMSO-AZORES_Wetlabs_Turbidity_2013-2014,time,['double'],[nan]
EMSO-AZORES_Wetlabs_Turbidity_2015-2016,DEPH_QC,['byte'],[nan]
EMSO-AZORES_Wetlabs_Turbidity_2015-2016,TIME_QC,['byte'],[nan]
EMSO-AZORES_Wetlabs_Turbidity_2015-2016,TUR4,['float'],[nan]
EMSO-AZORES_Wetlabs_Turbidity_2015-2016,TUR4_QC,['byte'],[nan]
EMSO-AZORES_Wetlabs_Turbidity_2015-2016,depth,['float'],[nan]
EMSO-AZORES_Wetlabs_Turbidity_2015-2016,latitude,['float'],[nan]
EMSO-AZORES_Wetlabs_Turbidity_2015-2016,longitude,['float'],[nan]
EMSO-AZORES_Wetlabs_Turbidity_2015-2016,time,['double'],[nan]
EMSO-AZORES_Wetlabs_Turbidity_2016-2017,DEPH_QC,['byte'],[nan]
EMSO-AZORES_Wetlabs_Turbidity_2016-2017,TIME_QC,['byte'],[nan]
EMSO-AZORES_Wetlabs_Turbidity_2016-2017,TUR4,['float'],[nan]
EMSO-AZORES_Wetlabs_Turbidity_2016-2017,TUR4_QC,['byte'],[nan]
EMSO-AZORES_Wetlabs_Turbidity_2016-2017,depth,['float'],[nan]
EMSO-AZORES_Wetlabs_Turbidity_2016-2017,latitude,['float'],[nan]
EMSO-AZORES_Wetlabs_Turbidity_2016-2017,longitude,['float'],[nan]
EMSO-AZORES_Wetlabs_Turbidity_2016-2017,time,['double'],[nan]
EMSO-AZORES_Wetlabs_Turbidity_2017-2018,DEPH_QC,['byte'],[nan]
EMSO-AZORES_Wetlabs_Turbidity_2017-2018,TIME_QC,['byte'],[nan]
EMSO-AZORES_Wetlabs_Turbidity_2017-2018,TUR4,['float'],[nan]
EMSO-AZORES_Wetlabs_Turbidity_2017-2018,TUR4_QC,['byte'],[nan]
EMSO-AZORES_Wetlabs_Turbidity_2017-2018,depth,['float'],[nan]
EMSO-AZORES_Wetlabs_Turbidity_2017-2018,latitude,['float'],[nan]
EMSO-AZORES_Wetlabs_Turbidity_2017-2018,longitude,['float'],[nan]
EMSO-AZORES_Wetlabs_Turbidity_2017-2018,time,['double'],[nan]
EMSO-LIGURE-NICE_MAR2-PZML-01_2021-2022,LEVEL,['byte'],[nan]
EMSO-LIGURE-NICE_MAR2-PZML-01_2021-2022,SE_DEPH_QC,['byte'],[nan]
EMSO-LIGURE-NICE_MAR2-PZML-01_2021-2022,SE_PRES,['float'],[nan]
EMSO-LIGURE-NICE_MAR2-PZML-01_2021-2022,SE_PRES_QC,['byte'],[nan]
EMSO-LIGURE-NICE_MAR2-PZML-01_2021-2022,SE_TEMP,['float'],[nan]
EMSO-LIGURE-NICE_MAR2-PZML-01_2021-2022,SE_TEMP_QC,['byte'],[nan]
EMSO-LIGURE-NICE_MAR2-PZML-01_2021-2022,TIME_QC,['byte'],[nan]
EMSO-LIGURE-NICE_MAR2-PZML-01_2021-2022,depth,['float'],[nan]
EMSO-LIGURE-NICE_MAR2-PZML-01_2021-2022,latitude,['float'],[nan]
EMSO-LIGURE-NICE_MAR2-PZML-01_2021-2022,longitude,['float'],[nan]
EMSO-LIGURE-NICE_MAR2-PZML-01_2021-2022,time,['double'],[nan]
EMSO-LIGURE-NICE_SPF-PZ3L-01_2015-2019,LEVEL,['byte'],[nan]
EMSO-LIGURE-NICE_SPF-PZ3L-01_2015-2019,SE_DEPH_QC,['byte'],[nan]
EMSO-LIGURE-NICE_SPF-PZ3L-01_2015-2019,SE_PRES,['float'],[nan]
EMSO-LIGURE-NICE_SPF-PZ3L-01_2015-2019,SE_PRES_QC,['byte'],[nan]
EMSO-LIGURE-NICE_SPF-PZ3L-01_2015-2019,SE_TEMP,['float'],[nan]
EMSO-LIGURE-NICE_SPF-PZ3L-01_2015-2019,SE_TEMP_QC,['byte'],[nan]
EMSO-LIGURE-NICE_SPF-PZ3L-01_2015-2019,TIME_QC,['byte'],[nan]
EMSO-LIGURE-NICE_SPF-PZ3L-01_2015-2019,depth,['float'],[nan]
EMSO-LIGURE-NICE_SPF-PZ3L-01_2015-2019,latitude,['float'],[nan]
EMSO-LIGURE-NICE_SPF-PZ3L-01_2015-2019,longitude,['float'],[nan]
EMSO-LIGURE-NICE_SPF-PZ3L-01_2015-2019,time,['double'],[nan]
EMSO-LIGURE-NICE_ST4-PZ2L-01B_2014-2019,LEVEL,['byte'],[nan]
EMSO-LIGURE-NICE_ST4-PZ2L-01B_2014-2019,SE_DEPH_QC,['byte'],[nan]
EMSO-LIGURE-NICE_ST4-PZ2L-01B_2014-2019,SE_PRES,['float'],[nan]
EMSO-LIGURE-NICE_ST4-PZ2L-01B_2014-2019,SE_PRES_QC,['byte'],[nan]
EMSO-LIGURE-NICE_ST4-PZ2L-01B_2014-2019,SE_TEMP,['float'],[nan]
EMSO-LIGURE-NICE_ST4-PZ2L-01B_2014-2019,SE_TEMP_QC,['byte'],[nan]
EMSO-LIGURE-NICE_ST4-PZ2L-01B_2014-2019,TIME_QC,['byte'],[nan]
EMSO-LIGURE-NICE_ST4-PZ2L-01B_2014-2019,depth,['float'],[nan]
EMSO-LIGURE-NICE_ST4-PZ2L-01B_2014-2019,latitude,['float'],[nan]
EMSO-LIGURE-NICE_ST4-PZ2L-01B_2014-2019,longitude,['float'],[nan]
EMSO-LIGURE-NICE_ST4-PZ2L-01B_2014-2019,time,['double'],[nan]
EMSO-LIGURE-NICE_ST4-PZ2L-03_2014-2018,LEVEL,['byte'],[nan]
EMSO-LIGURE-NICE_ST4-PZ2L-03_2014-2018,SE_DEPH_QC,['byte'],[nan]
EMSO-LIGURE-NICE_ST4-PZ2L-03_2014-2018,SE_PRES,['float'],[nan]
EMSO-LIGURE-NICE_ST4-PZ2L-03_2014-2018,SE_PRES_QC,['byte'],[nan]
EMSO-LIGURE-NICE_ST4-PZ2L-03_2014-2018,SE_TEMP,['float'],[nan]
EMSO-LIGURE-NICE_ST4-PZ2L-03_2014-2018,SE_TEMP_QC,['byte'],[nan]
EMSO-LIGURE-NICE_ST4-PZ2L-03_2014-2018,TIME_QC,['byte'],[nan]
EMSO-LIGURE-NICE_ST4-PZ2L-03_2014-2018,depth,['float'],[nan]
EMSO-LIGURE-NICE_ST4-PZ2L-03_2014-2018,latitude,['float'],[nan]
EMSO-LIGURE-NICE_ST4-PZ2L-03_2014-2018,longitude,['float'],[nan]
EMSO-LIGURE-NICE_ST4-PZ2L-03_2014-2018,time,['double'],[nan]
EMSO_OBSEA_AWAC_currents_30min,CDIR,['float'],[nan]
EMSO_OBSEA_AWAC_currents_30min,CDIR_QC,['byte'],[nan]
EMSO_OBSEA_AWAC_currents_30min,CSPD,['float'],[nan]
EMSO_OBSEA_AWAC_currents_30min,CSPD_QC,['byte'],[nan]
EMSO_OBSEA_AWAC_currents_30min,UCUR,['float'],[nan]
EMSO_OBSEA_AWAC_currents_30min,UCUR_QC,['byte'],[nan]
EMSO_OBSEA_AWAC_currents_30min,VCUR,['float'],[nan]
EMSO_OBSEA_AWAC_currents_30min,VCUR_QC,['byte'],[nan]
EMSO_OBSEA_AWAC_currents_30min,ZCUR,['float'],[nan]
EMSO_OBSEA_AWAC_currents_30min,ZCUR_QC,['byte'],[nan]
EMSO_OBSEA_AWAC_currents_30min,depth,['float'],[nan]
EMSO_OBSEA_AWAC_currents_30min,latitude,['float'],[nan]
EMSO_OBSEA_AWAC_currents_30min,latitude_QC,['byte'],[nan]
EMSO_OBSEA_AWAC_currents_30min,longitude,['float'],[nan]
EMSO_OBSEA_AWAC_currents_30min,longitude_QC,['byte'],[nan]
EMSO_OBSEA_AWAC_currents_30min,time,['double'],[nan]
EMSO_OBSEA_AWAC_currents_full,CDIR,['float'],[nan]
EMSO_OBSEA_AWAC_currents_full,CDIR_QC,['byte'],[nan]
EMSO_OBSEA_AWAC_currents_full,CSPD,['float'],[nan]
EMSO_OBSEA_AWAC_currents_full,CSPD_QC,['byte'],[nan]
EMSO_OBSEA_AWAC_currents_full,UCUR,['float'],[nan]
EMSO_OBSEA_AWAC_currents_full,UCUR_QC,['byte'],[nan]
EMSO_OBSEA_AWAC_currents_full,VCUR,['float'],[nan]
EMSO_OBSEA_AWAC_currents_full,VCUR_QC,['byte'],[nan]
EMSO_OBSEA_AWAC_currents_full,ZCUR,['float'],[nan]
EMSO_OBSEA_AWAC_currents_full,ZCUR_QC,['byte'],[nan]
EMSO_OBSEA_AWAC_currents_full,depth,['float'],[nan]
EMSO_OBSEA_AWAC_currents_full,latitude,['float'],[nan]
EMSO_OBSEA_AWAC_currents_full,latitude_QC,['byte'],[nan]
EMSO_OBSEA_AWAC_currents_full,longitude,['float'],[nan]
EMSO_OBSEA_AWAC_currents_full,longitude_QC,['byte'],[nan]
EMSO_OBSEA_AWAC_currents_full,time,['double'],[nan]
EMSO_OBSEA_AWAC_waves_full,UNDX,['float'],[nan]
EMSO_OBSEA_AWAC_waves_full,UNDX_QC,['byte'],[nan]
EMSO_OBSEA_AWAC_waves_full,VAVH,['float'],[nan]
EMSO_OBSEA_AWAC_waves_full,VAVH_QC,['byte'],[nan]
EMSO_OBSEA_AWAC_waves_full,VH110,['float'],[nan]
EMSO_OBSEA_AWAC_waves_full,VH110_QC,['byte'],[nan]
EMSO_OBSEA_AWAC_waves_full,VHM0,['float'],[nan]
EMSO_OBSEA_AWAC_waves_full,VHM0_QC,['byte'],[nan]
EMSO_OBSEA_AWAC_waves_full,VMDR,['float'],[nan]
EMSO_OBSEA_AWAC_waves_full,VMDR_QC,['byte'],[nan]
EMSO_OBSEA_AWAC_waves_full,VPED,['float'],[nan]
EMSO_OBSEA_AWAC_waves_full,VPED_QC,['byte'],[nan]
EMSO_OBSEA_AWAC_waves_full,VTM02,['float'],[nan]
EMSO_OBSEA_AWAC_waves_full,VTM02_QC,['byte'],[nan]
EMSO_OBSEA_AWAC_waves_full,VTPK,['float'],[nan]
EMSO_OBSEA_AWAC_waves_full,VTPK_QC,['byte'],[nan]
EMSO_OBSEA_AWAC_waves_full,VTZA,['float'],[nan]
EMSO_OBSEA_AWAC_waves_full,VTZA_QC,['byte'],[nan]
EMSO_OBSEA_AWAC_waves_full,VZMX,['float'],[nan]
EMSO_OBSEA_AWAC_waves_full,VZMX_QC,['byte'],[nan]
EMSO_OBSEA_AWAC_waves_full,depth,['float'],[nan]
EMSO_OBSEA_AWAC_waves_full,depth_QC,['byte'],[nan]
EMSO_OBSEA_AWAC_waves_full,latitude,['float'],[nan]
EMSO_OBSEA_AWAC_waves_full,latitude_QC,['byte'],[nan]
EMSO_OBSEA_AWAC_waves_full,longitude,['float'],[nan]
EMSO_OBSEA_AWAC_waves_full,longitude_QC,['byte'],[nan]
EMSO_OBSEA_AWAC_waves_full,time,['double'],[nan]
EMSO_OBSEA_Besos_Buoy_Airmar_200WX_30min,AIRT,['float'],[nan]
EMSO_OBSEA_Besos_Buoy_Airmar_200WX_30min,AIRT_QC,['byte'],[nan]
EMSO_OBSEA_Besos_Buoy_Airmar_200WX_30min,CAPH,['float'],[nan]
EMSO_OBSEA_Besos_Buoy_Airmar_200WX_30min,CAPH_QC,['byte'],[nan]
EMSO_OBSEA_Besos_Buoy_Airmar_200WX_30min,WDIR,['float'],[nan]
EMSO_OBSEA_Besos_Buoy_Airmar_200WX_30min,WDIR_QC,['byte'],[nan]
EMSO_OBSEA_Besos_Buoy_Airmar_200WX_30min,WSPD,['float'],[nan]
EMSO_OBSEA_Besos_Buoy_Airmar_200WX_30min,WSPD_QC,['byte'],[nan]
EMSO_OBSEA_Besos_Buoy_Airmar_200WX_30min,depth,['float'],[nan]
EMSO_OBSEA_Besos_Buoy_Airmar_200WX_30min,depth_QC,['byte'],[nan]
EMSO_OBSEA_Besos_Buoy_Airmar_200WX_30min,latitude,['float'],[nan]
EMSO_OBSEA_Besos_Buoy_Airmar_200WX_30min,latitude_QC,['byte'],[nan]
EMSO_OBSEA_Besos_Buoy_Airmar_200WX_30min,longitude,['float'],[nan]
EMSO_OBSEA_Besos_Buoy_Airmar_200WX_30min,longitude_QC,['byte'],[nan]
EMSO_OBSEA_Besos_Buoy_Airmar_200WX_30min,time,['double'],[nan]
EMSO_OBSEA_Besos_Buoy_Airmar_200WX_full,AIRT,['float'],[nan]
EMSO_OBSEA_Besos_Buoy_Airmar_200WX_full,AIRT_QC,['byte'],[nan]
EMSO_OBSEA_Besos_Buoy_Airmar_200WX_full,CAPH,['float'],[nan]
EMSO_OBSEA_Besos_Buoy_Airmar_200WX_full,CAPH_QC,['byte'],[nan]
EMSO_OBSEA_Besos_Buoy_Airmar_200WX_full,WDIR,['float'],[nan]
EMSO_OBSEA_Besos_Buoy_Airmar_200WX_full,WDIR_QC,['byte'],[nan]
EMSO_OBSEA_Besos_Buoy_Airmar_200WX_full,WSPD,['float'],[nan]
EMSO_OBSEA_Besos_Buoy_Airmar_200WX_full,WSPD_QC,['byte'],[nan]
EMSO_OBSEA_Besos_Buoy_Airmar_200WX_full,depth,['float'],[nan]
EMSO_OBSEA_Besos_Buoy_Airmar_200WX_full,depth_QC,['byte'],[nan]
EMSO_OBSEA_Besos_Buoy_Airmar_200WX_full,latitude,['float'],[nan]
EMSO_OBSEA_Besos_Buoy_Airmar_200WX_full,latitude_QC,['byte'],[nan]
EMSO_OBSEA_Besos_Buoy_Airmar_200WX_full,longitude,['float'],[nan]
EMSO_OBSEA_Besos_Buoy_Airmar_200WX_full,longitude_QC,['byte'],[nan]
EMSO_OBSEA_Besos_Buoy_Airmar_200WX_full,time,['double'],[nan]
EMSO_OBSEA_Besos_Buoy_C3_30min,CDOM,['float'],[nan]
EMSO_OBSEA_Besos_Buoy_C3_30min,CDOM_QC,['byte'],[nan]
EMSO_OBSEA_Besos_Buoy_C3_30min,COIL,['float'],[nan]
EMSO_OBSEA_Besos_Buoy_C3_30min,COIL_QC,['byte'],[nan]
EMSO_OBSEA_Besos_Buoy_C3_30min,RFUL,['float'],[nan]
EMSO_OBSEA_Besos_Buoy_C3_30min,RFUL_QC,['byte'],[nan]
EMSO_OBSEA_Besos_Buoy_C3_30min,TEMP,['float'],[nan]
EMSO_OBSEA_Besos_Buoy_C3_30min,TEMP_QC,['byte'],[nan]
EMSO_OBSEA_Besos_Buoy_C3_30min,depth,['float'],[nan]
EMSO_OBSEA_Besos_Buoy_C3_30min,depth_QC,['byte'],[nan]
EMSO_OBSEA_Besos_Buoy_C3_30min,latitude,['float'],[nan]
EMSO_OBSEA_Besos_Buoy_C3_30min,latitude_QC,['byte'],[nan]
EMSO_OBSEA_Besos_Buoy_C3_30min,longitude,['float'],[nan]
EMSO_OBSEA_Besos_Buoy_C3_30min,longitude_QC,['byte'],[nan]
EMSO_OBSEA_Besos_Buoy_C3_30min,time,['double'],[nan]
EMSO_OBSEA_Besos_Buoy_C3_full,CDOM,['float'],[nan]
EMSO_OBSEA_Besos_Buoy_C3_full,CDOM_QC,['byte'],[nan]
EMSO_OBSEA_Besos_Buoy_C3_full,COIL,['float'],[nan]
EMSO_OBSEA_Besos_Buoy_C3_full,COIL_QC,['byte'],[nan]
EMSO_OBSEA_Besos_Buoy_C3_full,RFUL,['float'],[nan]
EMSO_OBSEA_Besos_Buoy_C3_full,RFUL_QC,['byte'],[nan]
EMSO_OBSEA_Besos_Buoy_C3_full,TEMP,['float'],[nan]
EMSO_OBSEA_Besos_Buoy_C3_full,TEMP_QC,['byte'],[nan]
EMSO_OBSEA_Besos_Buoy_C3_full,depth,['float'],[nan]
EMSO_OBSEA_Besos_Buoy_C3_full,depth_QC,['byte'],[nan]
EMSO_OBSEA_Besos_Buoy_C3_full,latitude,['float'],[nan]
EMSO_OBSEA_Besos_Buoy_C3_full,latitude_QC,['byte'],[nan]
EMSO_OBSEA_Besos_Buoy_C3_full,longitude,['float'],[nan]
EMSO_OBSEA_Besos_Buoy_C3_full,longitude_QC,['byte'],[nan]
EMSO_OBSEA_Besos_Buoy_C3_full,time,['double'],[nan]
EMSO_OBSEA_Besos_Buoy_SA8065_30min,ALKY,['float'],[nan]
EMSO_OBSEA_Besos_Buoy_SA8065_30min,ALKY_QC,['byte'],[nan]
EMSO_OBSEA_Besos_Buoy_SA8065_30min,CNDC,['float'],[nan]
EMSO_OBSEA_Besos_Buoy_SA8065_30min,CNDC_QC,['byte'],[nan]
EMSO_OBSEA_Besos_Buoy_SA8065_30min,DOXY,['float'],[nan]
EMSO_OBSEA_Besos_Buoy_SA8065_30min,DOXY_QC,['byte'],[nan]
EMSO_OBSEA_Besos_Buoy_SA8065_30min,TEMP,['float'],[nan]
EMSO_OBSEA_Besos_Buoy_SA8065_30min,TEMP_QC,['byte'],[nan]
EMSO_OBSEA_Besos_Buoy_SA8065_30min,TURB,['float'],[nan]
EMSO_OBSEA_Besos_Buoy_SA8065_30min,TURB_QC,['byte'],[nan]
EMSO_OBSEA_Besos_Buoy_SA8065_30min,WBRX,['float'],[nan]
EMSO_OBSEA_Besos_Buoy_SA8065_30min,WBRX_QC,['byte'],[nan]
EMSO_OBSEA_Besos_Buoy_SA8065_30min,depth,['float'],[nan]
EMSO_OBSEA_Besos_Buoy_SA8065_30min,depth_QC,['byte'],[nan]
EMSO_OBSEA_Besos_Buoy_SA8065_30min,latitude,['float'],[nan]
EMSO_OBSEA_Besos_Buoy_SA8065_30min,latitude_QC,['byte'],[nan]
EMSO_OBSEA_Besos_Buoy_SA8065_30min,longitude,['float'],[nan]
EMSO_OBSEA_Besos_Buoy_SA8065_30min,longitude_QC,['byte'],[nan]
EMSO_OBSEA_Besos_Buoy_SA8065_30min,time,['double'],[nan]
EMSO_OBSEA_Besos_Buoy_SA8065_full,ALKY,['float'],[nan]
EMSO_OBSEA_Besos_Buoy_SA8065_full,ALKY_QC,['byte'],[nan]
EMSO_OBSEA_Besos_Buoy_SA8065_full,CNDC,['float'],[nan]
EMSO_OBSEA_Besos_Buoy_SA8065_full,CNDC_QC,['byte'],[nan]
EMSO_OBSEA_Besos_Buoy_SA8065_full,DOXY,['float'],[nan]
EMSO_OBSEA_Besos_Buoy_SA8065_full,DOXY_QC,['byte'],[nan]
EMSO_OBSEA_Besos_Buoy_SA8065_full,TEMP,['float'],[nan]
EMSO_OBSEA_Besos_Buoy_SA8065_full,TEMP_QC,['byte'],[nan]
EMSO_OBSEA_Besos_Buoy_SA8065_full,TURB,['float'],[nan]
EMSO_OBSEA_Besos_Buoy_SA8065_full,TURB_QC,['byte'],[nan]
EMSO_OBSEA_Besos_Buoy_SA8065_full,WBRX,['float'],[nan]
EMSO_OBSEA_Besos_Buoy_SA8065_full,WBRX_QC,['byte'],[nan]
EMSO_OBSEA_Besos_Buoy_SA8065_full,depth,['float'],[nan]
EMSO_OBSEA_Besos_Buoy_SA8065_full,depth_QC,['byte'],[nan]
EMSO_OBSEA_Besos_Buoy_SA8065_full,latitude,['float'],[nan]
EMSO_OBSEA_Besos_Buoy_SA8065_full,latitude_QC,['byte'],[nan]
EMSO_OBSEA_Besos_Buoy_SA8065_full,longitude,['float'],[nan]
EMSO_OBSEA_Besos_Buoy_SA8065_full,longitude_QC,['byte'],[nan]
EMSO_OBSEA_Besos_Buoy_SA8065_full,time,['double'],[nan]
EMSO_OBSEA_Buoy_Airmar_150WX_30min,AIRT,['float'],[nan]
EMSO_OBSEA_Buoy_Airmar_150WX_30min,AIRT_QC,['byte'],[nan]
EMSO_OBSEA_Buoy_Airmar_150WX_30min,CAPH,['float'],[nan]
EMSO_OBSEA_Buoy_Airmar_150WX_30min,CAPH_QC,['byte'],[nan]
EMSO_OBSEA_Buoy_Airmar_150WX_30min,WDIR,['float'],[nan]
EMSO_OBSEA_Buoy_Airmar_150WX_30min,WDIR_QC,['byte'],[nan]
EMSO_OBSEA_Buoy_Airmar_150WX_30min,WSPD,['float'],[nan]
EMSO_OBSEA_Buoy_Airmar_150WX_30min,WSPD_QC,['byte'],[nan]
EMSO_OBSEA_Buoy_Airmar_150WX_30min,depth,['float'],[nan]
EMSO_OBSEA_Buoy_Airmar_150WX_30min,depth_QC,['byte'],[nan]
EMSO_OBSEA_Buoy_Airmar_150WX_30min,latitude,['float'],[nan]
EMSO_OBSEA_Buoy_Airmar_150WX_30min,latitude_QC,['byte'],[nan]
EMSO_OBSEA_Buoy_Airmar_150WX_30min,longitude,['float'],[nan]
EMSO_OBSEA_Buoy_Airmar_150WX_30min,longitude_QC,['byte'],[nan]
EMSO_OBSEA_Buoy_Airmar_150WX_30min,time,['double'],[nan]
EMSO_OBSEA_CTD_30min,CNDC,['float'],[nan]
EMSO_OBSEA_CTD_30min,CNDC_QC,['byte'],[nan]
EMSO_OBSEA_CTD_30min,PRES,['float'],[nan]
EMSO_OBSEA_CTD_30min,PRES_QC,['byte'],[nan]
EMSO_OBSEA_CTD_30min,PSAL,['float'],[nan]
EMSO_OBSEA_CTD_30min,PSAL_QC,['byte'],[nan]
EMSO_OBSEA_CTD_30min,SVEL,['float'],[nan]
EMSO_OBSEA_CTD_30min,SVEL_QC,['byte'],[nan]
EMSO_OBSEA_CTD_30min,TEMP,['float'],[nan]
EMSO_OBSEA_CTD_30min,TEMP_QC,['byte'],[nan]
EMSO_OBSEA_CTD_30min,depth,['float'],[nan]
EMSO_OBSEA_CTD_30min,depth_QC,['byte'],[nan]
EMSO_OBSEA_CTD_30min,latitude,['float'],[nan]
EMSO_OBSEA_CTD_30min,latitude_QC,['byte'],[nan]
EMSO_OBSEA_CTD_30min,longitude,['float'],[nan]
EMSO_OBSEA_CTD_30min,longitude_QC,['byte'],[nan]
EMSO_OBSEA_CTD_30min,sensor_id,['String'],[nan]
EMSO_OBSEA_CTD_30min,time,['double'],[nan]
EMSO_OBSEA_CTD_SBE37SI_UNCERT_full,CNDC,['float'],[nan]
EMSO_OBSEA_CTD_SBE37SI_UNCERT_full,CNDC_QC,['byte'],[nan]
EMSO_OBSEA_CTD_SBE37SI_UNCERT_full,CNDC_RAW,['float'],[nan]
EMSO_OBSEA_CTD_SBE37SI_UNCERT_full,CNDC_UNCERTAINTY,['float'],[nan]
EMSO_OBSEA_CTD_SBE37SI_UNCERT_full,PRES,['float'],[nan]
EMSO_OBSEA_CTD_SBE37SI_UNCERT_full,PRES_QC,['byte'],[nan]
EMSO_OBSEA_CTD_SBE37SI_UNCERT_full,PSAL,['float'],[nan]
EMSO_OBSEA_CTD_SBE37SI_UNCERT_full,PSAL_QC,['byte'],[nan]
EMSO_OBSEA_CTD_SBE37SI_UNCERT_full,SVEL,['float'],[nan]
EMSO_OBSEA_CTD_SBE37SI_UNCERT_full,SVEL_QC,['byte'],[nan]
EMSO_OBSEA_CTD_SBE37SI_UNCERT_full,TEMP,['float'],[nan]
EMSO_OBSEA_CTD_SBE37SI_UNCERT_full,TEMP_QC,['byte'],[nan]
EMSO_OBSEA_CTD_SBE37SI_UNCERT_full,TEMP_RAW,['float'],[nan]
EMSO_OBSEA_CTD_SBE37SI_UNCERT_full,TEMP_UNCERTAINTY,['float'],[nan]
EMSO_OBSEA_CTD_SBE37SI_UNCERT_full,depth,['float'],[nan]
EMSO_OBSEA_CTD_SBE37SI_UNCERT_full,depth_QC,['byte'],[nan]
EMSO_OBSEA_CTD_SBE37SI_UNCERT_full,latitude,['float'],[nan]
EMSO_OBSEA_CTD_SBE37SI_UNCERT_full,latitude_QC,['byte'],[nan]
EMSO_OBSEA_CTD_SBE37SI_UNCERT_full,longitude,['float'],[nan]
EMSO_OBSEA_CTD_SBE37SI_UNCERT_full,longitude_QC,['byte'],[nan]
EMSO_OBSEA_CTD_SBE37SI_UNCERT_full,time,['double'],[nan]
EMSO_OBSEA_CTD_full,CNDC,['float'],[nan]
EMSO_OBSEA_CTD_full,CNDC_QC,['byte'],[nan]
EMSO_OBSEA_CTD_full,PRES,['float'],[nan]
EMSO_OBSEA_CTD_full,PRES_QC,['byte'],[nan]
EMSO_OBSEA_CTD_full,PSAL,['float'],[nan]
EMSO_OBSEA_CTD_full,PSAL_QC,['byte'],[nan]
EMSO_OBSEA_CTD_full,SVEL,['float'],[nan]
EMSO_OBSEA_CTD_full,SVEL_QC,['byte'],[nan]
EMSO_OBSEA_CTD_full,TEMP,['float'],[nan]
EMSO_OBSEA_CTD_full,TEMP_QC,['byte'],[nan]
EMSO_OBSEA_CTD_full,depth,['float'],[nan]
EMSO_OBSEA_CTD_full,depth_QC,['byte'],[nan]
EMSO_OBSEA_CTD_full,latitude,['float'],[nan]
EMSO_OBSEA_CTD_full,latitude_QC,['byte'],[nan]
EMSO_OBSEA_CTD_full,longitude,['float'],[nan]
EMSO_OBSEA_CTD_full,longitude_QC,['byte'],[nan]
EMSO_OBSEA_CTD_full,sensor_id,['String'],[nan]
EMSO_OBSEA_CTD_full,time,['double'],[nan]
EMSO_OBSEA_NAXYS_SPL_30min,SPL_125,['float'],[nan]
EMSO_OBSEA_NAXYS_SPL_30min,SPL_125_QC,['byte'],[nan]
EMSO_OBSEA_NAXYS_SPL_30min,SPL_2000,['float'],[nan]
EMSO_OBSEA_NAXYS_SPL_30min,SPL_2000_QC,['byte'],[nan]
EMSO_OBSEA_NAXYS_SPL_30min,SPL_63,['float'],[nan]
EMSO_OBSEA_NAXYS_SPL_30min,SPL_63_QC,['byte'],[nan]
EMSO_OBSEA_NAXYS_SPL_30min,SPL_ALL,['float'],[nan]
EMSO_OBSEA_NAXYS_SPL_30min,SPL_ALL_QC,['byte'],[nan]
EMSO_OBSEA_NAXYS_SPL_30min,depth,['float'],[nan]
EMSO_OBSEA_NAXYS_SPL_30min,depth_QC,['byte'],[nan]
EMSO_OBSEA_NAXYS_SPL_30min,latitude,['float'],[nan]
EMSO_OBSEA_NAXYS_SPL_30min,latitude_QC,['byte'],[nan]
EMSO_OBSEA_NAXYS_SPL_30min,longitude,['float'],[nan]
EMSO_OBSEA_NAXYS_SPL_30min,longitude_QC,['byte'],[nan]
EMSO_OBSEA_NAXYS_SPL_30min,time,['double'],[nan]
EMSO_OBSEA_NAXYS_SPL_full,SPL_125,['float'],[nan]
EMSO_OBSEA_NAXYS_SPL_full,SPL_125_QC,['byte'],[nan]
EMSO_OBSEA_NAXYS_SPL_full,SPL_2000,['float'],[nan]
EMSO_OBSEA_NAXYS_SPL_full,SPL_2000_QC,['byte'],[nan]
EMSO_OBSEA_NAXYS_SPL_full,SPL_63,['float'],[nan]
EMSO_OBSEA_NAXYS_SPL_full,SPL_63_QC,['byte'],[nan]
EMSO_OBSEA_NAXYS_SPL_full,SPL_ALL,['float'],[nan]
EMSO_OBSEA_NAXYS_SPL_full,SPL_ALL_QC,['byte'],[nan]
EMSO_OBSEA_NAXYS_SPL_full,depth,['float'],[nan]
EMSO_OBSEA_NAXYS_SPL_full,depth_QC,['byte'],[nan]
EMSO_OBSEA_NAXYS_SPL_full,latitude,['float'],[nan]
EMSO_OBSEA_NAXYS_SPL_full,latitude_QC,['byte'],[nan]
EMSO_OBSEA_NAXYS_SPL_full,longitude,['float'],[nan]
EMSO_OBSEA_NAXYS_SPL_full,longitude_QC,['byte'],[nan]
EMSO_OBSEA_NAXYS_SPL_full,time,['double'],[nan]
EMSO_Western_Ionian_Sea_CTD_2002_2003,CNDC,['float'],[nan]
EMSO_Western_Ionian_Sea_CTD_2002_2003,CNDC_QC,['byte'],[nan]
EMSO_Western_Ionian_Sea_CTD_2002_2003,DEPTH_QC,['byte'],[nan]
EMSO_Western_Ionian_Sea_CTD_2002_2003,POSITION_QC,['byte'],[nan]
EMSO_Western_Ionian_Sea_CTD_2002_2003,PRES,['float'],[nan]
EMSO_Western_Ionian_Sea_CTD_2002_2003,PRES_QC,['byte'],[nan]
EMSO_Western_Ionian_Sea_CTD_2002_2003,TEMP,['float'],[nan]
EMSO_Western_Ionian_Sea_CTD_2002_2003,TEMP_QC,['byte'],[nan]
EMSO_Western_Ionian_Sea_CTD_2002_2003,TIME_QC,['byte'],[nan]
EMSO_Western_Ionian_Sea_CTD_2002_2003,depth,['double'],[nan]
EMSO_Western_Ionian_Sea_CTD_2002_2003,latitude,['double'],[nan]
EMSO_Western_Ionian_Sea_CTD_2002_2003,longitude,['double'],[nan]
EMSO_Western_Ionian_Sea_CTD_2002_2003,time,['double'],[nan]
EMSO_Western_Ionian_Sea_CTD_2012_2013,CNDC,['float'],[nan]
EMSO_Western_Ionian_Sea_CTD_2012_2013,CNDC_QC,['byte'],[nan]
EMSO_Western_Ionian_Sea_CTD_2012_2013,DEPTH_QC,['byte'],[nan]
EMSO_Western_Ionian_Sea_CTD_2012_2013,POSITION_QC,['byte'],[nan]
EMSO_Western_Ionian_Sea_CTD_2012_2013,PRES,['float'],[nan]
EMSO_Western_Ionian_Sea_CTD_2012_2013,PRES_QC,['byte'],[nan]
EMSO_Western_Ionian_Sea_CTD_2012_2013,TEMP,['float'],[nan]
EMSO_Western_Ionian_Sea_CTD_2012_2013,TEMP_QC,['byte'],[nan]
EMSO_Western_Ionian_Sea_CTD_2012_2013,TIME_QC,['byte'],[nan]
EMSO_Western_Ionian_Sea_CTD_2012_2013,depth,['double'],[nan]
EMSO_Western_Ionian_Sea_CTD_2012_2013,latitude,['double'],[nan]
EMSO_Western_Ionian_Sea_CTD_2012_2013,longitude,['double'],[nan]
EMSO_Western_Ionian_Sea_CTD_2012_2013,time,['double'],[nan]
EMSO_Western_Ionian_Sea_PRESSURE_GAUGE_2012_2013,DEPTH_QC,['byte'],[nan]
EMSO_Western_Ionian_Sea_PRESSURE_GAUGE_2012_2013,POSITION_QC,['byte'],[nan]
EMSO_Western_Ionian_Sea_PRESSURE_GAUGE_2012_2013,PRES,['float'],[nan]
EMSO_Western_Ionian_Sea_PRESSURE_GAUGE_2012_2013,PRES_QC,['byte'],[nan]
EMSO_Western_Ionian_Sea_PRESSURE_GAUGE_2012_2013,TIME_QC,['byte'],[nan]
EMSO_Western_Ionian_Sea_PRESSURE_GAUGE_2012_2013,depth,['double'],[nan]
EMSO_Western_Ionian_Sea_PRESSURE_GAUGE_2012_2013,latitude,['double'],[nan]
EMSO_Western_Ionian_Sea_PRESSURE_GAUGE_2012_2013,longitude,['double'],[nan]
EMSO_Western_Ionian_Sea_PRESSURE_GAUGE_2012_2013,time,['double'],[nan]
Emso_Azores_Chemini_IRON,DEPH_QC,['byte'],[nan]
Emso_Azores_Chemini_IRON,IRON,['float'],[nan]
Emso_Azores_Chemini_IRON,IRON_QC,['byte'],[nan]
Emso_Azores_Chemini_IRON,TEMP,['float'],[nan]
Emso_Azores_Chemini_IRON,TEMP_QC,['byte'],[nan]
Emso_Azores_Chemini_IRON,TIME_QC,['byte'],[nan]
Emso_Azores_Chemini_IRON,depth,['float'],[nan]
Emso_Azores_Chemini_IRON,latitude,['float'],[nan]
Emso_Azores_Chemini_IRON,longitude,['float'],[nan]
Emso_Azores_Chemini_IRON,platform_code,['String'],[nan]
Emso_Azores_Chemini_IRON,platform_name,['String'],[nan]
Emso_Azores_Chemini_IRON,time,['double'],[nan]
Emso_Ligure_Dyfamed_FCO2TW,ATMP,['float'],[nan]
Emso_Ligure_Dyfamed_FCO2TW,ATMP_DM,['char'],[nan]
Emso_Ligure_Dyfamed_FCO2TW,ATMP_QC,['byte'],[nan]
Emso_Ligure_Dyfamed_FCO2TW,DC_REFERENCE,['String'],[nan]
Emso_Ligure_Dyfamed_FCO2TW,DEPH_DM,['char'],[nan]
Emso_Ligure_Dyfamed_FCO2TW,DEPH_QC,['byte'],[nan]
Emso_Ligure_Dyfamed_FCO2TW,FCO2,['float'],[nan]
Emso_Ligure_Dyfamed_FCO2TW,FCO2_DM,['char'],[nan]
Emso_Ligure_Dyfamed_FCO2TW,FCO2_QC,['byte'],[nan]
Emso_Ligure_Dyfamed_FCO2TW,TEMP,['float'],[nan]
Emso_Ligure_Dyfamed_FCO2TW,TEMP_DM,['char'],[nan]
Emso_Ligure_Dyfamed_FCO2TW,TEMP_QC,['byte'],[nan]
Emso_Ligure_Dyfamed_FCO2TW,TIME_QC,['byte'],[nan]
Emso_Ligure_Dyfamed_FCO2TW,WSPD,['float'],[nan]
Emso_Ligure_Dyfamed_FCO2TW,WSPD_DM,['char'],[nan]
Emso_Ligure_Dyfamed_FCO2TW,WSPD_QC,['byte'],[nan]
Emso_Ligure_Dyfamed_FCO2TW,depth,['float'],[nan]
Emso_Ligure_Dyfamed_FCO2TW,latitude,['float'],[nan]
Emso_Ligure_Dyfamed_FCO2TW,longitude,['float'],[nan]
Emso_Ligure_Dyfamed_FCO2TW,time,['double'],[nan]
Emso_Ligure_Dyfamed_SedimentTrap,POCF,['float'],[nan]
Emso_Ligure_Dyfamed_SedimentTrap,POCF_QC,['byte'],[nan]
Emso_Ligure_Dyfamed_SedimentTrap,TCCF,['float'],[nan]
Emso_Ligure_Dyfamed_SedimentTrap,TCCF_QC,['byte'],[nan]
Emso_Ligure_Dyfamed_SedimentTrap,TNNF,['float'],[nan]
Emso_Ligure_Dyfamed_SedimentTrap,TNNF_QC,['byte'],[nan]
Emso_Ligure_Dyfamed_SedimentTrap,TSMF,['float'],[nan]
Emso_Ligure_Dyfamed_SedimentTrap,TSMF_QC,['byte'],[nan]
Emso_Ligure_Dyfamed_SedimentTrap,depth,['float'],[nan]
Emso_Ligure_Dyfamed_SedimentTrap,latitude,['double'],[nan]
Emso_Ligure_Dyfamed_SedimentTrap,longitude,['double'],[nan]
Emso_Ligure_Dyfamed_SedimentTrap,time,['double'],[nan]
Emso_Ligure_Dyfamed_TSCTD,DOX2,['float'],[nan]
Emso_Ligure_Dyfamed_TSCTD,DOX2_QC,['byte'],[nan]
Emso_Ligure_Dyfamed_TSCTD,EWCT,['float'],[nan]
Emso_Ligure_Dyfamed_TSCTD,EWCT_QC,['byte'],[nan]
Emso_Ligure_Dyfamed_TSCTD,HCDT,['float'],[nan]
Emso_Ligure_Dyfamed_TSCTD,HCDT_QC,['byte'],[nan]
Emso_Ligure_Dyfamed_TSCTD,HCSP,['float'],[nan]
Emso_Ligure_Dyfamed_TSCTD,HCSP_QC,['byte'],[nan]
Emso_Ligure_Dyfamed_TSCTD,PRES,['float'],[nan]
Emso_Ligure_Dyfamed_TSCTD,PRES_QC,['byte'],[nan]
Emso_Ligure_Dyfamed_TSCTD,PSAL,['float'],[nan]
Emso_Ligure_Dyfamed_TSCTD,PSAL_QC,['byte'],[nan]
Emso_Ligure_Dyfamed_TSCTD,TEMP,['float'],[nan]
Emso_Ligure_Dyfamed_TSCTD,TEMP_QC,['byte'],[nan]
Emso_Ligure_Dyfamed_TSCTD,depth,['float'],[nan]
Emso_Ligure_Dyfamed_TSCTD,latitude,['double'],[nan]
Emso_Ligure_Dyfamed_TSCTD,longitude,['double'],[nan]
Emso_Ligure_Dyfamed_TSCTD,time,['double'],[nan]
Emso_Ligure_Dyfamed_TSO2,DOXY,['float'],[nan]
Emso_Ligure_Dyfamed_TSO2,DOXY_QC,['byte'],[nan]
Emso_Ligure_Dyfamed_TSO2,POSITION_QC,['byte'],[nan]
Emso_Ligure_Dyfamed_TSO2,PRES,['float'],[nan]
Emso_Ligure_Dyfamed_TSO2,PRES_QC,['byte'],[nan]
Emso_Ligure_Dyfamed_TSO2,PSAL,['float'],[nan]
Emso_Ligure_Dyfamed_TSO2,PSAL_QC,['byte'],[nan]
Emso_Ligure_Dyfamed_TSO2,TEMP,['float'],[nan]
Emso_Ligure_Dyfamed_TSO2,TEMP_QC,['byte'],[nan]
Emso_Ligure_Dyfamed_TSO2,TIME_QC,['byte'],[nan]
Emso_Ligure_Dyfamed_TSO2,latitude,['float'],[nan]
Emso_Ligure_Dyfamed_TSO2,longitude,['float'],[nan]
Emso_Ligure_Dyfamed_TSO2,time,['double'],[nan]
Emso_Ligure_Dyfamed_TSOF,DOX1,['float'],[nan]
Emso_Ligure_Dyfamed_TSOF,DOX1_QC,['byte'],[nan]
Emso_Ligure_Dyfamed_TSOF,DOX2,['float'],[nan]
Emso_Ligure_Dyfamed_TSOF,DOX2_QC,['byte'],[nan]
Emso_Ligure_Dyfamed_TSOF,FLU2,['float'],[nan]
Emso_Ligure_Dyfamed_TSOF,FLU2_QC,['byte'],[nan]
Emso_Ligure_Dyfamed_TSOF,FLUO,['float'],[nan]
Emso_Ligure_Dyfamed_TSOF,FLUO_QC,['byte'],[nan]
Emso_Ligure_Dyfamed_TSOF,OSAT,['float'],[nan]
Emso_Ligure_Dyfamed_TSOF,OSAT_QC,['byte'],[nan]
Emso_Ligure_Dyfamed_TSOF,PRES,['float'],[nan]
Emso_Ligure_Dyfamed_TSOF,PRES_QC,['byte'],[nan]
Emso_Ligure_Dyfamed_TSOF,PSAL,['float'],[nan]
Emso_Ligure_Dyfamed_TSOF,PSAL_QC,['byte'],[nan]
Emso_Ligure_Dyfamed_TSOF,TEMP,['float'],[nan]
Emso_Ligure_Dyfamed_TSOF,TEMP_QC,['byte'],[nan]
Emso_Ligure_Dyfamed_TSOF,depth,['float'],[nan]
Emso_Ligure_Dyfamed_TSOF,latitude,['double'],[nan]
Emso_Ligure_Dyfamed_TSOF,longitude,['double'],[nan]
Emso_Ligure_Dyfamed_TSOF,time,['double'],[nan]
Emso_Ligure_Dyfamed_TScurrents,HCDT,['float'],[nan]
Emso_Ligure_Dyfamed_TScurrents,HCDT_QC,['byte'],[nan]
Emso_Ligure_Dyfamed_TScurrents,HCSP,['float'],[nan]
Emso_Ligure_Dyfamed_TScurrents,HCSP_QC,['byte'],[nan]
Emso_Ligure_Dyfamed_TScurrents,PRES,['float'],[nan]
Emso_Ligure_Dyfamed_TScurrents,PRES_QC,['byte'],[nan]
Emso_Ligure_Dyfamed_TScurrents,TEMP,['float'],[nan]
Emso_Ligure_Dyfamed_TScurrents,TEMP_QC,['byte'],[nan]
Emso_Ligure_Dyfamed_TScurrents,depth,['float'],[nan]
Emso_Ligure_Dyfamed_TScurrents,latitude,['double'],[nan]
Emso_Ligure_Dyfamed_TScurrents,longitude,['double'],[nan]
Emso_Ligure_Dyfamed_TScurrents,time,['double'],[nan]
Emso_Western_Ligurian_Albatross_Aquadopp_NetCDF_2014,Amplitude_QC,['byte'],[nan]
Emso_Western_Ligurian_Albatross_Aquadopp_NetCDF_2014,Amplitude_X,['float'],[nan]
Emso_Western_Ligurian_Albatross_Aquadopp_NetCDF_2014,Amplitude_Y,['float'],[nan]
Emso_Western_Ligurian_Albatross_Aquadopp_NetCDF_2014,Amplitude_Z,['float'],[nan]
Emso_Western_Ligurian_Albatross_Aquadopp_NetCDF_2014,Battery,['float'],[nan]
Emso_Western_Ligurian_Albatross_Aquadopp_NetCDF_2014,Battery_QC,['byte'],[nan]
Emso_Western_Ligurian_Albatross_Aquadopp_NetCDF_2014,DEPH,['float'],[nan]
Emso_Western_Ligurian_Albatross_Aquadopp_NetCDF_2014,Direction,['float'],[nan]
Emso_Western_Ligurian_Albatross_Aquadopp_NetCDF_2014,Direction_QC,['byte'],[nan]
Emso_Western_Ligurian_Albatross_Aquadopp_NetCDF_2014,HCSP,['float'],[nan]
Emso_Western_Ligurian_Albatross_Aquadopp_NetCDF_2014,HCSP_QC,['byte'],[nan]
Emso_Western_Ligurian_Albatross_Aquadopp_NetCDF_2014,HEAD,['float'],[nan]
Emso_Western_Ligurian_Albatross_Aquadopp_NetCDF_2014,HEAD_QC,['byte'],[nan]
Emso_Western_Ligurian_Albatross_Aquadopp_NetCDF_2014,LRZA,['float'],[nan]
Emso_Western_Ligurian_Albatross_Aquadopp_NetCDF_2014,PRES,['float'],[nan]
Emso_Western_Ligurian_Albatross_Aquadopp_NetCDF_2014,PRES_QC,['byte'],[nan]
Emso_Western_Ligurian_Albatross_Aquadopp_NetCDF_2014,Pitch,['float'],[nan]
Emso_Western_Ligurian_Albatross_Aquadopp_NetCDF_2014,Pitch_QC,['byte'],[nan]
Emso_Western_Ligurian_Albatross_Aquadopp_NetCDF_2014,RFVL_X,['float'],[nan]
Emso_Western_Ligurian_Albatross_Aquadopp_NetCDF_2014,RFVL_Y,['float'],[nan]
Emso_Western_Ligurian_Albatross_Aquadopp_NetCDF_2014,ROLL,['float'],[nan]
Emso_Western_Ligurian_Albatross_Aquadopp_NetCDF_2014,ROLL_QC,['byte'],[nan]
Emso_Western_Ligurian_Albatross_Aquadopp_NetCDF_2014,SVEL,['float'],[nan]
Emso_Western_Ligurian_Albatross_Aquadopp_NetCDF_2014,SVEL_QC,['byte'],[nan]
Emso_Western_Ligurian_Albatross_Aquadopp_NetCDF_2014,TEMP,['float'],[nan]
Emso_Western_Ligurian_Albatross_Aquadopp_NetCDF_2014,TEMP_QC,['byte'],[nan]
Emso_Western_Ligurian_Albatross_Aquadopp_NetCDF_2014,TIME_QC,['byte'],[nan]
Emso_Western_Ligurian_Albatross_Aquadopp_NetCDF_2014,XYZ_QC,['byte'],[nan]
Emso_Western_Ligurian_Albatross_Aquadopp_NetCDF_2014,latitude,['float'],[nan]
Emso_Western_Ligurian_Albatross_Aquadopp_NetCDF_2014,longitude,['float'],[nan]
Emso_Western_Ligurian_Albatross_Aquadopp_NetCDF_2014,stationname,['String'],[nan]
Emso_Western_Ligurian_Albatross_Aquadopp_NetCDF_2014,time,['double'],[nan]
Emso_Western_Ligurian_Albatross_Aquadopp_NetCDF_2015,DEPH,['float'],[nan]
Emso_Western_Ligurian_Albatross_Aquadopp_NetCDF_2015,Direction,['float'],[nan]
Emso_Western_Ligurian_Albatross_Aquadopp_NetCDF_2015,Direction_QC,['byte'],[nan]
Emso_Western_Ligurian_Albatross_Aquadopp_NetCDF_2015,HCSP,['float'],[nan]
Emso_Western_Ligurian_Albatross_Aquadopp_NetCDF_2015,HCSP_QC,['byte'],[nan]
Emso_Western_Ligurian_Albatross_Aquadopp_NetCDF_2015,HEAD,['float'],[nan]
Emso_Western_Ligurian_Albatross_Aquadopp_NetCDF_2015,HEAD_QC,['byte'],[nan]
Emso_Western_Ligurian_Albatross_Aquadopp_NetCDF_2015,LRZA,['float'],[nan]
Emso_Western_Ligurian_Albatross_Aquadopp_NetCDF_2015,PRES,['float'],[nan]
Emso_Western_Ligurian_Albatross_Aquadopp_NetCDF_2015,PRES_QC,['byte'],[nan]
Emso_Western_Ligurian_Albatross_Aquadopp_NetCDF_2015,Pitch,['float'],[nan]
Emso_Western_Ligurian_Albatross_Aquadopp_NetCDF_2015,Pitch_QC,['byte'],[nan]
Emso_Western_Ligurian_Albatross_Aquadopp_NetCDF_2015,RFVL_X,['float'],[nan]
Emso_Western_Ligurian_Albatross_Aquadopp_NetCDF_2015,RFVL_Y,['float'],[nan]
Emso_Western_Ligurian_Albatross_Aquadopp_NetCDF_2015,ROLL,['float'],[nan]
Emso_Western_Ligurian_Albatross_Aquadopp_NetCDF_2015,ROLL_QC,['byte'],[nan]
Emso_Western_Ligurian_Albatross_Aquadopp_NetCDF_2015,SVEL,['float'],[nan]
Emso_Western_Ligurian_Albatross_Aquadopp_NetCDF_2015,SVEL_QC,['byte'],[nan]
Emso_Western_Ligurian_Albatross_Aquadopp_NetCDF_2015,TEMP,['float'],[nan]
Emso_Western_Ligurian_Albatross_Aquadopp_NetCDF_2015,TEMP_QC,['byte'],[nan]
Emso_Western_Ligurian_Albatross_Aquadopp_NetCDF_2015,TIME_QC,['byte'],[nan]
Emso_Western_Ligurian_Albatross_Aquadopp_NetCDF_2015,XYZ_QC,['byte'],[nan]
Emso_Western_Ligurian_Albatross_Aquadopp_NetCDF_2015,latitude,['float'],[nan]
Emso_Western_Ligurian_Albatross_Aquadopp_NetCDF_2015,longitude,['float'],[nan]
Emso_Western_Ligurian_Albatross_Aquadopp_NetCDF_2015,stationname,['String'],[nan]
Emso_Western_Ligurian_Albatross_Aquadopp_NetCDF_2015,time,['double'],[nan]
Emso_Western_Ligurian_Albatross_Aquadopp_NetCDF_2016,Amplitude_QC,['byte'],[nan]
Emso_Western_Ligurian_Albatross_Aquadopp_NetCDF_2016,Amplitude_X,['float'],[nan]
Emso_Western_Ligurian_Albatross_Aquadopp_NetCDF_2016,Amplitude_Y,['float'],[nan]
Emso_Western_Ligurian_Albatross_Aquadopp_NetCDF_2016,Amplitude_Z,['float'],[nan]
Emso_Western_Ligurian_Albatross_Aquadopp_NetCDF_2016,Battery,['float'],[nan]
Emso_Western_Ligurian_Albatross_Aquadopp_NetCDF_2016,Battery_QC,['byte'],[nan]
Emso_Western_Ligurian_Albatross_Aquadopp_NetCDF_2016,DEPH,['float'],[nan]
Emso_Western_Ligurian_Albatross_Aquadopp_NetCDF_2016,Direction,['float'],[nan]
Emso_Western_Ligurian_Albatross_Aquadopp_NetCDF_2016,Direction_QC,['byte'],[nan]
Emso_Western_Ligurian_Albatross_Aquadopp_NetCDF_2016,HCSP,['float'],[nan]
Emso_Western_Ligurian_Albatross_Aquadopp_NetCDF_2016,HCSP_QC,['byte'],[nan]
Emso_Western_Ligurian_Albatross_Aquadopp_NetCDF_2016,HEAD,['float'],[nan]
Emso_Western_Ligurian_Albatross_Aquadopp_NetCDF_2016,HEAD_QC,['byte'],[nan]
Emso_Western_Ligurian_Albatross_Aquadopp_NetCDF_2016,LRZA,['float'],[nan]
Emso_Western_Ligurian_Albatross_Aquadopp_NetCDF_2016,PRES,['float'],[nan]
Emso_Western_Ligurian_Albatross_Aquadopp_NetCDF_2016,PRES_QC,['byte'],[nan]
Emso_Western_Ligurian_Albatross_Aquadopp_NetCDF_2016,Pitch,['float'],[nan]
Emso_Western_Ligurian_Albatross_Aquadopp_NetCDF_2016,Pitch_QC,['byte'],[nan]
Emso_Western_Ligurian_Albatross_Aquadopp_NetCDF_2016,RFVL_X,['float'],[nan]
Emso_Western_Ligurian_Albatross_Aquadopp_NetCDF_2016,RFVL_Y,['float'],[nan]
Emso_Western_Ligurian_Albatross_Aquadopp_NetCDF_2016,ROLL,['float'],[nan]
Emso_Western_Ligurian_Albatross_Aquadopp_NetCDF_2016,ROLL_QC,['byte'],[nan]
Emso_Western_Ligurian_Albatross_Aquadopp_NetCDF_2016,SVEL,['float'],[nan]
Emso_Western_Ligurian_Albatross_Aquadopp_NetCDF_2016,SVEL_QC,['byte'],[nan]
Emso_Western_Ligurian_Albatross_Aquadopp_NetCDF_2016,TEMP,['float'],[nan]
Emso_Western_Ligurian_Albatross_Aquadopp_NetCDF_2016,TEMP_QC,['byte'],[nan]
Emso_Western_Ligurian_Albatross_Aquadopp_NetCDF_2016,TIME_QC,['byte'],[nan]
Emso_Western_Ligurian_Albatross_Aquadopp_NetCDF_2016,XYZ_QC,['byte'],[nan]
Emso_Western_Ligurian_Albatross_Aquadopp_NetCDF_2016,latitude,['float'],[nan]
Emso_Western_Ligurian_Albatross_Aquadopp_NetCDF_2016,longitude,['float'],[nan]
Emso_Western_Ligurian_Albatross_Aquadopp_NetCDF_2016,stationname,['String'],[nan]
Emso_Western_Ligurian_Albatross_Aquadopp_NetCDF_2016,time,['double'],[nan]
Emso_Western_Ligurian_Albatross_Aquadopp_NetCDF_2018,Amplitude_QC,['byte'],[nan]
Emso_Western_Ligurian_Albatross_Aquadopp_NetCDF_2018,Amplitude_X,['float'],[nan]
Emso_Western_Ligurian_Albatross_Aquadopp_NetCDF_2018,Amplitude_Y,['float'],[nan]
Emso_Western_Ligurian_Albatross_Aquadopp_NetCDF_2018,Amplitude_Z,['float'],[nan]
Emso_Western_Ligurian_Albatross_Aquadopp_NetCDF_2018,Battery,['float'],[nan]
Emso_Western_Ligurian_Albatross_Aquadopp_NetCDF_2018,Battery_QC,['byte'],[nan]
Emso_Western_Ligurian_Albatross_Aquadopp_NetCDF_2018,DEPH,['float'],[nan]
Emso_Western_Ligurian_Albatross_Aquadopp_NetCDF_2018,Direction,['float'],[nan]
Emso_Western_Ligurian_Albatross_Aquadopp_NetCDF_2018,Direction_QC,['byte'],[nan]
Emso_Western_Ligurian_Albatross_Aquadopp_NetCDF_2018,HCSP,['float'],[nan]
Emso_Western_Ligurian_Albatross_Aquadopp_NetCDF_2018,HCSP_QC,['byte'],[nan]
Emso_Western_Ligurian_Albatross_Aquadopp_NetCDF_2018,HEAD,['float'],[nan]
Emso_Western_Ligurian_Albatross_Aquadopp_NetCDF_2018,HEAD_QC,['byte'],[nan]
Emso_Western_Ligurian_Albatross_Aquadopp_NetCDF_2018,LRZA,['float'],[nan]
Emso_Western_Ligurian_Albatross_Aquadopp_NetCDF_2018,PRES,['float'],[nan]
Emso_Western_Ligurian_Albatross_Aquadopp_NetCDF_2018,PRES_QC,['byte'],[nan]
Emso_Western_Ligurian_Albatross_Aquadopp_NetCDF_2018,Pitch,['float'],[nan]
Emso_Western_Ligurian_Albatross_Aquadopp_NetCDF_2018,Pitch_QC,['byte'],[nan]
Emso_Western_Ligurian_Albatross_Aquadopp_NetCDF_2018,RFVL_X,['float'],[nan]
Emso_Western_Ligurian_Albatross_Aquadopp_NetCDF_2018,RFVL_Y,['float'],[nan]
Emso_Western_Ligurian_Albatross_Aquadopp_NetCDF_2018,ROLL,['float'],[nan]
Emso_Western_Ligurian_Albatross_Aquadopp_NetCDF_2018,ROLL_QC,['byte'],[nan]
Emso_Western_Ligurian_Albatross_Aquadopp_NetCDF_2018,SVEL,['float'],[nan]
Emso_Western_Ligurian_Albatross_Aquadopp_NetCDF_2018,SVEL_QC,['byte'],[nan]
Emso_Western_Ligurian_Albatross_Aquadopp_NetCDF_2018,TEMP,['float'],[nan]
Emso_Western_Ligurian_Albatross_Aquadopp_NetCDF_2018,TEMP_QC,['byte'],[nan]
Emso_Western_Ligurian_Albatross_Aquadopp_NetCDF_2018,TIME_QC,['byte'],[nan]
Emso_Western_Ligurian_Albatross_Aquadopp_NetCDF_2018,XYZ_QC,['byte'],[nan]
Emso_Western_Ligurian_Albatross_Aquadopp_NetCDF_2018,latitude,['float'],[nan]
Emso_Western_Ligurian_Albatross_Aquadopp_NetCDF_2018,longitude,['float'],[nan]
Emso_Western_Ligurian_Albatross_Aquadopp_NetCDF_2018,stationname,['String'],[nan]
Emso_Western_Ligurian_Albatross_Aquadopp_NetCDF_2018,time,['double'],[nan]
Emso_Western_Ligurian_Albatross_Aquadopp_NetCDF_2021,Amplitude_QC,['byte'],[nan]
Emso_Western_Ligurian_Albatross_Aquadopp_NetCDF_2021,Amplitude_X,['float'],[nan]
Emso_Western_Ligurian_Albatross_Aquadopp_NetCDF_2021,Amplitude_Y,['float'],[nan]
Emso_Western_Ligurian_Albatross_Aquadopp_NetCDF_2021,Amplitude_Z,['float'],[nan]
Emso_Western_Ligurian_Albatross_Aquadopp_NetCDF_2021,Battery,['float'],[nan]
Emso_Western_Ligurian_Albatross_Aquadopp_NetCDF_2021,Battery_QC,['byte'],[nan]
Emso_Western_Ligurian_Albatross_Aquadopp_NetCDF_2021,DEPH,['float'],[nan]
Emso_Western_Ligurian_Albatross_Aquadopp_NetCDF_2021,Direction,['float'],[nan]
Emso_Western_Ligurian_Albatross_Aquadopp_NetCDF_2021,Direction_QC,['byte'],[nan]
Emso_Western_Ligurian_Albatross_Aquadopp_NetCDF_2021,HCSP,['float'],[nan]
Emso_Western_Ligurian_Albatross_Aquadopp_NetCDF_2021,HCSP_QC,['byte'],[nan]
Emso_Western_Ligurian_Albatross_Aquadopp_NetCDF_2021,HEAD,['float'],[nan]
Emso_Western_Ligurian_Albatross_Aquadopp_NetCDF_2021,HEAD_QC,['byte'],[nan]
Emso_Western_Ligurian_Albatross_Aquadopp_NetCDF_2021,LRZA,['float'],[nan]
Emso_Western_Ligurian_Albatross_Aquadopp_NetCDF_2021,PRES,['float'],[nan]
Emso_Western_Ligurian_Albatross_Aquadopp_NetCDF_2021,PRES_QC,['byte'],[nan]
Emso_Western_Ligurian_Albatross_Aquadopp_NetCDF_2021,Pitch,['float'],[nan]
Emso_Western_Ligurian_Albatross_Aquadopp_NetCDF_2021,Pitch_QC,['byte'],[nan]
Emso_Western_Ligurian_Albatross_Aquadopp_NetCDF_2021,RFVL_X,['float'],[nan]
Emso_Western_Ligurian_Albatross_Aquadopp_NetCDF_2021,RFVL_Y,['float'],[nan]
Emso_Western_Ligurian_Albatross_Aquadopp_NetCDF_2021,ROLL,['float'],[nan]
Emso_Western_Ligurian_Albatross_Aquadopp_NetCDF_2021,ROLL_QC,['byte'],[nan]
Emso_Western_Ligurian_Albatross_Aquadopp_NetCDF_2021,SVEL,['float'],[nan]
Emso_Western_Ligurian_Albatross_Aquadopp_NetCDF_2021,SVEL_QC,['byte'],[nan]
Emso_Western_Ligurian_Albatross_Aquadopp_NetCDF_2021,TEMP,['float'],[nan]
Emso_Western_Ligurian_Albatross_Aquadopp_NetCDF_2021,TEMP_QC,['byte'],[nan]
Emso_Western_Ligurian_Albatross_Aquadopp_NetCDF_2021,TIME_QC,['byte'],[nan]
Emso_Western_Ligurian_Albatross_Aquadopp_NetCDF_2021,XYZ_QC,['byte'],[nan]
Emso_Western_Ligurian_Albatross_Aquadopp_NetCDF_2021,latitude,['float'],[nan]
Emso_Western_Ligurian_Albatross_Aquadopp_NetCDF_2021,longitude,['float'],[nan]
Emso_Western_Ligurian_Albatross_Aquadopp_NetCDF_2021,stationname,['String'],[nan]
Emso_Western_Ligurian_Albatross_Aquadopp_NetCDF_2021,time,['double'],[nan]
Emso_Western_Ligurian_Albatross_Aquadopp_NetCDF_2024,Amplitude_QC,['byte'],[nan]
Emso_Western_Ligurian_Albatross_Aquadopp_NetCDF_2024,Amplitude_X,['float'],[nan]
Emso_Western_Ligurian_Albatross_Aquadopp_NetCDF_2024,Amplitude_Y,['float'],[nan]
Emso_Western_Ligurian_Albatross_Aquadopp_NetCDF_2024,Amplitude_Z,['float'],[nan]
Emso_Western_Ligurian_Albatross_Aquadopp_NetCDF_2024,Battery,['float'],[nan]
Emso_Western_Ligurian_Albatross_Aquadopp_NetCDF_2024,Battery_QC,['byte'],[nan]
Emso_Western_Ligurian_Albatross_Aquadopp_NetCDF_2024,DEPH,['float'],[nan]
Emso_Western_Ligurian_Albatross_Aquadopp_NetCDF_2024,Direction_QC,['byte'],[nan]
Emso_Western_Ligurian_Albatross_Aquadopp_NetCDF_2024,EWCT,['float'],[nan]
Emso_Western_Ligurian_Albatross_Aquadopp_NetCDF_2024,HCDT,['float'],[nan]
Emso_Western_Ligurian_Albatross_Aquadopp_NetCDF_2024,HCSP,['float'],[nan]
Emso_Western_Ligurian_Albatross_Aquadopp_NetCDF_2024,HCSP_QC,['byte'],[nan]
Emso_Western_Ligurian_Albatross_Aquadopp_NetCDF_2024,HEAD,['float'],[nan]
Emso_Western_Ligurian_Albatross_Aquadopp_NetCDF_2024,HEAD_QC,['byte'],[nan]
Emso_Western_Ligurian_Albatross_Aquadopp_NetCDF_2024,NSCT,['float'],[nan]
Emso_Western_Ligurian_Albatross_Aquadopp_NetCDF_2024,PITCH,['float'],[nan]
Emso_Western_Ligurian_Albatross_Aquadopp_NetCDF_2024,PRES,['float'],[nan]
Emso_Western_Ligurian_Albatross_Aquadopp_NetCDF_2024,PRES_QC,['byte'],[nan]
Emso_Western_Ligurian_Albatross_Aquadopp_NetCDF_2024,Pitch_QC,['byte'],[nan]
Emso_Western_Ligurian_Albatross_Aquadopp_NetCDF_2024,ROLL,['float'],[nan]
Emso_Western_Ligurian_Albatross_Aquadopp_NetCDF_2024,ROLL_QC,['byte'],[nan]
Emso_Western_Ligurian_Albatross_Aquadopp_NetCDF_2024,SVEL,['float'],[nan]
Emso_Western_Ligurian_Albatross_Aquadopp_NetCDF_2024,SVEL_QC,['byte'],[nan]
Emso_Western_Ligurian_Albatross_Aquadopp_NetCDF_2024,TEMP,['float'],[nan]
Emso_Western_Ligurian_Albatross_Aquadopp_NetCDF_2024,TEMP_QC,['byte'],[nan]
Emso_Western_Ligurian_Albatross_Aquadopp_NetCDF_2024,TIME_QC,['byte'],[nan]
Emso_Western_Ligurian_Albatross_Aquadopp_NetCDF_2024,VCSP,['float'],[nan]
Emso_Western_Ligurian_Albatross_Aquadopp_NetCDF_2024,XYX_QC,['byte'],[nan]
Emso_Western_Ligurian_Albatross_Aquadopp_NetCDF_2024,latitude,['float'],[nan]
Emso_Western_Ligurian_Albatross_Aquadopp_NetCDF_2024,longitude,['float'],[nan]
Emso_Western_Ligurian_Albatross_Aquadopp_NetCDF_2024,stationname,['String'],[nan]
Emso_Western_Ligurian_Albatross_Aquadopp_NetCDF_2024,time,['double'],[nan]
Emso_Western_Ligurian_Albatross_Microcat_NetCDF_2014,CNDC,['float'],[nan]
Emso_Western_Ligurian_Albatross_Microcat_NetCDF_2014,CNDC_QC,['byte'],[nan]
Emso_Western_Ligurian_Albatross_Microcat_NetCDF_2014,DENS,['float'],[nan]
Emso_Western_Ligurian_Albatross_Microcat_NetCDF_2014,DENS_QC,['byte'],[nan]
Emso_Western_Ligurian_Albatross_Microcat_NetCDF_2014,DEPH,['float'],[nan]
Emso_Western_Ligurian_Albatross_Microcat_NetCDF_2014,DOX2,['float'],[nan]
Emso_Western_Ligurian_Albatross_Microcat_NetCDF_2014,DOX_QC,['byte'],[nan]
Emso_Western_Ligurian_Albatross_Microcat_NetCDF_2014,PRES,['float'],[nan]
Emso_Western_Ligurian_Albatross_Microcat_NetCDF_2014,PRES_QC,['byte'],[nan]
Emso_Western_Ligurian_Albatross_Microcat_NetCDF_2014,PSAL,['float'],[nan]
Emso_Western_Ligurian_Albatross_Microcat_NetCDF_2014,PSAL_QC,['byte'],[nan]
Emso_Western_Ligurian_Albatross_Microcat_NetCDF_2014,TEMP,['float'],[nan]
Emso_Western_Ligurian_Albatross_Microcat_NetCDF_2014,TEMP_QC,['byte'],[nan]
Emso_Western_Ligurian_Albatross_Microcat_NetCDF_2014,TIME_QC,['byte'],[nan]
Emso_Western_Ligurian_Albatross_Microcat_NetCDF_2014,latitude,['float'],[nan]
Emso_Western_Ligurian_Albatross_Microcat_NetCDF_2014,longitude,['float'],[nan]
Emso_Western_Ligurian_Albatross_Microcat_NetCDF_2014,stationname,['String'],[nan]
Emso_Western_Ligurian_Albatross_Microcat_NetCDF_2014,time,['double'],[nan]
Emso_Western_Ligurian_Albatross_Microcat_NetCDF_2015,CNDC,['float'],[nan]
Emso_Western_Ligurian_Albatross_Microcat_NetCDF_2015,CNDC_QC,['byte'],[nan]
Emso_Western_Ligurian_Albatross_Microcat_NetCDF_2015,DENS,['float'],[nan]
Emso_Western_Ligurian_Albatross_Microcat_NetCDF_2015,DENS_QC,['byte'],[nan]
Emso_Western_Ligurian_Albatross_Microcat_NetCDF_2015,DEPH,['float'],[nan]
Emso_Western_Ligurian_Albatross_Microcat_NetCDF_2015,DOX2,['float'],[nan]
Emso_Western_Ligurian_Albatross_Microcat_NetCDF_2015,DOX_QC,['byte'],[nan]
Emso_Western_Ligurian_Albatross_Microcat_NetCDF_2015,PRES,['float'],[nan]
Emso_Western_Ligurian_Albatross_Microcat_NetCDF_2015,PRES_QC,['byte'],[nan]
Emso_Western_Ligurian_Albatross_Microcat_NetCDF_2015,PSAL,['float'],[nan]
Emso_Western_Ligurian_Albatross_Microcat_NetCDF_2015,PSAL_QC,['byte'],[nan]
Emso_Western_Ligurian_Albatross_Microcat_NetCDF_2015,TEMP,['float'],[nan]
Emso_Western_Ligurian_Albatross_Microcat_NetCDF_2015,TEMP_QC,['byte'],[nan]
Emso_Western_Ligurian_Albatross_Microcat_NetCDF_2015,TIME_QC,['byte'],[nan]
Emso_Western_Ligurian_Albatross_Microcat_NetCDF_2015,latitude,['float'],[nan]
Emso_Western_Ligurian_Albatross_Microcat_NetCDF_2015,longitude,['float'],[nan]
Emso_Western_Ligurian_Albatross_Microcat_NetCDF_2015,stationname,['String'],[nan]
Emso_Western_Ligurian_Albatross_Microcat_NetCDF_2015,time,['double'],[nan]
Emso_Western_Ligurian_Albatross_Microcat_NetCDF_2016,CNDC,['double'],[nan]
Emso_Western_Ligurian_Albatross_Microcat_NetCDF_2016,CNDC_QC,['byte'],[nan]
Emso_Western_Ligurian_Albatross_Microcat_NetCDF_2016,DEPH,['float'],[nan]
Emso_Western_Ligurian_Albatross_Microcat_NetCDF_2016,DOX1,['double'],[nan]
Emso_Western_Ligurian_Albatross_Microcat_NetCDF_2016,DOX2,['double'],[nan]
Emso_Western_Ligurian_Albatross_Microcat_NetCDF_2016,DOX_QC,['byte'],[nan]
Emso_Western_Ligurian_Albatross_Microcat_NetCDF_2016,OSAT,['double'],[nan]
Emso_Western_Ligurian_Albatross_Microcat_NetCDF_2016,OSAT_QC,['byte'],[nan]
Emso_Western_Ligurian_Albatross_Microcat_NetCDF_2016,PRES,['double'],[nan]
Emso_Western_Ligurian_Albatross_Microcat_NetCDF_2016,PRES_QC,['byte'],[nan]
Emso_Western_Ligurian_Albatross_Microcat_NetCDF_2016,PSAL,['double'],[nan]
Emso_Western_Ligurian_Albatross_Microcat_NetCDF_2016,PSAL_QC,['byte'],[nan]
Emso_Western_Ligurian_Albatross_Microcat_NetCDF_2016,TEMP,['double'],[nan]
Emso_Western_Ligurian_Albatross_Microcat_NetCDF_2016,TEMP_QC,['byte'],[nan]
Emso_Western_Ligurian_Albatross_Microcat_NetCDF_2016,TIME_QC,['byte'],[nan]
Emso_Western_Ligurian_Albatross_Microcat_NetCDF_2016,TPOT,['double'],[nan]
Emso_Western_Ligurian_Albatross_Microcat_NetCDF_2016,latitude,['float'],[nan]
Emso_Western_Ligurian_Albatross_Microcat_NetCDF_2016,longitude,['float'],[nan]
Emso_Western_Ligurian_Albatross_Microcat_NetCDF_2016,stationname,['String'],[nan]
Emso_Western_Ligurian_Albatross_Microcat_NetCDF_2016,time,['double'],[nan]
Emso_Western_Ligurian_Albatross_Microcat_NetCDF_2018,CNDC,['double'],[nan]
Emso_Western_Ligurian_Albatross_Microcat_NetCDF_2018,CNDC_QC,['byte'],[nan]
Emso_Western_Ligurian_Albatross_Microcat_NetCDF_2018,DENS,['double'],[nan]
Emso_Western_Ligurian_Albatross_Microcat_NetCDF_2018,DENS_QC,['byte'],[nan]
Emso_Western_Ligurian_Albatross_Microcat_NetCDF_2018,DEPH,['float'],[nan]
Emso_Western_Ligurian_Albatross_Microcat_NetCDF_2018,DOX1,['double'],[nan]
Emso_Western_Ligurian_Albatross_Microcat_NetCDF_2018,DOX2,['double'],[nan]
Emso_Western_Ligurian_Albatross_Microcat_NetCDF_2018,DOX_QC,['byte'],[nan]
Emso_Western_Ligurian_Albatross_Microcat_NetCDF_2018,OSAT,['double'],[nan]
Emso_Western_Ligurian_Albatross_Microcat_NetCDF_2018,OSAT_QC,['byte'],[nan]
Emso_Western_Ligurian_Albatross_Microcat_NetCDF_2018,PRES,['double'],[nan]
Emso_Western_Ligurian_Albatross_Microcat_NetCDF_2018,PRES_QC,['byte'],[nan]
Emso_Western_Ligurian_Albatross_Microcat_NetCDF_2018,PSAL,['double'],[nan]
Emso_Western_Ligurian_Albatross_Microcat_NetCDF_2018,PSAL_QC,['byte'],[nan]
Emso_Western_Ligurian_Albatross_Microcat_NetCDF_2018,TEMP,['double'],[nan]
Emso_Western_Ligurian_Albatross_Microcat_NetCDF_2018,TEMP_QC,['byte'],[nan]
Emso_Western_Ligurian_Albatross_Microcat_NetCDF_2018,TIME_QC,['byte'],[nan]
Emso_Western_Ligurian_Albatross_Microcat_NetCDF_2018,TPOT,['double'],[nan]
Emso_Western_Ligurian_Albatross_Microcat_NetCDF_2018,latitude,['float'],[nan]
Emso_Western_Ligurian_Albatross_Microcat_NetCDF_2018,longitude,['float'],[nan]
Emso_Western_Ligurian_Albatross_Microcat_NetCDF_2018,stationname,['String'],[nan]
Emso_Western_Ligurian_Albatross_Microcat_NetCDF_2018,time,['double'],[nan]
Emso_Western_Ligurian_Albatross_Microcat_NetCDF_2019,CNDC,['float'],[nan]
Emso_Western_Ligurian_Albatross_Microcat_NetCDF_2019,CNDC_QC,['byte'],[nan]
Emso_Western_Ligurian_Albatross_Microcat_NetCDF_2019,DENS,['float'],[nan]
Emso_Western_Ligurian_Albatross_Microcat_NetCDF_2019,DENS_QC,['byte'],[nan]
Emso_Western_Ligurian_Albatross_Microcat_NetCDF_2019,DEPH,['float'],[nan]
Emso_Western_Ligurian_Albatross_Microcat_NetCDF_2019,DOX1,['float'],[nan]
Emso_Western_Ligurian_Albatross_Microcat_NetCDF_2019,OSAT,['float'],[nan]
Emso_Western_Ligurian_Albatross_Microcat_NetCDF_2019,OSAT_QC,['byte'],[nan]
Emso_Western_Ligurian_Albatross_Microcat_NetCDF_2019,PRES,['float'],[nan]
Emso_Western_Ligurian_Albatross_Microcat_NetCDF_2019,PRES_QC,['byte'],[nan]
Emso_Western_Ligurian_Albatross_Microcat_NetCDF_2019,PSAL,['float'],[nan]
Emso_Western_Ligurian_Albatross_Microcat_NetCDF_2019,PSAL_QC,['byte'],[nan]
Emso_Western_Ligurian_Albatross_Microcat_NetCDF_2019,TEMP,['float'],[nan]
Emso_Western_Ligurian_Albatross_Microcat_NetCDF_2019,TEMP_QC,['byte'],[nan]
Emso_Western_Ligurian_Albatross_Microcat_NetCDF_2019,TIME_QC,['byte'],[nan]
Emso_Western_Ligurian_Albatross_Microcat_NetCDF_2019,TPOT,['float'],[nan]
Emso_Western_Ligurian_Albatross_Microcat_NetCDF_2019,latitude,['float'],[nan]
Emso_Western_Ligurian_Albatross_Microcat_NetCDF_2019,longitude,['float'],[nan]
Emso_Western_Ligurian_Albatross_Microcat_NetCDF_2019,stationname,['String'],[nan]
Emso_Western_Ligurian_Albatross_Microcat_NetCDF_2019,time,['double'],[nan]
Emso_Western_Ligurian_Albatross_Microcat_NetCDF_2021,CNDC,['float'],[nan]
Emso_Western_Ligurian_Albatross_Microcat_NetCDF_2021,CNDC_QC,['byte'],[nan]
Emso_Western_Ligurian_Albatross_Microcat_NetCDF_2021,DENS,['float'],[nan]
Emso_Western_Ligurian_Albatross_Microcat_NetCDF_2021,DENS_QC,['byte'],[nan]
Emso_Western_Ligurian_Albatross_Microcat_NetCDF_2021,DEPH,['float'],[nan]
Emso_Western_Ligurian_Albatross_Microcat_NetCDF_2021,DOX1,['float'],[nan]
Emso_Western_Ligurian_Albatross_Microcat_NetCDF_2021,DOX2,['float'],[nan]
Emso_Western_Ligurian_Albatross_Microcat_NetCDF_2021,DOX_QC,['byte'],[nan]
Emso_Western_Ligurian_Albatross_Microcat_NetCDF_2021,OSAT,['float'],[nan]
Emso_Western_Ligurian_Albatross_Microcat_NetCDF_2021,OSAT_QC,['byte'],[nan]
Emso_Western_Ligurian_Albatross_Microcat_NetCDF_2021,PRES,['float'],[nan]
Emso_Western_Ligurian_Albatross_Microcat_NetCDF_2021,PRES_QC,['byte'],[nan]
Emso_Western_Ligurian_Albatross_Microcat_NetCDF_2021,PSAL,['float'],[nan]
Emso_Western_Ligurian_Albatross_Microcat_NetCDF_2021,PSAL_QC,['byte'],[nan]
Emso_Western_Ligurian_Albatross_Microcat_NetCDF_2021,TEMP,['float'],[nan]
Emso_Western_Ligurian_Albatross_Microcat_NetCDF_2021,TEMP_QC,['byte'],[nan]
Emso_Western_Ligurian_Albatross_Microcat_NetCDF_2021,TIME_QC,['byte'],[nan]
Emso_Western_Ligurian_Albatross_Microcat_NetCDF_2021,TPOT,['float'],[nan]
Emso_Western_Ligurian_Albatross_Microcat_NetCDF_2021,latitude,['float'],[nan]
Emso_Western_Ligurian_Albatross_Microcat_NetCDF_2021,longitude,['float'],[nan]
Emso_Western_Ligurian_Albatross_Microcat_NetCDF_2021,stationname,['String'],[nan]
Emso_Western_Ligurian_Albatross_Microcat_NetCDF_2021,time,['double'],[nan]
Emso_Western_Ligurian_Albatross_Microcat_NetCDF_2024,CNDC,['float'],[nan]
Emso_Western_Ligurian_Albatross_Microcat_NetCDF_2024,CNDC_QC,['byte'],[nan]
Emso_Western_Ligurian_Albatross_Microcat_NetCDF_2024,DENS,['float'],[nan]
Emso_Western_Ligurian_Albatross_Microcat_NetCDF_2024,DENS_QC,['byte'],[nan]
Emso_Western_Ligurian_Albatross_Microcat_NetCDF_2024,DEPH,['float'],[nan]
Emso_Western_Ligurian_Albatross_Microcat_NetCDF_2024,DOX1,['float'],[nan]
Emso_Western_Ligurian_Albatross_Microcat_NetCDF_2024,DOX2,['float'],[nan]
Emso_Western_Ligurian_Albatross_Microcat_NetCDF_2024,DOX_QC,['byte'],[nan]
Emso_Western_Ligurian_Albatross_Microcat_NetCDF_2024,OSAT,['float'],[nan]
Emso_Western_Ligurian_Albatross_Microcat_NetCDF_2024,OSAT_QC,['byte'],[nan]
Emso_Western_Ligurian_Albatross_Microcat_NetCDF_2024,POTT,['float'],[nan]
Emso_Western_Ligurian_Albatross_Microcat_NetCDF_2024,PRES,['float'],[nan]
Emso_Western_Ligurian_Albatross_Microcat_NetCDF_2024,PRES_QC,['byte'],[nan]
Emso_Western_Ligurian_Albatross_Microcat_NetCDF_2024,PSAL,['float'],[nan]
Emso_Western_Ligurian_Albatross_Microcat_NetCDF_2024,PSAL_QC,['byte'],[nan]
Emso_Western_Ligurian_Albatross_Microcat_NetCDF_2024,TEMP,['float'],[nan]
Emso_Western_Ligurian_Albatross_Microcat_NetCDF_2024,TEMP_QC,['byte'],[nan]
Emso_Western_Ligurian_Albatross_Microcat_NetCDF_2024,TIME_QC,['byte'],[nan]
Emso_Western_Ligurian_Albatross_Microcat_NetCDF_2024,latitude,['float'],[nan]
Emso_Western_Ligurian_Albatross_Microcat_NetCDF_2024,longitude,['float'],[nan]
Emso_Western_Ligurian_Albatross_Microcat_NetCDF_2024,sensor_theoric_depth,['float'],[nan]
Emso_Western_Ligurian_Albatross_Microcat_NetCDF_2024,stationname,['String'],[nan]
Emso_Western_Ligurian_Albatross_Microcat_NetCDF_2024,time,['double'],[nan]
Emso_Western_Ligurian_Bathybot_ADCP_NetCDF_2023,Amplitude1,['short'],[nan]
Emso_Western_Ligurian_Bathybot_ADCP_NetCDF_2023,Amplitude2,['short'],[nan]
Emso_Western_Ligurian_Bathybot_ADCP_NetCDF_2023,Amplitude3,['short'],[nan]
Emso_Western_Ligurian_Bathybot_ADCP_NetCDF_2023,Amplitude4,['short'],[nan]
Emso_Western_Ligurian_Bathybot_ADCP_NetCDF_2023,CDIR,['float'],[nan]
Emso_Western_Ligurian_Bathybot_ADCP_NetCDF_2023,CDIR_QC,['byte'],[nan]
Emso_Western_Ligurian_Bathybot_ADCP_NetCDF_2023,CSPD,['long'],[nan]
Emso_Western_Ligurian_Bathybot_ADCP_NetCDF_2023,CSPD_QC,['byte'],[nan]
Emso_Western_Ligurian_Bathybot_ADCP_NetCDF_2023,DEPH_QC,['byte'],[nan]
Emso_Western_Ligurian_Bathybot_ADCP_NetCDF_2023,ECI1_QC,['byte'],[nan]
Emso_Western_Ligurian_Bathybot_ADCP_NetCDF_2023,ECI2_QC,['byte'],[nan]
Emso_Western_Ligurian_Bathybot_ADCP_NetCDF_2023,ECI3_QC,['byte'],[nan]
Emso_Western_Ligurian_Bathybot_ADCP_NetCDF_2023,ECI4_QC,['byte'],[nan]
Emso_Western_Ligurian_Bathybot_ADCP_NetCDF_2023,ERVV,['long'],[nan]
Emso_Western_Ligurian_Bathybot_ADCP_NetCDF_2023,ERVV_QC,['byte'],[nan]
Emso_Western_Ligurian_Bathybot_ADCP_NetCDF_2023,EWCT,['long'],[nan]
Emso_Western_Ligurian_Bathybot_ADCP_NetCDF_2023,EWCT_QC,['byte'],[nan]
Emso_Western_Ligurian_Bathybot_ADCP_NetCDF_2023,HEAD,['float'],[nan]
Emso_Western_Ligurian_Bathybot_ADCP_NetCDF_2023,Head_QC,['byte'],[nan]
Emso_Western_Ligurian_Bathybot_ADCP_NetCDF_2023,NSCT,['long'],[nan]
Emso_Western_Ligurian_Bathybot_ADCP_NetCDF_2023,NSCT_QC,['byte'],[nan]
Emso_Western_Ligurian_Bathybot_ADCP_NetCDF_2023,PITCH,['float'],[nan]
Emso_Western_Ligurian_Bathybot_ADCP_NetCDF_2023,POSITION_QC,['byte'],[nan]
Emso_Western_Ligurian_Bathybot_ADCP_NetCDF_2023,Pitch_QC,['byte'],[nan]
Emso_Western_Ligurian_Bathybot_ADCP_NetCDF_2023,ROLL,['float'],[nan]
Emso_Western_Ligurian_Bathybot_ADCP_NetCDF_2023,Roll_QC,['byte'],[nan]
Emso_Western_Ligurian_Bathybot_ADCP_NetCDF_2023,TEMP,['float'],[nan]
Emso_Western_Ligurian_Bathybot_ADCP_NetCDF_2023,TIME_QC,['byte'],[nan]
Emso_Western_Ligurian_Bathybot_ADCP_NetCDF_2023,Temp_QC,['byte'],[nan]
Emso_Western_Ligurian_Bathybot_ADCP_NetCDF_2023,VCSP,['long'],[nan]
Emso_Western_Ligurian_Bathybot_ADCP_NetCDF_2023,VCSP_QC,['byte'],[nan]
Emso_Western_Ligurian_Bathybot_ADCP_NetCDF_2023,crs,['short'],[nan]
Emso_Western_Ligurian_Bathybot_ADCP_NetCDF_2023,depth,['float'],[nan]
Emso_Western_Ligurian_Bathybot_ADCP_NetCDF_2023,latitude,['float'],[nan]
Emso_Western_Ligurian_Bathybot_ADCP_NetCDF_2023,longitude,['float'],[nan]
Emso_Western_Ligurian_Bathybot_ADCP_NetCDF_2023,station_id,['String'],[nan]
Emso_Western_Ligurian_Bathybot_ADCP_NetCDF_2023,time,['double'],[nan]
Emso_Western_Ligurian_Bathybot_Aquadopp_NetCDF_2023,Amplitude_QC,['byte'],[nan]
Emso_Western_Ligurian_Bathybot_Aquadopp_NetCDF_2023,Amplitude_X,['float'],[nan]
Emso_Western_Ligurian_Bathybot_Aquadopp_NetCDF_2023,Amplitude_Y,['float'],[nan]
Emso_Western_Ligurian_Bathybot_Aquadopp_NetCDF_2023,Amplitude_Z,['float'],[nan]
Emso_Western_Ligurian_Bathybot_Aquadopp_NetCDF_2023,Battery,['float'],[nan]
Emso_Western_Ligurian_Bathybot_Aquadopp_NetCDF_2023,Battery_QC,['byte'],[nan]
Emso_Western_Ligurian_Bathybot_Aquadopp_NetCDF_2023,DEPH,['float'],[nan]
Emso_Western_Ligurian_Bathybot_Aquadopp_NetCDF_2023,Deph_QC,['byte'],[nan]
Emso_Western_Ligurian_Bathybot_Aquadopp_NetCDF_2023,EWCT,['float'],[nan]
Emso_Western_Ligurian_Bathybot_Aquadopp_NetCDF_2023,FVLT,['float'],[nan]
Emso_Western_Ligurian_Bathybot_Aquadopp_NetCDF_2023,Fvlt_QC,['byte'],[nan]
Emso_Western_Ligurian_Bathybot_Aquadopp_NetCDF_2023,HCDT,['float'],[nan]
Emso_Western_Ligurian_Bathybot_Aquadopp_NetCDF_2023,HCSP,['float'],[nan]
Emso_Western_Ligurian_Bathybot_Aquadopp_NetCDF_2023,HEAD,['float'],[nan]
Emso_Western_Ligurian_Bathybot_Aquadopp_NetCDF_2023,Hcdt_QC,['byte'],[nan]
Emso_Western_Ligurian_Bathybot_Aquadopp_NetCDF_2023,Hcsp_QC,['byte'],[nan]
Emso_Western_Ligurian_Bathybot_Aquadopp_NetCDF_2023,Head_QC,['byte'],[nan]
Emso_Western_Ligurian_Bathybot_Aquadopp_NetCDF_2023,NSCT,['float'],[nan]
Emso_Western_Ligurian_Bathybot_Aquadopp_NetCDF_2023,PITCH,['float'],[nan]
Emso_Western_Ligurian_Bathybot_Aquadopp_NetCDF_2023,PRES,['float'],[nan]
Emso_Western_Ligurian_Bathybot_Aquadopp_NetCDF_2023,Pitch_QC,['byte'],[nan]
Emso_Western_Ligurian_Bathybot_Aquadopp_NetCDF_2023,Position_QC,['byte'],[nan]
Emso_Western_Ligurian_Bathybot_Aquadopp_NetCDF_2023,Pres_QC,['byte'],[nan]
Emso_Western_Ligurian_Bathybot_Aquadopp_NetCDF_2023,ROLL,['float'],[nan]
Emso_Western_Ligurian_Bathybot_Aquadopp_NetCDF_2023,Roll_QC,['byte'],[nan]
Emso_Western_Ligurian_Bathybot_Aquadopp_NetCDF_2023,SVEL,['float'],[nan]
Emso_Western_Ligurian_Bathybot_Aquadopp_NetCDF_2023,Svel_QC,['byte'],[nan]
Emso_Western_Ligurian_Bathybot_Aquadopp_NetCDF_2023,TEMP,['float'],[nan]
Emso_Western_Ligurian_Bathybot_Aquadopp_NetCDF_2023,Temp_QC,['byte'],[nan]
Emso_Western_Ligurian_Bathybot_Aquadopp_NetCDF_2023,Time_QC,['byte'],[nan]
Emso_Western_Ligurian_Bathybot_Aquadopp_NetCDF_2023,VCSP,['float'],[nan]
Emso_Western_Ligurian_Bathybot_Aquadopp_NetCDF_2023,latitude,['float'],[nan]
Emso_Western_Ligurian_Bathybot_Aquadopp_NetCDF_2023,longitude,['float'],[nan]
Emso_Western_Ligurian_Bathybot_Aquadopp_NetCDF_2023,station_id,['String'],[nan]
Emso_Western_Ligurian_Bathybot_Aquadopp_NetCDF_2023,time,['double'],[nan]
Emso_Western_Ligurian_Bathybot_Aquadopp_NetCDF_2023,xyz_QC,['byte'],[nan]
Emso_Western_Ligurian_Bathybot_Microcat_NetCDF_2023,CNDC,['float'],[nan]
Emso_Western_Ligurian_Bathybot_Microcat_NetCDF_2023,CNDC_QC,['byte'],[nan]
Emso_Western_Ligurian_Bathybot_Microcat_NetCDF_2023,DEPH_QC,['byte'],[nan]
Emso_Western_Ligurian_Bathybot_Microcat_NetCDF_2023,POSITION_QC,['byte'],[nan]
Emso_Western_Ligurian_Bathybot_Microcat_NetCDF_2023,PRES,['float'],[nan]
Emso_Western_Ligurian_Bathybot_Microcat_NetCDF_2023,PRES_QC,['byte'],[nan]
Emso_Western_Ligurian_Bathybot_Microcat_NetCDF_2023,PSAL,['float'],[nan]
Emso_Western_Ligurian_Bathybot_Microcat_NetCDF_2023,PSAL_QC,['byte'],[nan]
Emso_Western_Ligurian_Bathybot_Microcat_NetCDF_2023,TEMP,['float'],[nan]
Emso_Western_Ligurian_Bathybot_Microcat_NetCDF_2023,TEMP_QC,['byte'],[nan]
Emso_Western_Ligurian_Bathybot_Microcat_NetCDF_2023,TIME_QC,['byte'],[nan]
Emso_Western_Ligurian_Bathybot_Microcat_NetCDF_2023,depth,['float'],[nan]
Emso_Western_Ligurian_Bathybot_Microcat_NetCDF_2023,latitude,['float'],[nan]
Emso_Western_Ligurian_Bathybot_Microcat_NetCDF_2023,longitude,['float'],[nan]
Emso_Western_Ligurian_Bathybot_Microcat_NetCDF_2023,station_id,['String'],[nan]
Emso_Western_Ligurian_Bathybot_Microcat_NetCDF_2023,time,['double'],[nan]
Emso_Western_Ligurian_Bathybot_Optodes_NetCDF_2023,DEPH_QC,['byte'],[nan]
Emso_Western_Ligurian_Bathybot_Optodes_NetCDF_2023,DOX1,['float'],[nan]
Emso_Western_Ligurian_Bathybot_Optodes_NetCDF_2023,DOX1_QC,['byte'],[nan]
Emso_Western_Ligurian_Bathybot_Optodes_NetCDF_2023,OSAT,['float'],[nan]
Emso_Western_Ligurian_Bathybot_Optodes_NetCDF_2023,OSAT_QC,['byte'],[nan]
Emso_Western_Ligurian_Bathybot_Optodes_NetCDF_2023,POSITION_QC,['byte'],[nan]
Emso_Western_Ligurian_Bathybot_Optodes_NetCDF_2023,TEMP,['float'],[nan]
Emso_Western_Ligurian_Bathybot_Optodes_NetCDF_2023,TEMP_QC,['byte'],[nan]
Emso_Western_Ligurian_Bathybot_Optodes_NetCDF_2023,TIME_QC,['byte'],[nan]
Emso_Western_Ligurian_Bathybot_Optodes_NetCDF_2023,amplitude_blue_light,['float'],[nan]
Emso_Western_Ligurian_Bathybot_Optodes_NetCDF_2023,amplitude_red_light,['float'],[nan]
Emso_Western_Ligurian_Bathybot_Optodes_NetCDF_2023,depth,['float'],[nan]
Emso_Western_Ligurian_Bathybot_Optodes_NetCDF_2023,latitude,['float'],[nan]
Emso_Western_Ligurian_Bathybot_Optodes_NetCDF_2023,longitude,['float'],[nan]
Emso_Western_Ligurian_Bathybot_Optodes_NetCDF_2023,phase_Calibrated,['float'],[nan]
Emso_Western_Ligurian_Bathybot_Optodes_NetCDF_2023,phase_Temp_Compensated,['float'],[nan]
Emso_Western_Ligurian_Bathybot_Optodes_NetCDF_2023,phase_blue_light,['float'],[nan]
Emso_Western_Ligurian_Bathybot_Optodes_NetCDF_2023,phase_red_light,['float'],[nan]
Emso_Western_Ligurian_Bathybot_Optodes_NetCDF_2023,station_id,['String'],[nan]
Emso_Western_Ligurian_Bathybot_Optodes_NetCDF_2023,thermistor_bridge,['float'],[nan]
Emso_Western_Ligurian_Bathybot_Optodes_NetCDF_2023,time,['double'],[nan]
Emso_Western_Ligurian_MII_Aquadopp_NetCDF_2017,Amplitude_QC,['byte'],[nan]
Emso_Western_Ligurian_MII_Aquadopp_NetCDF_2017,Amplitude_X,['float'],[nan]
Emso_Western_Ligurian_MII_Aquadopp_NetCDF_2017,Amplitude_Y,['float'],[nan]
Emso_Western_Ligurian_MII_Aquadopp_NetCDF_2017,Amplitude_Z,['float'],[nan]
Emso_Western_Ligurian_MII_Aquadopp_NetCDF_2017,Battery,['float'],[nan]
Emso_Western_Ligurian_MII_Aquadopp_NetCDF_2017,Battery_QC,['byte'],[nan]
Emso_Western_Ligurian_MII_Aquadopp_NetCDF_2017,DEPH,['float'],[nan]
Emso_Western_Ligurian_MII_Aquadopp_NetCDF_2017,Direction,['float'],[nan]
Emso_Western_Ligurian_MII_Aquadopp_NetCDF_2017,Direction_QC,['byte'],[nan]
Emso_Western_Ligurian_MII_Aquadopp_NetCDF_2017,HCSP,['float'],[nan]
Emso_Western_Ligurian_MII_Aquadopp_NetCDF_2017,HCSP_QC,['byte'],[nan]
Emso_Western_Ligurian_MII_Aquadopp_NetCDF_2017,HEAD,['float'],[nan]
Emso_Western_Ligurian_MII_Aquadopp_NetCDF_2017,HEAD_QC,['byte'],[nan]
Emso_Western_Ligurian_MII_Aquadopp_NetCDF_2017,LRZA,['float'],[nan]
Emso_Western_Ligurian_MII_Aquadopp_NetCDF_2017,PRES,['float'],[nan]
Emso_Western_Ligurian_MII_Aquadopp_NetCDF_2017,PRES_QC,['byte'],[nan]
Emso_Western_Ligurian_MII_Aquadopp_NetCDF_2017,Pitch,['float'],[nan]
Emso_Western_Ligurian_MII_Aquadopp_NetCDF_2017,Pitch_QC,['byte'],[nan]
Emso_Western_Ligurian_MII_Aquadopp_NetCDF_2017,RFVL_X,['float'],[nan]
Emso_Western_Ligurian_MII_Aquadopp_NetCDF_2017,RFVL_Y,['float'],[nan]
Emso_Western_Ligurian_MII_Aquadopp_NetCDF_2017,ROLL,['float'],[nan]
Emso_Western_Ligurian_MII_Aquadopp_NetCDF_2017,ROLL_QC,['byte'],[nan]
Emso_Western_Ligurian_MII_Aquadopp_NetCDF_2017,SVEL,['float'],[nan]
Emso_Western_Ligurian_MII_Aquadopp_NetCDF_2017,SVEL_QC,['byte'],[nan]
Emso_Western_Ligurian_MII_Aquadopp_NetCDF_2017,TEMP,['float'],[nan]
Emso_Western_Ligurian_MII_Aquadopp_NetCDF_2017,TEMP_QC,['byte'],[nan]
Emso_Western_Ligurian_MII_Aquadopp_NetCDF_2017,TIME_QC,['byte'],[nan]
Emso_Western_Ligurian_MII_Aquadopp_NetCDF_2017,XYZ_QC,['byte'],[nan]
Emso_Western_Ligurian_MII_Aquadopp_NetCDF_2017,latitude,['float'],[nan]
Emso_Western_Ligurian_MII_Aquadopp_NetCDF_2017,longitude,['float'],[nan]
Emso_Western_Ligurian_MII_Aquadopp_NetCDF_2017,stationname,['String'],[nan]
Emso_Western_Ligurian_MII_Aquadopp_NetCDF_2017,time,['double'],[nan]
Emso_Western_Ligurian_MII_Cstar_NetCDF_2017,CBIM,['float'],[nan]
Emso_Western_Ligurian_MII_Cstar_NetCDF_2017,CBIM_QC,['byte'],[nan]
Emso_Western_Ligurian_MII_Cstar_NetCDF_2017,CSRW,['float'],[nan]
Emso_Western_Ligurian_MII_Cstar_NetCDF_2017,CSRW_QC,['byte'],[nan]
Emso_Western_Ligurian_MII_Cstar_NetCDF_2017,DEPH,['float'],[nan]
Emso_Western_Ligurian_MII_Cstar_NetCDF_2017,ITC,['float'],[nan]
Emso_Western_Ligurian_MII_Cstar_NetCDF_2017,ITC_QC,['byte'],[nan]
Emso_Western_Ligurian_MII_Cstar_NetCDF_2017,TIME_QC,['byte'],[nan]
Emso_Western_Ligurian_MII_Cstar_NetCDF_2017,latitude,['float'],[nan]
Emso_Western_Ligurian_MII_Cstar_NetCDF_2017,longitude,['float'],[nan]
Emso_Western_Ligurian_MII_Cstar_NetCDF_2017,refCount,['float'],[nan]
Emso_Western_Ligurian_MII_Cstar_NetCDF_2017,refCount_QC,['byte'],[nan]
Emso_Western_Ligurian_MII_Cstar_NetCDF_2017,signalCount,['float'],[nan]
Emso_Western_Ligurian_MII_Cstar_NetCDF_2017,signalCount_QC,['byte'],[nan]
Emso_Western_Ligurian_MII_Cstar_NetCDF_2017,stationname,['String'],[nan]
Emso_Western_Ligurian_MII_Cstar_NetCDF_2017,time,['double'],[nan]
Emso_Western_Ligurian_MII_Microcat_NetCDF_2017,CNDC,['float'],[nan]
Emso_Western_Ligurian_MII_Microcat_NetCDF_2017,CNDC_QC,['byte'],[nan]
Emso_Western_Ligurian_MII_Microcat_NetCDF_2017,DEPH,['float'],[nan]
Emso_Western_Ligurian_MII_Microcat_NetCDF_2017,PRES,['float'],[nan]
Emso_Western_Ligurian_MII_Microcat_NetCDF_2017,PRES_QC,['byte'],[nan]
Emso_Western_Ligurian_MII_Microcat_NetCDF_2017,TEMP,['float'],[nan]
Emso_Western_Ligurian_MII_Microcat_NetCDF_2017,TEMP_QC,['byte'],[nan]
Emso_Western_Ligurian_MII_Microcat_NetCDF_2017,TIME_QC,['byte'],[nan]
Emso_Western_Ligurian_MII_Microcat_NetCDF_2017,latitude,['float'],[nan]
Emso_Western_Ligurian_MII_Microcat_NetCDF_2017,longitude,['float'],[nan]
Emso_Western_Ligurian_MII_Microcat_NetCDF_2017,stationname,['String'],[nan]
Emso_Western_Ligurian_MII_Microcat_NetCDF_2017,time,['double'],[nan]
Emso_Western_Ligurian_MII_Oxygen_NetCDF_2017,DEPH,['float'],[nan]
Emso_Western_Ligurian_MII_Oxygen_NetCDF_2017,DOX1,['float'],[nan]
Emso_Western_Ligurian_MII_Oxygen_NetCDF_2017,DOX_QC,['byte'],[nan]
Emso_Western_Ligurian_MII_Oxygen_NetCDF_2017,OSAT,['float'],[nan]
Emso_Western_Ligurian_MII_Oxygen_NetCDF_2017,OSAT_QC,['byte'],[nan]
Emso_Western_Ligurian_MII_Oxygen_NetCDF_2017,TEMP,['float'],[nan]
Emso_Western_Ligurian_MII_Oxygen_NetCDF_2017,TEMP_QC,['byte'],[nan]
Emso_Western_Ligurian_MII_Oxygen_NetCDF_2017,TIME_QC,['byte'],[nan]
Emso_Western_Ligurian_MII_Oxygen_NetCDF_2017,latitude,['float'],[nan]
Emso_Western_Ligurian_MII_Oxygen_NetCDF_2017,longitude,['float'],[nan]
Emso_Western_Ligurian_MII_Oxygen_NetCDF_2017,optodeSerial,['int'],[nan]
Emso_Western_Ligurian_MII_Oxygen_NetCDF_2017,optodeType,['int'],[nan]
Emso_Western_Ligurian_MII_Oxygen_NetCDF_2017,optode_QC,['byte'],[nan]
Emso_Western_Ligurian_MII_Oxygen_NetCDF_2017,stationname,['String'],[nan]
Emso_Western_Ligurian_MII_Oxygen_NetCDF_2017,time,['double'],[nan]
FF_644_ADCP,CurrVel_QC,['byte'],[nan]
FF_644_ADCP,ECHO_QC,['byte'],[nan]
FF_644_ADCP,ECI_B1,['float'],[nan]
FF_644_ADCP,ECI_B2,['float'],[nan]
FF_644_ADCP,ECI_B3,['float'],[nan]
FF_644_ADCP,ECI_B4,['float'],[nan]
FF_644_ADCP,TEMP,['float'],[nan]
FF_644_ADCP,TEMP_QC,['byte'],[nan]
FF_644_ADCP,UVEL_ADCP,['float'],[nan]
FF_644_ADCP,VVEL_ADCP,['float'],[nan]
FF_644_ADCP,WVEL_ADCP,['float'],[nan]
FF_644_ADCP,depth,['float'],[nan]
FF_644_ADCP,latitude,['float'],[nan]
FF_644_ADCP,longitude,['float'],[nan]
FF_644_ADCP,station_id,['String'],[nan]
FF_644_ADCP,time,['double'],[nan]
FF_700_SBE56,TEMP,['double'],[nan]
FF_700_SBE56,TEMP_QC,['byte'],[nan]
FF_700_SBE56,depth,['double'],[nan]
FF_700_SBE56,latitude,['double'],[nan]
FF_700_SBE56,longitude,['double'],[nan]
FF_700_SBE56,station_id,['String'],[nan]
FF_700_SBE56,time,['double'],[nan]
FF_717_SBE56,TEMP,['double'],[nan]
FF_717_SBE56,TEMP_QC,['byte'],[nan]
FF_717_SBE56,depth,['double'],[nan]
FF_717_SBE56,latitude,['double'],[nan]
FF_717_SBE56,longitude,['double'],[nan]
FF_717_SBE56,station_id,['String'],[nan]
FF_717_SBE56,time,['double'],[nan]
FF_734_CTD,AHGT,['float'],[nan]
FF_734_CTD,DOXY,['float'],[nan]
FF_734_CTD,DOXY_QC,['byte'],[nan]
FF_734_CTD,PSAL,['float'],[nan]
FF_734_CTD,PSAL_QC,['byte'],[nan]
FF_734_CTD,PTEMP_QC,['byte'],[nan]
FF_734_CTD,SIGT,['float'],[nan]
FF_734_CTD,SIGT_QC,['byte'],[nan]
FF_734_CTD,TEMP,['float'],[nan]
FF_734_CTD,TEMP_QC,['byte'],[nan]
FF_734_CTD,TSED,['float'],[nan]
FF_734_CTD,TURB_QC,['byte'],[nan]
FF_734_CTD,Temperature,['float'],[nan]
FF_734_CTD,depth,['float'],[nan]
FF_734_CTD,latitude,['float'],[nan]
FF_734_CTD,longitude,['float'],[nan]
FF_734_CTD,sea_water_pressure_QC,['byte'],[nan]
FF_734_CTD,station_id,['String'],[nan]
FF_734_CTD,time,['double'],[nan]
IBMA-CSV_ADCP_d01_20210524_to_20210609_v002,BINNUMBR,['double'],[nan]
IBMA-CSV_ADCP_d01_20210524_to_20210609_v002,CMAG01,['double'],[nan]
IBMA-CSV_ADCP_d01_20210524_to_20210609_v002,CMAG02,['double'],[nan]
IBMA-CSV_ADCP_d01_20210524_to_20210609_v002,CMAG03,['double'],[nan]
IBMA-CSV_ADCP_d01_20210524_to_20210609_v002,CMAG04,['double'],[nan]
IBMA-CSV_ADCP_d01_20210524_to_20210609_v002,EWCT,['double'],[nan]
IBMA-CSV_ADCP_d01_20210524_to_20210609_v002,EWCT_QC,['double'],[nan]
IBMA-CSV_ADCP_d01_20210524_to_20210609_v002,HCDT,['double'],[nan]
IBMA-CSV_ADCP_d01_20210524_to_20210609_v002,HCDT_QC,['double'],[nan]
IBMA-CSV_ADCP_d01_20210524_to_20210609_v002,HCSP,['double'],[nan]
IBMA-CSV_ADCP_d01_20210524_to_20210609_v002,HCSP_QC,['double'],[nan]
IBMA-CSV_ADCP_d01_20210524_to_20210609_v002,HDNG,['double'],[nan]
IBMA-CSV_ADCP_d01_20210524_to_20210609_v002,LERR,['double'],[nan]
IBMA-CSV_ADCP_d01_20210524_to_20210609_v002,NSCT,['double'],[nan]
IBMA-CSV_ADCP_d01_20210524_to_20210609_v002,NSCT_QC,['double'],[nan]
IBMA-CSV_ADCP_d01_20210524_to_20210609_v002,PCDG_3_beam_solution,['double'],[nan]
IBMA-CSV_ADCP_d01_20210524_to_20210609_v002,PCGD_4_beam_solution,['double'],[nan]
IBMA-CSV_ADCP_d01_20210524_to_20210609_v002,PCGD_Rej,['double'],[nan]
IBMA-CSV_ADCP_d01_20210524_to_20210609_v002,PCGD_bad,['double'],[nan]
IBMA-CSV_ADCP_d01_20210524_to_20210609_v002,POSITION_QC,['float'],[nan]
IBMA-CSV_ADCP_d01_20210524_to_20210609_v002,PTCH,['double'],[nan]
IBMA-CSV_ADCP_d01_20210524_to_20210609_v002,ROLL,['double'],[nan]
IBMA-CSV_ADCP_d01_20210524_to_20210609_v002,SVEL,['double'],[nan]
IBMA-CSV_ADCP_d01_20210524_to_20210609_v002,TEMP,['double'],[nan]
IBMA-CSV_ADCP_d01_20210524_to_20210609_v002,TEMP_QC,['double'],[nan]
IBMA-CSV_ADCP_d01_20210524_to_20210609_v002,TNIH01,['double'],[nan]
IBMA-CSV_ADCP_d01_20210524_to_20210609_v002,TNIH02,['double'],[nan]
IBMA-CSV_ADCP_d01_20210524_to_20210609_v002,TNIH03,['double'],[nan]
IBMA-CSV_ADCP_d01_20210524_to_20210609_v002,TNIH04,['double'],[nan]
IBMA-CSV_ADCP_d01_20210524_to_20210609_v002,VSP,['double'],[nan]
IBMA-CSV_ADCP_d01_20210524_to_20210609_v002,VSP_QC,['double'],[nan]
IBMA-CSV_ADCP_d01_20210524_to_20210609_v002,latitude,['float'],[nan]
IBMA-CSV_ADCP_d01_20210524_to_20210609_v002,longitude,['float'],[nan]
IBMA-CSV_ADCP_d01_20210524_to_20210609_v002,time,['double'],[nan]
IBMA-CSV_ADCP_d02_20220531_to_20221006_v002,BINNUMBR,['double'],[nan]
IBMA-CSV_ADCP_d02_20220531_to_20221006_v002,CMAG01,['double'],[nan]
IBMA-CSV_ADCP_d02_20220531_to_20221006_v002,CMAG02,['double'],[nan]
IBMA-CSV_ADCP_d02_20220531_to_20221006_v002,CMAG03,['double'],[nan]
IBMA-CSV_ADCP_d02_20220531_to_20221006_v002,CMAG04,['double'],[nan]
IBMA-CSV_ADCP_d02_20220531_to_20221006_v002,EWCT,['double'],[nan]
IBMA-CSV_ADCP_d02_20220531_to_20221006_v002,EWCT_QC,['double'],[nan]
IBMA-CSV_ADCP_d02_20220531_to_20221006_v002,HCDT,['double'],[nan]
IBMA-CSV_ADCP_d02_20220531_to_20221006_v002,HCDT_QC,['double'],[nan]
IBMA-CSV_ADCP_d02_20220531_to_20221006_v002,HCSP,['double'],[nan]
IBMA-CSV_ADCP_d02_20220531_to_20221006_v002,HCSP_QC,['double'],[nan]
IBMA-CSV_ADCP_d02_20220531_to_20221006_v002,HDNG,['double'],[nan]
IBMA-CSV_ADCP_d02_20220531_to_20221006_v002,LERR,['double'],[nan]
IBMA-CSV_ADCP_d02_20220531_to_20221006_v002,NSCT,['double'],[nan]
IBMA-CSV_ADCP_d02_20220531_to_20221006_v002,NSCT_QC,['double'],[nan]
IBMA-CSV_ADCP_d02_20220531_to_20221006_v002,PCDG_3_beam_solution,['double'],[nan]
IBMA-CSV_ADCP_d02_20220531_to_20221006_v002,PCGD_4_beam_solution,['double'],[nan]
IBMA-CSV_ADCP_d02_20220531_to_20221006_v002,PCGD_Rej,['double'],[nan]
IBMA-CSV_ADCP_d02_20220531_to_20221006_v002,PCGD_bad,['double'],[nan]
IBMA-CSV_ADCP_d02_20220531_to_20221006_v002,POSITION_QC,['float'],[nan]
IBMA-CSV_ADCP_d02_20220531_to_20221006_v002,PTCH,['double'],[nan]
IBMA-CSV_ADCP_d02_20220531_to_20221006_v002,ROLL,['double'],[nan]
IBMA-CSV_ADCP_d02_20220531_to_20221006_v002,SVEL,['double'],[nan]
IBMA-CSV_ADCP_d02_20220531_to_20221006_v002,TEMP,['double'],[nan]
IBMA-CSV_ADCP_d02_20220531_to_20221006_v002,TEMP_QC,['double'],[nan]
IBMA-CSV_ADCP_d02_20220531_to_20221006_v002,TNIH01,['double'],[nan]
IBMA-CSV_ADCP_d02_20220531_to_20221006_v002,TNIH02,['double'],[nan]
IBMA-CSV_ADCP_d02_20220531_to_20221006_v002,TNIH03,['double'],[nan]
IBMA-CSV_ADCP_d02_20220531_to_20221006_v002,TNIH04,['double'],[nan]
IBMA-CSV_ADCP_d02_20220531_to_20221006_v002,VSP,['double'],[nan]
IBMA-CSV_ADCP_d02_20220531_to_20221006_v002,VSP_QC,['double'],[nan]
IBMA-CSV_ADCP_d02_20220531_to_20221006_v002,latitude,['float'],[nan]
IBMA-CSV_ADCP_d02_20220531_to_20221006_v002,longitude,['float'],[nan]
IBMA-CSV_ADCP_d02_20220531_to_20221006_v002,time,['double'],[nan]
IBMA-CSV_EGIM_ADCP_D01_20220531_to_20221006_v002,BINNUMBR,['double'],[nan]
IBMA-CSV_EGIM_ADCP_D01_20220531_to_20221006_v002,EWCT,['double'],[nan]
IBMA-CSV_EGIM_ADCP_D01_20220531_to_20221006_v002,EWCT_QC,['double'],[nan]
IBMA-CSV_EGIM_ADCP_D01_20220531_to_20221006_v002,HCDT,['double'],[nan]
IBMA-CSV_EGIM_ADCP_D01_20220531_to_20221006_v002,HCDT_QC,['double'],[nan]
IBMA-CSV_EGIM_ADCP_D01_20220531_to_20221006_v002,HCSP,['double'],[nan]
IBMA-CSV_EGIM_ADCP_D01_20220531_to_20221006_v002,HCSP_QC,['double'],[nan]
IBMA-CSV_EGIM_ADCP_D01_20220531_to_20221006_v002,HDNG,['double'],[nan]
IBMA-CSV_EGIM_ADCP_D01_20220531_to_20221006_v002,LERR,['double'],[nan]
IBMA-CSV_EGIM_ADCP_D01_20220531_to_20221006_v002,NSCT,['double'],[nan]
IBMA-CSV_EGIM_ADCP_D01_20220531_to_20221006_v002,NSCT_QC,['double'],[nan]
IBMA-CSV_EGIM_ADCP_D01_20220531_to_20221006_v002,POSITION_QC,['float'],[nan]
IBMA-CSV_EGIM_ADCP_D01_20220531_to_20221006_v002,PTCH,['double'],[nan]
IBMA-CSV_EGIM_ADCP_D01_20220531_to_20221006_v002,ROLL,['double'],[nan]
IBMA-CSV_EGIM_ADCP_D01_20220531_to_20221006_v002,SVEL,['double'],[nan]
IBMA-CSV_EGIM_ADCP_D01_20220531_to_20221006_v002,TEMP,['double'],[nan]
IBMA-CSV_EGIM_ADCP_D01_20220531_to_20221006_v002,TEMP_QC,['double'],[nan]
IBMA-CSV_EGIM_ADCP_D01_20220531_to_20221006_v002,TNIH01,['double'],[nan]
IBMA-CSV_EGIM_ADCP_D01_20220531_to_20221006_v002,TNIH02,['double'],[nan]
IBMA-CSV_EGIM_ADCP_D01_20220531_to_20221006_v002,TNIH03,['double'],[nan]
IBMA-CSV_EGIM_ADCP_D01_20220531_to_20221006_v002,TNIH04,['double'],[nan]
IBMA-CSV_EGIM_ADCP_D01_20220531_to_20221006_v002,VSP,['double'],[nan]
IBMA-CSV_EGIM_ADCP_D01_20220531_to_20221006_v002,VSP_QC,['double'],[nan]
IBMA-CSV_EGIM_ADCP_D01_20220531_to_20221006_v002,latitude,['float'],[nan]
IBMA-CSV_EGIM_ADCP_D01_20220531_to_20221006_v002,longitude,['float'],[nan]
IBMA-CSV_EGIM_ADCP_D01_20220531_to_20221006_v002,time,['double'],[nan]
IBMA-CSV_EGIM_CT_D01_20220531_to_20221006_v002,CNDC,['double'],[nan]
IBMA-CSV_EGIM_CT_D01_20220531_to_20221006_v002,CNDC_QC,['double'],[nan]
IBMA-CSV_EGIM_CT_D01_20220531_to_20221006_v002,POSITION_QC,['float'],[nan]
IBMA-CSV_EGIM_CT_D01_20220531_to_20221006_v002,PSAL,['double'],[nan]
IBMA-CSV_EGIM_CT_D01_20220531_to_20221006_v002,PSAL_QC,['double'],[nan]
IBMA-CSV_EGIM_CT_D01_20220531_to_20221006_v002,SVEL,['double'],[nan]
IBMA-CSV_EGIM_CT_D01_20220531_to_20221006_v002,TEMP,['double'],[nan]
IBMA-CSV_EGIM_CT_D01_20220531_to_20221006_v002,TEMP_QC,['double'],[nan]
IBMA-CSV_EGIM_CT_D01_20220531_to_20221006_v002,latitude,['float'],[nan]
IBMA-CSV_EGIM_CT_D01_20220531_to_20221006_v002,longitude,['float'],[nan]
IBMA-CSV_EGIM_CT_D01_20220531_to_20221006_v002,time,['double'],[nan]
IBMA-CSV_EGIM_DO_D01_20220531_to_20221006_v002,DOXY,['double'],[nan]
IBMA-CSV_EGIM_DO_D01_20220531_to_20221006_v002,DOXY_QC,['double'],[nan]
IBMA-CSV_EGIM_DO_D01_20220531_to_20221006_v002,OSAT,['double'],[nan]
IBMA-CSV_EGIM_DO_D01_20220531_to_20221006_v002,OSAT_QC,['double'],[nan]
IBMA-CSV_EGIM_DO_D01_20220531_to_20221006_v002,POSITION_QC,['float'],[nan]
IBMA-CSV_EGIM_DO_D01_20220531_to_20221006_v002,TEMP,['double'],[nan]
IBMA-CSV_EGIM_DO_D01_20220531_to_20221006_v002,TEMP_QC,['double'],[nan]
IBMA-CSV_EGIM_DO_D01_20220531_to_20221006_v002,latitude,['float'],[nan]
IBMA-CSV_EGIM_DO_D01_20220531_to_20221006_v002,longitude,['float'],[nan]
IBMA-CSV_EGIM_DO_D01_20220531_to_20221006_v002,time,['double'],[nan]
IBMA-CSV_EGIM_PRES_D01_20220531_to_20221006_v002,DEPH_QC,['double'],[nan]
IBMA-CSV_EGIM_PRES_D01_20220531_to_20221006_v002,POSITION_QC,['float'],[nan]
IBMA-CSV_EGIM_PRES_D01_20220531_to_20221006_v002,PRST,['double'],[nan]
IBMA-CSV_EGIM_PRES_D01_20220531_to_20221006_v002,PRST_QC,['double'],[nan]
IBMA-CSV_EGIM_PRES_D01_20220531_to_20221006_v002,TEMP,['double'],[nan]
IBMA-CSV_EGIM_PRES_D01_20220531_to_20221006_v002,TEMP_QC,['double'],[nan]
IBMA-CSV_EGIM_PRES_D01_20220531_to_20221006_v002,depth,['double'],[nan]
IBMA-CSV_EGIM_PRES_D01_20220531_to_20221006_v002,latitude,['float'],[nan]
IBMA-CSV_EGIM_PRES_D01_20220531_to_20221006_v002,longitude,['float'],[nan]
IBMA-CSV_EGIM_PRES_D01_20220531_to_20221006_v002,time,['double'],[nan]
IBMA-CSV_EGIM_TUR_D01_20220531_to_20221006_v002,POSITION_QC,['float'],[nan]
IBMA-CSV_EGIM_TUR_D01_20220531_to_20221006_v002,TUR4,['double'],[nan]
IBMA-CSV_EGIM_TUR_D01_20220531_to_20221006_v002,TUR4_QC,['double'],[nan]
IBMA-CSV_EGIM_TUR_D01_20220531_to_20221006_v002,latitude,['float'],[nan]
IBMA-CSV_EGIM_TUR_D01_20220531_to_20221006_v002,longitude,['float'],[nan]
IBMA-CSV_EGIM_TUR_D01_20220531_to_20221006_v002,time,['double'],[nan]
IBMA-CSV_WW_D02_20220531_to_20221006_v002,CNDC,['double'],[nan]
IBMA-CSV_WW_D02_20220531_to_20221006_v002,CNDC_QC,['double'],[nan]
IBMA-CSV_WW_D02_20220531_to_20221006_v002,DENS_AN,['double'],[nan]
IBMA-CSV_WW_D02_20220531_to_20221006_v002,DEPH_QC,['double'],[nan]
IBMA-CSV_WW_D02_20220531_to_20221006_v002,DOXY,['double'],[nan]
IBMA-CSV_WW_D02_20220531_to_20221006_v002,DOXY_QC,['double'],[nan]
IBMA-CSV_WW_D02_20220531_to_20221006_v002,FLU2,['double'],[nan]
IBMA-CSV_WW_D02_20220531_to_20221006_v002,FLU2_QC,['double'],[nan]
IBMA-CSV_WW_D02_20220531_to_20221006_v002,OSAT,['double'],[nan]
IBMA-CSV_WW_D02_20220531_to_20221006_v002,OSAT_QC,['double'],[nan]
IBMA-CSV_WW_D02_20220531_to_20221006_v002,POSITION_QC,['float'],[nan]
IBMA-CSV_WW_D02_20220531_to_20221006_v002,PRES,['double'],[nan]
IBMA-CSV_WW_D02_20220531_to_20221006_v002,PRES_QC,['double'],[nan]
IBMA-CSV_WW_D02_20220531_to_20221006_v002,PRST,['double'],[nan]
IBMA-CSV_WW_D02_20220531_to_20221006_v002,PRST_QC,['double'],[nan]
IBMA-CSV_WW_D02_20220531_to_20221006_v002,PSAL,['double'],[nan]
IBMA-CSV_WW_D02_20220531_to_20221006_v002,PSAL_QC,['double'],[nan]
IBMA-CSV_WW_D02_20220531_to_20221006_v002,SPEC_CNDC,['double'],[nan]
IBMA-CSV_WW_D02_20220531_to_20221006_v002,SVEL,['double'],[nan]
IBMA-CSV_WW_D02_20220531_to_20221006_v002,TEMP,['double'],[nan]
IBMA-CSV_WW_D02_20220531_to_20221006_v002,TEMP_DOXY,['double'],[nan]
IBMA-CSV_WW_D02_20220531_to_20221006_v002,TEMP_DOXY_QC,['double'],[nan]
IBMA-CSV_WW_D02_20220531_to_20221006_v002,TEMP_QC,['double'],[nan]
IBMA-CSV_WW_D02_20220531_to_20221006_v002,TUR4,['double'],[nan]
IBMA-CSV_WW_D02_20220531_to_20221006_v002,TUR4_QC,['double'],[nan]
IBMA-CSV_WW_D02_20220531_to_20221006_v002,depth,['double'],[nan]
IBMA-CSV_WW_D02_20220531_to_20221006_v002,latitude,['float'],[nan]
IBMA-CSV_WW_D02_20220531_to_20221006_v002,longitude,['float'],[nan]
IBMA-CSV_WW_D02_20220531_to_20221006_v002,time,['double'],[nan]
NorEMSO_StationM,CNDC,['float'],[nan]
NorEMSO_StationM,CNDC_QC,['byte'],[nan]
NorEMSO_StationM,DEPTH_QC,['byte'],[nan]
NorEMSO_StationM,FCO2,['float'],[nan]
NorEMSO_StationM,FCO2_QC,['byte'],[nan]
NorEMSO_StationM,POSITION_QC,['byte'],[nan]
NorEMSO_StationM,PREM,['float'],[nan]
NorEMSO_StationM,PREM_QC,['byte'],[nan]
NorEMSO_StationM,PRES,['float'],[nan]
NorEMSO_StationM,PRES_QC,['byte'],[nan]
NorEMSO_StationM,PSAL,['float'],[nan]
NorEMSO_StationM,PSAL_QC,['byte'],[nan]
NorEMSO_StationM,SENSOR_ID,['String'],[nan]
NorEMSO_StationM,TEMP,['float'],[nan]
NorEMSO_StationM,TEMP_QC,['byte'],[nan]
NorEMSO_StationM,depth,['float'],[nan]
NorEMSO_StationM,latitude,['float'],[nan]
NorEMSO_StationM,longitude,['float'],[nan]
NorEMSO_StationM,time,['double'],[nan]
NorEMSO_Svinoy_South,CDIR,['float'],[nan]
NorEMSO_Svinoy_South,CDIR_QC,['byte'],[nan]
NorEMSO_Svinoy_South,CSPD,['float'],[nan]
NorEMSO_Svinoy_South,CSPD_QC,['byte'],[nan]
NorEMSO_Svinoy_South,DEPTH_QC,['byte'],[nan]
NorEMSO_Svinoy_South,POSITION_QC,['byte'],[nan]
NorEMSO_Svinoy_South,PRES,['float'],[nan]
NorEMSO_Svinoy_South,PRES_QC,['byte'],[nan]
NorEMSO_Svinoy_South,PSAL,['float'],[nan]
NorEMSO_Svinoy_South,PSAL_QC,['byte'],[nan]
NorEMSO_Svinoy_South,SENSOR_ID,['String'],[nan]
NorEMSO_Svinoy_South,TEMP,['float'],[nan]
NorEMSO_Svinoy_South,TEMP_QC,['byte'],[nan]
NorEMSO_Svinoy_South,depth,['float'],[nan]
NorEMSO_Svinoy_South,latitude,['float'],[nan]
NorEMSO_Svinoy_South,longitude,['float'],[nan]
NorEMSO_Svinoy_South,time,['double'],[nan]
OS_ESTOC-1_200311_D_CTD_ANIMATE-10m,CNDC,['float'],"['time, depth']"
OS_ESTOC-1_200311_D_CTD_ANIMATE-10m,CNDC_QC,['byte'],"['time, depth']"
OS_ESTOC-1_200311_D_CTD_ANIMATE-10m,PRES,['float'],"['time, depth']"
OS_ESTOC-1_200311_D_CTD_ANIMATE-10m,PRES_QC,['byte'],"['time, depth']"
OS_ESTOC-1_200311_D_CTD_ANIMATE-10m,PSAL,['float'],"['time, depth']"
OS_ESTOC-1_200311_D_CTD_ANIMATE-10m,PSAL_QC,['byte'],"['time, depth']"
OS_ESTOC-1_200311_D_CTD_ANIMATE-10m,TEMP,['float'],"['time, depth']"
OS_ESTOC-1_200311_D_CTD_ANIMATE-10m,TEMP_QC,['byte'],"['time, depth']"
OS_ESTOC-1_200412_P_CTD_ANIMATE-MultipleDepths,CNDC,['float'],"['time, depth']"
OS_ESTOC-1_200412_P_CTD_ANIMATE-MultipleDepths,CNDC_QC,['byte'],"['time, depth']"
OS_ESTOC-1_200412_P_CTD_ANIMATE-MultipleDepths,PRES,['float'],"['time, depth']"
OS_ESTOC-1_200412_P_CTD_ANIMATE-MultipleDepths,PRES_QC,['byte'],"['time, depth']"
OS_ESTOC-1_200412_P_CTD_ANIMATE-MultipleDepths,PSAL,['float'],"['time, depth']"
OS_ESTOC-1_200412_P_CTD_ANIMATE-MultipleDepths,PSAL_QC,['byte'],"['time, depth']"
OS_ESTOC-1_200412_P_CTD_ANIMATE-MultipleDepths,TEMP,['float'],"['time, depth']"
OS_ESTOC-1_200412_P_CTD_ANIMATE-MultipleDepths,TEMP_QC,['byte'],"['time, depth']"
OS_ESTOC-1_200503_P_CTD_ANIMATE-MultipleDepths,CNDC,['float'],"['time, depth']"
OS_ESTOC-1_200503_P_CTD_ANIMATE-MultipleDepths,CNDC_QC,['byte'],"['time, depth']"
OS_ESTOC-1_200503_P_CTD_ANIMATE-MultipleDepths,PRES,['float'],"['time, depth']"
OS_ESTOC-1_200503_P_CTD_ANIMATE-MultipleDepths,PRES_QC,['byte'],"['time, depth']"
OS_ESTOC-1_200503_P_CTD_ANIMATE-MultipleDepths,PSAL,['float'],"['time, depth']"
OS_ESTOC-1_200503_P_CTD_ANIMATE-MultipleDepths,PSAL_QC,['byte'],"['time, depth']"
OS_ESTOC-1_200503_P_CTD_ANIMATE-MultipleDepths,TEMP,['float'],"['time, depth']"
OS_ESTOC-1_200503_P_CTD_ANIMATE-MultipleDepths,TEMP_QC,['byte'],"['time, depth']"
OS_ESTOC-1_200511_P_CTD_ANIMATE-MultipleDepths,CNDC,['float'],"['time, depth']"
OS_ESTOC-1_200511_P_CTD_ANIMATE-MultipleDepths,CNDC_QC,['byte'],"['time, depth']"
OS_ESTOC-1_200511_P_CTD_ANIMATE-MultipleDepths,PRES,['float'],"['time, depth']"
OS_ESTOC-1_200511_P_CTD_ANIMATE-MultipleDepths,PRES_QC,['byte'],"['time, depth']"
OS_ESTOC-1_200511_P_CTD_ANIMATE-MultipleDepths,PSAL,['float'],"['time, depth']"
OS_ESTOC-1_200511_P_CTD_ANIMATE-MultipleDepths,PSAL_QC,['byte'],"['time, depth']"
OS_ESTOC-1_200511_P_CTD_ANIMATE-MultipleDepths,TEMP,['float'],"['time, depth']"
OS_ESTOC-1_200511_P_CTD_ANIMATE-MultipleDepths,TEMP_QC,['byte'],"['time, depth']"
OS_ESTOC-1_200603_P_CTD_ANIMATE-MultipleDepths,CNDC,['float'],"['time, depth']"
OS_ESTOC-1_200603_P_CTD_ANIMATE-MultipleDepths,CNDC_QC,['byte'],"['time, depth']"
OS_ESTOC-1_200603_P_CTD_ANIMATE-MultipleDepths,PRES,['float'],"['time, depth']"
OS_ESTOC-1_200603_P_CTD_ANIMATE-MultipleDepths,PRES_QC,['byte'],"['time, depth']"
OS_ESTOC-1_200603_P_CTD_ANIMATE-MultipleDepths,PSAL,['float'],"['time, depth']"
OS_ESTOC-1_200603_P_CTD_ANIMATE-MultipleDepths,PSAL_QC,['byte'],"['time, depth']"
OS_ESTOC-1_200603_P_CTD_ANIMATE-MultipleDepths,TEMP,['float'],"['time, depth']"
OS_ESTOC-1_200603_P_CTD_ANIMATE-MultipleDepths,TEMP_QC,['byte'],"['time, depth']"
OS_ESTOC-1_200611_P_CTD_ANIMATE-MultipleDepths,CNDC,['float'],"['time, depth']"
OS_ESTOC-1_200611_P_CTD_ANIMATE-MultipleDepths,CNDC_QC,['byte'],"['time, depth']"
OS_ESTOC-1_200611_P_CTD_ANIMATE-MultipleDepths,PRES,['float'],"['time, depth']"
OS_ESTOC-1_200611_P_CTD_ANIMATE-MultipleDepths,PRES_QC,['byte'],"['time, depth']"
OS_ESTOC-1_200611_P_CTD_ANIMATE-MultipleDepths,PSAL,['float'],"['time, depth']"
OS_ESTOC-1_200611_P_CTD_ANIMATE-MultipleDepths,PSAL_QC,['byte'],"['time, depth']"
OS_ESTOC-1_200611_P_CTD_ANIMATE-MultipleDepths,TEMP,['float'],"['time, depth']"
OS_ESTOC-1_200611_P_CTD_ANIMATE-MultipleDepths,TEMP_QC,['byte'],"['time, depth']"
OS_ESTOC-1_200703_P_CTD_ANIMATE-MultipleDepths,CNDC,['float'],"['time, depth']"
OS_ESTOC-1_200703_P_CTD_ANIMATE-MultipleDepths,CNDC_QC,['byte'],"['time, depth']"
OS_ESTOC-1_200703_P_CTD_ANIMATE-MultipleDepths,PRES,['float'],"['time, depth']"
OS_ESTOC-1_200703_P_CTD_ANIMATE-MultipleDepths,PRES_QC,['byte'],"['time, depth']"
OS_ESTOC-1_200703_P_CTD_ANIMATE-MultipleDepths,PSAL,['float'],"['time, depth']"
OS_ESTOC-1_200703_P_CTD_ANIMATE-MultipleDepths,PSAL_QC,['byte'],"['time, depth']"
OS_ESTOC-1_200703_P_CTD_ANIMATE-MultipleDepths,TEMP,['float'],"['time, depth']"
OS_ESTOC-1_200703_P_CTD_ANIMATE-MultipleDepths,TEMP_QC,['byte'],"['time, depth']"
OS_ESTOC-1_200711_P_CTD_ANIMATE-MultipleDepths,CNDC,['float'],"['time, depth']"
OS_ESTOC-1_200711_P_CTD_ANIMATE-MultipleDepths,CNDC_QC,['byte'],"['time, depth']"
OS_ESTOC-1_200711_P_CTD_ANIMATE-MultipleDepths,PRES,['float'],"['time, depth']"
OS_ESTOC-1_200711_P_CTD_ANIMATE-MultipleDepths,PRES_QC,['byte'],"['time, depth']"
OS_ESTOC-1_200711_P_CTD_ANIMATE-MultipleDepths,PSAL,['float'],"['time, depth']"
OS_ESTOC-1_200711_P_CTD_ANIMATE-MultipleDepths,PSAL_QC,['byte'],"['time, depth']"
OS_ESTOC-1_200711_P_CTD_ANIMATE-MultipleDepths,TEMP,['float'],"['time, depth']"
OS_ESTOC-1_200711_P_CTD_ANIMATE-MultipleDepths,TEMP_QC,['byte'],"['time, depth']"
OS_ESTOC-2_200204_D_CTD_ANIMATE-MultipleDepths,CNDC,['float'],"['time, depth']"
OS_ESTOC-2_200204_D_CTD_ANIMATE-MultipleDepths,CNDC_QC,['byte'],"['time, depth']"
OS_ESTOC-2_200204_D_CTD_ANIMATE-MultipleDepths,PRES,['float'],"['time, depth']"
OS_ESTOC-2_200204_D_CTD_ANIMATE-MultipleDepths,PRES_QC,['byte'],"['time, depth']"
OS_ESTOC-2_200204_D_CTD_ANIMATE-MultipleDepths,PSAL,['float'],"['time, depth']"
OS_ESTOC-2_200204_D_CTD_ANIMATE-MultipleDepths,PSAL_QC,['byte'],"['time, depth']"
OS_ESTOC-2_200204_D_CTD_ANIMATE-MultipleDepths,TEMP,['float'],"['time, depth']"
OS_ESTOC-2_200204_D_CTD_ANIMATE-MultipleDepths,TEMP_QC,['byte'],"['time, depth']"
OS_ESTOC-2_200304_D_CTD_ANIMATE-MultipleDepths,CNDC,['float'],"['time, depth']"
OS_ESTOC-2_200304_D_CTD_ANIMATE-MultipleDepths,CNDC_QC,['byte'],"['time, depth']"
OS_ESTOC-2_200304_D_CTD_ANIMATE-MultipleDepths,PRES,['float'],"['time, depth']"
OS_ESTOC-2_200304_D_CTD_ANIMATE-MultipleDepths,PRES_QC,['byte'],"['time, depth']"
OS_ESTOC-2_200304_D_CTD_ANIMATE-MultipleDepths,PSAL,['float'],"['time, depth']"
OS_ESTOC-2_200304_D_CTD_ANIMATE-MultipleDepths,PSAL_QC,['byte'],"['time, depth']"
OS_ESTOC-2_200304_D_CTD_ANIMATE-MultipleDepths,TEMP,['float'],"['time, depth']"
OS_ESTOC-2_200304_D_CTD_ANIMATE-MultipleDepths,TEMP_QC,['byte'],"['time, depth']"
OS_ESTOC-2_200311_D_CTD_ANIMATE-MultipleDepths,CNDC,['float'],"['time, depth']"
OS_ESTOC-2_200311_D_CTD_ANIMATE-MultipleDepths,CNDC_QC,['byte'],"['time, depth']"
OS_ESTOC-2_200311_D_CTD_ANIMATE-MultipleDepths,PRES,['float'],"['time, depth']"
OS_ESTOC-2_200311_D_CTD_ANIMATE-MultipleDepths,PRES_QC,['byte'],"['time, depth']"
OS_ESTOC-2_200311_D_CTD_ANIMATE-MultipleDepths,PSAL,['float'],"['time, depth']"
OS_ESTOC-2_200311_D_CTD_ANIMATE-MultipleDepths,PSAL_QC,['byte'],"['time, depth']"
OS_ESTOC-2_200311_D_CTD_ANIMATE-MultipleDepths,TEMP,['float'],"['time, depth']"
OS_ESTOC-2_200311_D_CTD_ANIMATE-MultipleDepths,TEMP_QC,['byte'],"['time, depth']"
OS_ESTOC-2_200404_R_CTD_ANIMATE-MultipleDepths,CNDC,['float'],"['time, depth']"
OS_ESTOC-2_200404_R_CTD_ANIMATE-MultipleDepths,CNDC_QC,['byte'],"['time, depth']"
OS_ESTOC-2_200404_R_CTD_ANIMATE-MultipleDepths,PRES,['float'],"['time, depth']"
OS_ESTOC-2_200404_R_CTD_ANIMATE-MultipleDepths,PRES_QC,['byte'],"['time, depth']"
OS_ESTOC-2_200404_R_CTD_ANIMATE-MultipleDepths,PSAL,['float'],"['time, depth']"
OS_ESTOC-2_200404_R_CTD_ANIMATE-MultipleDepths,PSAL_QC,['byte'],"['time, depth']"
OS_ESTOC-2_200404_R_CTD_ANIMATE-MultipleDepths,TEMP,['float'],"['time, depth']"
OS_ESTOC-2_200404_R_CTD_ANIMATE-MultipleDepths,TEMP_QC,['byte'],"['time, depth']"
OS_ESTOC-C_199402_D_CTD,PRES,['float'],"['time, depth']"
OS_ESTOC-C_199402_D_CTD,PRES_QC,['byte'],"['time, depth']"
OS_ESTOC-C_199402_D_CTD,PSAL,['float'],"['time, depth']"
OS_ESTOC-C_199402_D_CTD,PSAL_QC,['byte'],"['time, depth']"
OS_ESTOC-C_199402_D_CTD,TEMP,['float'],"['time, depth']"
OS_ESTOC-C_199402_D_CTD,TEMP_QC,['byte'],"['time, depth']"
OS_ESTOC-C_199501_D_CTD,PRES,['float'],"['time, depth']"
OS_ESTOC-C_199501_D_CTD,PRES_QC,['byte'],"['time, depth']"
OS_ESTOC-C_199501_D_CTD,PSAL,['float'],"['time, depth']"
OS_ESTOC-C_199501_D_CTD,PSAL_QC,['byte'],"['time, depth']"
OS_ESTOC-C_199501_D_CTD,TEMP,['float'],"['time, depth']"
OS_ESTOC-C_199501_D_CTD,TEMP_QC,['byte'],"['time, depth']"
OS_ESTOC-C_199601_D_CTD,PRES,['float'],"['time, depth']"
OS_ESTOC-C_199601_D_CTD,PRES_QC,['byte'],"['time, depth']"
OS_ESTOC-C_199601_D_CTD,PSAL,['float'],"['time, depth']"
OS_ESTOC-C_199601_D_CTD,PSAL_QC,['byte'],"['time, depth']"
OS_ESTOC-C_199601_D_CTD,TEMP,['float'],"['time, depth']"
OS_ESTOC-C_199601_D_CTD,TEMP_QC,['byte'],"['time, depth']"
OS_ESTOC-C_199701_D_CTD,PRES,['float'],"['time, depth']"
OS_ESTOC-C_199701_D_CTD,PRES_QC,['byte'],"['time, depth']"
OS_ESTOC-C_199701_D_CTD,PSAL,['float'],"['time, depth']"
OS_ESTOC-C_199701_D_CTD,PSAL_QC,['byte'],"['time, depth']"
OS_ESTOC-C_199701_D_CTD,TEMP,['float'],"['time, depth']"
OS_ESTOC-C_199701_D_CTD,TEMP_QC,['byte'],"['time, depth']"
OS_ESTOC-C_199801_D_CTD,PRES,['float'],"['time, depth']"
OS_ESTOC-C_199801_D_CTD,PRES_QC,['byte'],"['time, depth']"
OS_ESTOC-C_199801_D_CTD,PSAL,['float'],"['time, depth']"
OS_ESTOC-C_199801_D_CTD,PSAL_QC,['byte'],"['time, depth']"
OS_ESTOC-C_199801_D_CTD,TEMP,['float'],"['time, depth']"
OS_ESTOC-C_199801_D_CTD,TEMP_QC,['byte'],"['time, depth']"
OS_ESTOC-C_199901_D_CTD,PRES,['float'],"['time, depth']"
OS_ESTOC-C_199901_D_CTD,PRES_QC,['byte'],"['time, depth']"
OS_ESTOC-C_199901_D_CTD,PSAL,['float'],"['time, depth']"
OS_ESTOC-C_199901_D_CTD,PSAL_QC,['byte'],"['time, depth']"
OS_ESTOC-C_199901_D_CTD,TEMP,['float'],"['time, depth']"
OS_ESTOC-C_199901_D_CTD,TEMP_QC,['byte'],"['time, depth']"
OS_ESTOC-C_200001_D_CTD,PRES,['float'],"['time, depth']"
OS_ESTOC-C_200001_D_CTD,PRES_QC,['byte'],"['time, depth']"
OS_ESTOC-C_200001_D_CTD,PSAL,['float'],"['time, depth']"
OS_ESTOC-C_200001_D_CTD,PSAL_QC,['byte'],"['time, depth']"
OS_ESTOC-C_200001_D_CTD,TEMP,['float'],"['time, depth']"
OS_ESTOC-C_200001_D_CTD,TEMP_QC,['byte'],"['time, depth']"
OS_ESTOC-C_200101_D_CTD,PRES,['float'],"['time, depth']"
OS_ESTOC-C_200101_D_CTD,PRES_QC,['byte'],"['time, depth']"
OS_ESTOC-C_200101_D_CTD,PSAL,['float'],"['time, depth']"
OS_ESTOC-C_200101_D_CTD,PSAL_QC,['byte'],"['time, depth']"
OS_ESTOC-C_200101_D_CTD,TEMP,['float'],"['time, depth']"
OS_ESTOC-C_200101_D_CTD,TEMP_QC,['byte'],"['time, depth']"
OS_ESTOC-C_200202_D_CTD,PRES,['float'],"['time, depth']"
OS_ESTOC-C_200202_D_CTD,PRES_QC,['byte'],"['time, depth']"
OS_ESTOC-C_200202_D_CTD,PSAL,['float'],"['time, depth']"
OS_ESTOC-C_200202_D_CTD,PSAL_QC,['byte'],"['time, depth']"
OS_ESTOC-C_200202_D_CTD,TEMP,['float'],"['time, depth']"
OS_ESTOC-C_200202_D_CTD,TEMP_QC,['byte'],"['time, depth']"
OS_ESTOC-C_200301_D_CTD,PRES,['float'],"['time, depth']"
OS_ESTOC-C_200301_D_CTD,PRES_QC,['byte'],"['time, depth']"
OS_ESTOC-C_200301_D_CTD,PSAL,['float'],"['time, depth']"
OS_ESTOC-C_200301_D_CTD,PSAL_QC,['byte'],"['time, depth']"
OS_ESTOC-C_200301_D_CTD,TEMP,['float'],"['time, depth']"
OS_ESTOC-C_200301_D_CTD,TEMP_QC,['byte'],"['time, depth']"
OS_ESTOC-C_200803_D_CTD,CNDC,['float'],"['time, depth']"
OS_ESTOC-C_200803_D_CTD,CNDC_QC,['byte'],"['time, depth']"
OS_ESTOC-C_200803_D_CTD,PRES,['float'],"['time, depth']"
OS_ESTOC-C_200803_D_CTD,PRES_QC,['byte'],"['time, depth']"
OS_ESTOC-C_200803_D_CTD,PSAL,['float'],"['time, depth']"
OS_ESTOC-C_200803_D_CTD,PSAL_QC,['byte'],"['time, depth']"
OS_ESTOC-C_200803_D_CTD,TEMP,['float'],"['time, depth']"
OS_ESTOC-C_200803_D_CTD,TEMP_QC,['byte'],"['time, depth']"
OS_ESTOC-C_200803_D_CTD-CHL,CNDC,['float'],"['time, depth']"
OS_ESTOC-C_200803_D_CTD-CHL,CNDC_QC,['byte'],"['time, depth']"
OS_ESTOC-C_200803_D_CTD-CHL,CPHLPM01,['float'],"['time, depth']"
OS_ESTOC-C_200803_D_CTD-CHL,CPHLPM01_QC,['byte'],"['time, depth']"
OS_ESTOC-C_200803_D_CTD-CHL,PRES,['float'],"['time, depth']"
OS_ESTOC-C_200803_D_CTD-CHL,PRES_QC,['byte'],"['time, depth']"
OS_ESTOC-C_200803_D_CTD-CHL,PSAL,['float'],"['time, depth']"
OS_ESTOC-C_200803_D_CTD-CHL,PSAL_QC,['byte'],"['time, depth']"
OS_ESTOC-C_200803_D_CTD-CHL,TEMP,['float'],"['time, depth']"
OS_ESTOC-C_200803_D_CTD-CHL,TEMP_QC,['byte'],"['time, depth']"
OS_ESTOC-C_200803_D_CTD-DO,CNDC,['float'],"['time, depth']"
OS_ESTOC-C_200803_D_CTD-DO,CNDC_QC,['byte'],"['time, depth']"
OS_ESTOC-C_200803_D_CTD-DO,DOXY,['float'],"['time, depth']"
OS_ESTOC-C_200803_D_CTD-DO,DOXY_QC,['byte'],"['time, depth']"
OS_ESTOC-C_200803_D_CTD-DO,PRES,['float'],"['time, depth']"
OS_ESTOC-C_200803_D_CTD-DO,PRES_QC,['byte'],"['time, depth']"
OS_ESTOC-C_200803_D_CTD-DO,PSAL,['float'],"['time, depth']"
OS_ESTOC-C_200803_D_CTD-DO,PSAL_QC,['byte'],"['time, depth']"
OS_ESTOC-C_200803_D_CTD-DO,TEMP,['float'],"['time, depth']"
OS_ESTOC-C_200803_D_CTD-DO,TEMP_QC,['byte'],"['time, depth']"
OS_ESTOC-C_200901_D_CTD,CNDC,['float'],"['time, depth']"
OS_ESTOC-C_200901_D_CTD,CNDC_QC,['byte'],"['time, depth']"
OS_ESTOC-C_200901_D_CTD,PRES,['float'],"['time, depth']"
OS_ESTOC-C_200901_D_CTD,PRES_QC,['byte'],"['time, depth']"
OS_ESTOC-C_200901_D_CTD,PSAL,['float'],"['time, depth']"
OS_ESTOC-C_200901_D_CTD,PSAL_QC,['byte'],"['time, depth']"
OS_ESTOC-C_200901_D_CTD,TEMP,['float'],"['time, depth']"
OS_ESTOC-C_200901_D_CTD,TEMP_QC,['byte'],"['time, depth']"
OS_ESTOC-C_200901_D_CTD-CHL,CNDC,['float'],"['time, depth']"
OS_ESTOC-C_200901_D_CTD-CHL,CNDC_QC,['byte'],"['time, depth']"
OS_ESTOC-C_200901_D_CTD-CHL,CPHLPM01,['float'],"['time, depth']"
OS_ESTOC-C_200901_D_CTD-CHL,CPHLPM01_QC,['byte'],"['time, depth']"
OS_ESTOC-C_200901_D_CTD-CHL,PRES,['float'],"['time, depth']"
OS_ESTOC-C_200901_D_CTD-CHL,PRES_QC,['byte'],"['time, depth']"
OS_ESTOC-C_200901_D_CTD-CHL,PSAL,['float'],"['time, depth']"
OS_ESTOC-C_200901_D_CTD-CHL,PSAL_QC,['byte'],"['time, depth']"
OS_ESTOC-C_200901_D_CTD-CHL,TEMP,['float'],"['time, depth']"
OS_ESTOC-C_200901_D_CTD-CHL,TEMP_QC,['byte'],"['time, depth']"
OS_ESTOC-C_200901_D_CTD-DO,CNDC,['float'],"['time, depth']"
OS_ESTOC-C_200901_D_CTD-DO,CNDC_QC,['byte'],"['time, depth']"
OS_ESTOC-C_200901_D_CTD-DO,DOXY,['float'],"['time, depth']"
OS_ESTOC-C_200901_D_CTD-DO,DOXY_QC,['byte'],"['time, depth']"
OS_ESTOC-C_200901_D_CTD-DO,PRES,['float'],"['time, depth']"
OS_ESTOC-C_200901_D_CTD-DO,PRES_QC,['byte'],"['time, depth']"
OS_ESTOC-C_200901_D_CTD-DO,PSAL,['float'],"['time, depth']"
OS_ESTOC-C_200901_D_CTD-DO,PSAL_QC,['byte'],"['time, depth']"
OS_ESTOC-C_200901_D_CTD-DO,TEMP,['float'],"['time, depth']"
OS_ESTOC-C_200901_D_CTD-DO,TEMP_QC,['byte'],"['time, depth']"
OS_ESTOC-C_201001_D_CTD,CNDC,['float'],"['time, depth']"
OS_ESTOC-C_201001_D_CTD,CNDC_QC,['byte'],"['time, depth']"
OS_ESTOC-C_201001_D_CTD,PRES,['float'],"['time, depth']"
OS_ESTOC-C_201001_D_CTD,PRES_QC,['byte'],"['time, depth']"
OS_ESTOC-C_201001_D_CTD,PSAL,['float'],"['time, depth']"
OS_ESTOC-C_201001_D_CTD,PSAL_QC,['byte'],"['time, depth']"
OS_ESTOC-C_201001_D_CTD,TEMP,['float'],"['time, depth']"
OS_ESTOC-C_201001_D_CTD,TEMP_QC,['byte'],"['time, depth']"
OS_ESTOC-C_201001_D_CTD-CHL,CNDC,['float'],"['time, depth']"
OS_ESTOC-C_201001_D_CTD-CHL,CNDC_QC,['byte'],"['time, depth']"
OS_ESTOC-C_201001_D_CTD-CHL,CPHLPM01,['float'],"['time, depth']"
OS_ESTOC-C_201001_D_CTD-CHL,CPHLPM01_QC,['byte'],"['time, depth']"
OS_ESTOC-C_201001_D_CTD-CHL,PRES,['float'],"['time, depth']"
OS_ESTOC-C_201001_D_CTD-CHL,PRES_QC,['byte'],"['time, depth']"
OS_ESTOC-C_201001_D_CTD-CHL,PSAL,['float'],"['time, depth']"
OS_ESTOC-C_201001_D_CTD-CHL,PSAL_QC,['byte'],"['time, depth']"
OS_ESTOC-C_201001_D_CTD-CHL,TEMP,['float'],"['time, depth']"
OS_ESTOC-C_201001_D_CTD-CHL,TEMP_QC,['byte'],"['time, depth']"
OS_ESTOC-C_201001_D_CTD-DO,CNDC,['float'],"['time, depth']"
OS_ESTOC-C_201001_D_CTD-DO,CNDC_QC,['byte'],"['time, depth']"
OS_ESTOC-C_201001_D_CTD-DO,DOXY,['float'],"['time, depth']"
OS_ESTOC-C_201001_D_CTD-DO,DOXY_QC,['byte'],"['time, depth']"
OS_ESTOC-C_201001_D_CTD-DO,PRES,['float'],"['time, depth']"
OS_ESTOC-C_201001_D_CTD-DO,PRES_QC,['byte'],"['time, depth']"
OS_ESTOC-C_201001_D_CTD-DO,PSAL,['float'],"['time, depth']"
OS_ESTOC-C_201001_D_CTD-DO,PSAL_QC,['byte'],"['time, depth']"
OS_ESTOC-C_201001_D_CTD-DO,TEMP,['float'],"['time, depth']"
OS_ESTOC-C_201001_D_CTD-DO,TEMP_QC,['byte'],"['time, depth']"
OS_ESTOC-PLOCAN_2014_D_EuroSITES,AIRT,['float'],"['time, depth']"
OS_ESTOC-PLOCAN_2014_D_EuroSITES,AIRT_QC,['byte'],"['time, depth']"
OS_ESTOC-PLOCAN_2014_D_EuroSITES,ATMP,['float'],"['time, depth']"
OS_ESTOC-PLOCAN_2014_D_EuroSITES,ATMP_QC,['byte'],"['time, depth']"
OS_ESTOC-PLOCAN_2014_D_EuroSITES,RELH,['float'],"['time, depth']"
OS_ESTOC-PLOCAN_2014_D_EuroSITES,RELH_QC,['byte'],"['time, depth']"
OS_ESTOC-PLOCAN_2014_D_EuroSITES,WDIR,['float'],"['time, depth']"
OS_ESTOC-PLOCAN_2014_D_EuroSITES,WDIR_QC,['byte'],"['time, depth']"
OS_ESTOC-PLOCAN_2014_D_EuroSITES,WSPD,['float'],"['time, depth']"
OS_ESTOC-PLOCAN_2014_D_EuroSITES,WSPD_QC,['byte'],"['time, depth']"
OS_ESTOC-PLOCAN_2014_D_FIXO3,AIRT,['double'],['time']
OS_ESTOC-PLOCAN_2014_D_FIXO3,AIRT_QC,['byte'],['time']
OS_ESTOC-PLOCAN_2014_D_FIXO3,ATMP,['double'],['time']
OS_ESTOC-PLOCAN_2014_D_FIXO3,ATMP_QC,['byte'],['time']
OS_ESTOC-PLOCAN_2014_D_FIXO3,RELH,['double'],['time']
OS_ESTOC-PLOCAN_2014_D_FIXO3,RELH_QC,['byte'],['time']
OS_ESTOC-PLOCAN_2014_D_FIXO3,WDIR,['double'],['time']
OS_ESTOC-PLOCAN_2014_D_FIXO3,WDIR_QC,['byte'],['time']
OS_ESTOC-PLOCAN_2014_D_FIXO3,WSPD,['double'],['time']
OS_ESTOC-PLOCAN_2014_D_FIXO3,WSPD_QC,['byte'],['time']
OS_ESTOC-PLOCAN_2015-2016_D-FIXO3,AIRT,['float'],"['time, depth']"
OS_ESTOC-PLOCAN_2015-2016_D-FIXO3,AIRT_QC,['byte'],"['time, depth']"
OS_ESTOC-PLOCAN_2015-2016_D-FIXO3,ATMP,['float'],"['time, depth']"
OS_ESTOC-PLOCAN_2015-2016_D-FIXO3,ATMP_QC,['byte'],"['time, depth']"
OS_ESTOC-PLOCAN_2015-2016_D-FIXO3,PAR,['float'],"['time, depth']"
OS_ESTOC-PLOCAN_2015-2016_D-FIXO3,PAR_QC,['byte'],"['time, depth']"
OS_ESTOC-PLOCAN_2015-2016_D-FIXO3,RELH,['float'],"['time, depth']"
OS_ESTOC-PLOCAN_2015-2016_D-FIXO3,RELH_QC,['byte'],"['time, depth']"
OS_ESTOC-PLOCAN_2015-2016_D-FIXO3,WDIR,['float'],"['time, depth']"
OS_ESTOC-PLOCAN_2015-2016_D-FIXO3,WDIR_QC,['byte'],"['time, depth']"
OS_ESTOC-PLOCAN_2015-2016_D-FIXO3,WSPD,['float'],"['time, depth']"
OS_ESTOC-PLOCAN_2015-2016_D-FIXO3,WSPD_QC,['byte'],"['time, depth']"
OS_ESTOC-PLOCAN_2015_D_FIXO3,AIRT,['double'],['time']
OS_ESTOC-PLOCAN_2015_D_FIXO3,AIRT_QC,['byte'],['time']
OS_ESTOC-PLOCAN_2015_D_FIXO3,ATMP,['double'],['time']
OS_ESTOC-PLOCAN_2015_D_FIXO3,ATMP_QC,['byte'],['time']
OS_ESTOC-PLOCAN_2015_D_FIXO3,PAR,['double'],['time']
OS_ESTOC-PLOCAN_2015_D_FIXO3,PAR_QC,['byte'],['time']
OS_ESTOC-PLOCAN_2015_D_FIXO3,RELH,['double'],['time']
OS_ESTOC-PLOCAN_2015_D_FIXO3,RELH_QC,['byte'],['time']
OS_ESTOC-PLOCAN_2015_D_FIXO3,WDIR,['double'],['time']
OS_ESTOC-PLOCAN_2015_D_FIXO3,WDIR_QC,['byte'],['time']
OS_ESTOC-PLOCAN_2015_D_FIXO3,WSPD,['double'],['time']
OS_ESTOC-PLOCAN_2015_D_FIXO3,WSPD_QC,['byte'],['time']
OS_ESTOC-PLOCAN_2017-2018_D-FIXO3,AIRT,['float'],"['time, depth']"
OS_ESTOC-PLOCAN_2017-2018_D-FIXO3,AIRT_QC,['byte'],"['time, depth']"
OS_ESTOC-PLOCAN_2017-2018_D-FIXO3,ATMP,['float'],"['time, depth']"
OS_ESTOC-PLOCAN_2017-2018_D-FIXO3,ATMP_QC,['byte'],"['time, depth']"
OS_ESTOC-PLOCAN_2017-2018_D-FIXO3,PAR,['float'],"['time, depth']"
OS_ESTOC-PLOCAN_2017-2018_D-FIXO3,PAR_QC,['byte'],"['time, depth']"
OS_ESTOC-PLOCAN_2017-2018_D-FIXO3,RELH,['float'],"['time, depth']"
OS_ESTOC-PLOCAN_2017-2018_D-FIXO3,RELH_QC,['byte'],"['time, depth']"
OS_ESTOC-PLOCAN_2017-2018_D-FIXO3,WDIR,['float'],"['time, depth']"
OS_ESTOC-PLOCAN_2017-2018_D-FIXO3,WDIR_QC,['byte'],"['time, depth']"
OS_ESTOC-PLOCAN_2017-2018_D-FIXO3,WSPD,['float'],"['time, depth']"
OS_ESTOC-PLOCAN_2017-2018_D-FIXO3,WSPD_QC,['byte'],"['time, depth']"
OS_ESTOC-PLOCAN_2017_D-FIXO3,AIRT,['float'],"['time, depth']"
OS_ESTOC-PLOCAN_2017_D-FIXO3,AIRT_QC,['byte'],"['time, depth']"
OS_ESTOC-PLOCAN_2017_D-FIXO3,ATMP,['float'],"['time, depth']"
OS_ESTOC-PLOCAN_2017_D-FIXO3,ATMP_QC,['byte'],"['time, depth']"
OS_ESTOC-PLOCAN_2017_D-FIXO3,PAR,['float'],"['time, depth']"
OS_ESTOC-PLOCAN_2017_D-FIXO3,PAR_QC,['byte'],"['time, depth']"
OS_ESTOC-PLOCAN_2017_D-FIXO3,RELH,['float'],"['time, depth']"
OS_ESTOC-PLOCAN_2017_D-FIXO3,RELH_QC,['byte'],"['time, depth']"
OS_ESTOC-PLOCAN_2017_D-FIXO3,WDIR,['float'],"['time, depth']"
OS_ESTOC-PLOCAN_2017_D-FIXO3,WDIR_QC,['byte'],"['time, depth']"
OS_ESTOC-PLOCAN_2017_D-FIXO3,WSPD,['float'],"['time, depth']"
OS_ESTOC-PLOCAN_2017_D-FIXO3,WSPD_QC,['byte'],"['time, depth']"
OS_ESTOC-PLOCAN_2019_D_meteorology-surface,AIRT,['float'],"['time, depth']"
OS_ESTOC-PLOCAN_2019_D_meteorology-surface,AIRT_QC,['byte'],"['time, depth']"
OS_ESTOC-PLOCAN_2019_D_meteorology-surface,ATMP,['float'],"['time, depth']"
OS_ESTOC-PLOCAN_2019_D_meteorology-surface,ATMP_QC,['byte'],"['time, depth']"
OS_ESTOC-PLOCAN_2019_D_meteorology-surface,PAR,['float'],"['time, depth']"
OS_ESTOC-PLOCAN_2019_D_meteorology-surface,PAR_QC,['byte'],"['time, depth']"
OS_ESTOC-PLOCAN_2019_D_meteorology-surface,RELH,['float'],"['time, depth']"
OS_ESTOC-PLOCAN_2019_D_meteorology-surface,RELH_QC,['byte'],"['time, depth']"
OS_ESTOC-PLOCAN_2019_D_meteorology-surface,WDIR,['float'],"['time, depth']"
OS_ESTOC-PLOCAN_2019_D_meteorology-surface,WDIR_QC,['byte'],"['time, depth']"
OS_ESTOC-PLOCAN_2019_D_meteorology-surface,WSPD,['float'],"['time, depth']"
OS_ESTOC-PLOCAN_2019_D_meteorology-surface,WSPD_QC,['byte'],"['time, depth']"
OS_ESTOC_1992_D_SEDIMENT_TRAP_CI_1_1050m,CO3F,['float'],['time']
OS_ESTOC_1992_D_SEDIMENT_TRAP_CI_1_1050m,DEPTH_SENSOR,['float'],['time']
OS_ESTOC_1992_D_SEDIMENT_TRAP_CI_1_1050m,LTHF,['float'],['time']
OS_ESTOC_1992_D_SEDIMENT_TRAP_CI_1_1050m,POCF,['float'],['time']
OS_ESTOC_1992_D_SEDIMENT_TRAP_CI_1_1050m,SIOF,['float'],['time']
OS_ESTOC_1992_D_SEDIMENT_TRAP_CI_1_1050m,TIME_BOUNDS,['float'],['time']
OS_ESTOC_1992_D_SEDIMENT_TRAP_CI_1_1050m,TNNF,['float'],['time']
OS_ESTOC_1992_D_SEDIMENT_TRAP_CI_1_1050m,TSMF,['float'],['time']
OS_ESTOC_1992_D_SEDIMENT_TRAP_CI_1_3060m,CO3F,['float'],['time']
OS_ESTOC_1992_D_SEDIMENT_TRAP_CI_1_3060m,DEPTH_SENSOR,['float'],['time']
OS_ESTOC_1992_D_SEDIMENT_TRAP_CI_1_3060m,LTHF,['float'],['time']
OS_ESTOC_1992_D_SEDIMENT_TRAP_CI_1_3060m,POCF,['float'],['time']
OS_ESTOC_1992_D_SEDIMENT_TRAP_CI_1_3060m,SIOF,['float'],['time']
OS_ESTOC_1992_D_SEDIMENT_TRAP_CI_1_3060m,TIME_BOUNDS,['float'],['time']
OS_ESTOC_1992_D_SEDIMENT_TRAP_CI_1_3060m,TNNF,['float'],['time']
OS_ESTOC_1992_D_SEDIMENT_TRAP_CI_1_3060m,TSMF,['float'],['time']
OS_ESTOC_1993_D_SEDIMENT_TRAP_CI_3_1050m,CO3F,['float'],['time']
OS_ESTOC_1993_D_SEDIMENT_TRAP_CI_3_1050m,DEPTH_SENSOR,['float'],['time']
OS_ESTOC_1993_D_SEDIMENT_TRAP_CI_3_1050m,LTHF,['float'],['time']
OS_ESTOC_1993_D_SEDIMENT_TRAP_CI_3_1050m,POCF,['float'],['time']
OS_ESTOC_1993_D_SEDIMENT_TRAP_CI_3_1050m,SIOF,['float'],['time']
OS_ESTOC_1993_D_SEDIMENT_TRAP_CI_3_1050m,TIME_BOUNDS,['float'],['time']
OS_ESTOC_1993_D_SEDIMENT_TRAP_CI_3_1050m,TNNF,['float'],['time']
OS_ESTOC_1993_D_SEDIMENT_TRAP_CI_3_1050m,TSMF,['float'],['time']
OS_ESTOC_1993_D_SEDIMENT_TRAP_CI_3_3060m,CO3F,['float'],['time']
OS_ESTOC_1993_D_SEDIMENT_TRAP_CI_3_3060m,DEPTH_SENSOR,['float'],['time']
OS_ESTOC_1993_D_SEDIMENT_TRAP_CI_3_3060m,LTHF,['float'],['time']
OS_ESTOC_1993_D_SEDIMENT_TRAP_CI_3_3060m,POCF,['float'],['time']
OS_ESTOC_1993_D_SEDIMENT_TRAP_CI_3_3060m,SIOF,['float'],['time']
OS_ESTOC_1993_D_SEDIMENT_TRAP_CI_3_3060m,TIME_BOUNDS,['float'],['time']
OS_ESTOC_1993_D_SEDIMENT_TRAP_CI_3_3060m,TNNF,['float'],['time']
OS_ESTOC_1993_D_SEDIMENT_TRAP_CI_3_3060m,TSMF,['float'],['time']
OS_ESTOC_1993_D_SEDIMENT_TRAP_CI_3_750m,CO3F,['float'],['time']
OS_ESTOC_1993_D_SEDIMENT_TRAP_CI_3_750m,DEPTH_SENSOR,['float'],['time']
OS_ESTOC_1993_D_SEDIMENT_TRAP_CI_3_750m,LTHF,['float'],['time']
OS_ESTOC_1993_D_SEDIMENT_TRAP_CI_3_750m,POCF,['float'],['time']
OS_ESTOC_1993_D_SEDIMENT_TRAP_CI_3_750m,SIOF,['float'],['time']
OS_ESTOC_1993_D_SEDIMENT_TRAP_CI_3_750m,TIME_BOUNDS,['float'],['time']
OS_ESTOC_1993_D_SEDIMENT_TRAP_CI_3_750m,TNNF,['float'],['time']
OS_ESTOC_1993_D_SEDIMENT_TRAP_CI_3_750m,TSMF,['float'],['time']
OS_ESTOC_1994_D_SEDIMENT_TRAP_CI_4_1050m,CO3F,['float'],['time']
OS_ESTOC_1994_D_SEDIMENT_TRAP_CI_4_1050m,DEPTH_SENSOR,['float'],['time']
OS_ESTOC_1994_D_SEDIMENT_TRAP_CI_4_1050m,LTHF,['float'],['time']
OS_ESTOC_1994_D_SEDIMENT_TRAP_CI_4_1050m,POCF,['float'],['time']
OS_ESTOC_1994_D_SEDIMENT_TRAP_CI_4_1050m,SIOF,['float'],['time']
OS_ESTOC_1994_D_SEDIMENT_TRAP_CI_4_1050m,TIME_BOUNDS,['float'],['time']
OS_ESTOC_1994_D_SEDIMENT_TRAP_CI_4_1050m,TNNF,['float'],['time']
OS_ESTOC_1994_D_SEDIMENT_TRAP_CI_4_1050m,TSMF,['float'],['time']
OS_ESTOC_1994_D_SEDIMENT_TRAP_CI_4_3060m,CO3F,['float'],['time']
OS_ESTOC_1994_D_SEDIMENT_TRAP_CI_4_3060m,DEPTH_SENSOR,['float'],['time']
OS_ESTOC_1994_D_SEDIMENT_TRAP_CI_4_3060m,LTHF,['float'],['time']
OS_ESTOC_1994_D_SEDIMENT_TRAP_CI_4_3060m,POCF,['float'],['time']
OS_ESTOC_1994_D_SEDIMENT_TRAP_CI_4_3060m,SIOF,['float'],['time']
OS_ESTOC_1994_D_SEDIMENT_TRAP_CI_4_3060m,TIME_BOUNDS,['float'],['time']
OS_ESTOC_1994_D_SEDIMENT_TRAP_CI_4_3060m,TNNF,['float'],['time']
OS_ESTOC_1994_D_SEDIMENT_TRAP_CI_4_3060m,TSMF,['float'],['time']
OS_ESTOC_1994_D_SEDIMENT_TRAP_CI_4_750m,CO3F,['float'],['time']
OS_ESTOC_1994_D_SEDIMENT_TRAP_CI_4_750m,DEPTH_SENSOR,['float'],['time']
OS_ESTOC_1994_D_SEDIMENT_TRAP_CI_4_750m,LTHF,['float'],['time']
OS_ESTOC_1994_D_SEDIMENT_TRAP_CI_4_750m,POCF,['float'],['time']
OS_ESTOC_1994_D_SEDIMENT_TRAP_CI_4_750m,SIOF,['float'],['time']
OS_ESTOC_1994_D_SEDIMENT_TRAP_CI_4_750m,TIME_BOUNDS,['float'],['time']
OS_ESTOC_1994_D_SEDIMENT_TRAP_CI_4_750m,TNNF,['float'],['time']
OS_ESTOC_1994_D_SEDIMENT_TRAP_CI_4_750m,TSMF,['float'],['time']
OS_ESTOC_1995_D_SEDIMENT_TRAP_CI_5_1050m,CO3F,['float'],['time']
OS_ESTOC_1995_D_SEDIMENT_TRAP_CI_5_1050m,DEPTH_SENSOR,['float'],['time']
OS_ESTOC_1995_D_SEDIMENT_TRAP_CI_5_1050m,LTHF,['float'],['time']
OS_ESTOC_1995_D_SEDIMENT_TRAP_CI_5_1050m,POCF,['float'],['time']
OS_ESTOC_1995_D_SEDIMENT_TRAP_CI_5_1050m,SIOF,['float'],['time']
OS_ESTOC_1995_D_SEDIMENT_TRAP_CI_5_1050m,TIME_BOUNDS,['float'],['time']
OS_ESTOC_1995_D_SEDIMENT_TRAP_CI_5_1050m,TNNF,['float'],['time']
OS_ESTOC_1995_D_SEDIMENT_TRAP_CI_5_1050m,TSMF,['float'],['time']
OS_ESTOC_1997_D_SEDIMENT_TRAP_CI_7_3060m,CO3F,['float'],['time']
OS_ESTOC_1997_D_SEDIMENT_TRAP_CI_7_3060m,DEPTH_SENSOR,['float'],['time']
OS_ESTOC_1997_D_SEDIMENT_TRAP_CI_7_3060m,LTHF,['float'],['time']
OS_ESTOC_1997_D_SEDIMENT_TRAP_CI_7_3060m,POCF,['float'],['time']
OS_ESTOC_1997_D_SEDIMENT_TRAP_CI_7_3060m,SIOF,['float'],['time']
OS_ESTOC_1997_D_SEDIMENT_TRAP_CI_7_3060m,TIME_BOUNDS,['float'],['time']
OS_ESTOC_1997_D_SEDIMENT_TRAP_CI_7_3060m,TNNF,['float'],['time']
OS_ESTOC_1997_D_SEDIMENT_TRAP_CI_7_3060m,TSMF,['float'],['time']
OS_ESTOC_1998_D_SEDIMENT_TRAP_CI_8_1050m,CO3F,['float'],['time']
OS_ESTOC_1998_D_SEDIMENT_TRAP_CI_8_1050m,DEPTH_SENSOR,['float'],['time']
OS_ESTOC_1998_D_SEDIMENT_TRAP_CI_8_1050m,LTHF,['float'],['time']
OS_ESTOC_1998_D_SEDIMENT_TRAP_CI_8_1050m,POCF,['float'],['time']
OS_ESTOC_1998_D_SEDIMENT_TRAP_CI_8_1050m,SIOF,['float'],['time']
OS_ESTOC_1998_D_SEDIMENT_TRAP_CI_8_1050m,TIME_BOUNDS,['float'],['time']
OS_ESTOC_1998_D_SEDIMENT_TRAP_CI_8_1050m,TNNF,['float'],['time']
OS_ESTOC_1998_D_SEDIMENT_TRAP_CI_8_1050m,TSMF,['float'],['time']
OS_ESTOC_1998_D_SEDIMENT_TRAP_CI_8_3060m,CO3F,['float'],['time']
OS_ESTOC_1998_D_SEDIMENT_TRAP_CI_8_3060m,DEPTH_SENSOR,['float'],['time']
OS_ESTOC_1998_D_SEDIMENT_TRAP_CI_8_3060m,LTHF,['float'],['time']
OS_ESTOC_1998_D_SEDIMENT_TRAP_CI_8_3060m,POCF,['float'],['time']
OS_ESTOC_1998_D_SEDIMENT_TRAP_CI_8_3060m,SIOF,['float'],['time']
OS_ESTOC_1998_D_SEDIMENT_TRAP_CI_8_3060m,TIME_BOUNDS,['float'],['time']
OS_ESTOC_1998_D_SEDIMENT_TRAP_CI_8_3060m,TNNF,['float'],['time']
OS_ESTOC_1998_D_SEDIMENT_TRAP_CI_8_3060m,TSMF,['float'],['time']
OS_ESTOC_1998_D_SEDIMENT_TRAP_CI_8_750m,CO3F,['float'],['time']
OS_ESTOC_1998_D_SEDIMENT_TRAP_CI_8_750m,DEPTH_SENSOR,['float'],['time']
OS_ESTOC_1998_D_SEDIMENT_TRAP_CI_8_750m,LTHF,['float'],['time']
OS_ESTOC_1998_D_SEDIMENT_TRAP_CI_8_750m,POCF,['float'],['time']
OS_ESTOC_1998_D_SEDIMENT_TRAP_CI_8_750m,SIOF,['float'],['time']
OS_ESTOC_1998_D_SEDIMENT_TRAP_CI_8_750m,TIME_BOUNDS,['float'],['time']
OS_ESTOC_1998_D_SEDIMENT_TRAP_CI_8_750m,TNNF,['float'],['time']
OS_ESTOC_1998_D_SEDIMENT_TRAP_CI_8_750m,TSMF,['float'],['time']
OS_ESTOC_1998_D_SEDIMENT_TRAP_CI_9_3060m,CO3F,['float'],['time']
OS_ESTOC_1998_D_SEDIMENT_TRAP_CI_9_3060m,DEPTH_SENSOR,['float'],['time']
OS_ESTOC_1998_D_SEDIMENT_TRAP_CI_9_3060m,LTHF,['float'],['time']
OS_ESTOC_1998_D_SEDIMENT_TRAP_CI_9_3060m,POCF,['float'],['time']
OS_ESTOC_1998_D_SEDIMENT_TRAP_CI_9_3060m,SIOF,['float'],['time']
OS_ESTOC_1998_D_SEDIMENT_TRAP_CI_9_3060m,TIME_BOUNDS,['float'],['time']
OS_ESTOC_1998_D_SEDIMENT_TRAP_CI_9_3060m,TNNF,['float'],['time']
OS_ESTOC_1998_D_SEDIMENT_TRAP_CI_9_3060m,TSMF,['float'],['time']
OS_ESTOC_1999_D_SEDIMENT_TRAP_CI_10_1050m,CO3F,['float'],['time']
OS_ESTOC_1999_D_SEDIMENT_TRAP_CI_10_1050m,DEPTH_SENSOR,['float'],['time']
OS_ESTOC_1999_D_SEDIMENT_TRAP_CI_10_1050m,LTHF,['float'],['time']
OS_ESTOC_1999_D_SEDIMENT_TRAP_CI_10_1050m,POCF,['float'],['time']
OS_ESTOC_1999_D_SEDIMENT_TRAP_CI_10_1050m,SIOF,['float'],['time']
OS_ESTOC_1999_D_SEDIMENT_TRAP_CI_10_1050m,TIME_BOUNDS,['float'],['time']
OS_ESTOC_1999_D_SEDIMENT_TRAP_CI_10_1050m,TNNF,['float'],['time']
OS_ESTOC_1999_D_SEDIMENT_TRAP_CI_10_1050m,TSMF,['float'],['time']
OS_ESTOC_1999_D_SEDIMENT_TRAP_CI_10_3060m,CO3F,['float'],['time']
OS_ESTOC_1999_D_SEDIMENT_TRAP_CI_10_3060m,DEPTH_SENSOR,['float'],['time']
OS_ESTOC_1999_D_SEDIMENT_TRAP_CI_10_3060m,LTHF,['float'],['time']
OS_ESTOC_1999_D_SEDIMENT_TRAP_CI_10_3060m,POCF,['float'],['time']
OS_ESTOC_1999_D_SEDIMENT_TRAP_CI_10_3060m,SIOF,['float'],['time']
OS_ESTOC_1999_D_SEDIMENT_TRAP_CI_10_3060m,TIME_BOUNDS,['float'],['time']
OS_ESTOC_1999_D_SEDIMENT_TRAP_CI_10_3060m,TNNF,['float'],['time']
OS_ESTOC_1999_D_SEDIMENT_TRAP_CI_10_3060m,TSMF,['float'],['time']
OS_ESTOC_1999_D_SEDIMENT_TRAP_CI_10_750m,CO3F,['float'],['time']
OS_ESTOC_1999_D_SEDIMENT_TRAP_CI_10_750m,DEPTH_SENSOR,['float'],['time']
OS_ESTOC_1999_D_SEDIMENT_TRAP_CI_10_750m,LTHF,['float'],['time']
OS_ESTOC_1999_D_SEDIMENT_TRAP_CI_10_750m,POCF,['float'],['time']
OS_ESTOC_1999_D_SEDIMENT_TRAP_CI_10_750m,SIOF,['float'],['time']
OS_ESTOC_1999_D_SEDIMENT_TRAP_CI_10_750m,TIME_BOUNDS,['float'],['time']
OS_ESTOC_1999_D_SEDIMENT_TRAP_CI_10_750m,TNNF,['float'],['time']
OS_ESTOC_1999_D_SEDIMENT_TRAP_CI_10_750m,TSMF,['float'],['time']
OS_ESTOC_1999_D_SEDIMENT_TRAP_CI_11_750m,CO3F,['float'],['time']
OS_ESTOC_1999_D_SEDIMENT_TRAP_CI_11_750m,DEPTH_SENSOR,['float'],['time']
OS_ESTOC_1999_D_SEDIMENT_TRAP_CI_11_750m,LTHF,['float'],['time']
OS_ESTOC_1999_D_SEDIMENT_TRAP_CI_11_750m,POCF,['float'],['time']
OS_ESTOC_1999_D_SEDIMENT_TRAP_CI_11_750m,SIOF,['float'],['time']
OS_ESTOC_1999_D_SEDIMENT_TRAP_CI_11_750m,TIME_BOUNDS,['float'],['time']
OS_ESTOC_1999_D_SEDIMENT_TRAP_CI_11_750m,TNNF,['float'],['time']
OS_ESTOC_1999_D_SEDIMENT_TRAP_CI_11_750m,TSMF,['float'],['time']
OS_ESTOC_1999_D_SEDIMENT_TRAP_CI_12_1050m,CO3F,['float'],['time']
OS_ESTOC_1999_D_SEDIMENT_TRAP_CI_12_1050m,DEPTH_SENSOR,['float'],['time']
OS_ESTOC_1999_D_SEDIMENT_TRAP_CI_12_1050m,LTHF,['float'],['time']
OS_ESTOC_1999_D_SEDIMENT_TRAP_CI_12_1050m,POCF,['float'],['time']
OS_ESTOC_1999_D_SEDIMENT_TRAP_CI_12_1050m,SIOF,['float'],['time']
OS_ESTOC_1999_D_SEDIMENT_TRAP_CI_12_1050m,TIME_BOUNDS,['float'],['time']
OS_ESTOC_1999_D_SEDIMENT_TRAP_CI_12_1050m,TNNF,['float'],['time']
OS_ESTOC_1999_D_SEDIMENT_TRAP_CI_12_1050m,TSMF,['float'],['time']
OS_ESTOC_1999_D_SEDIMENT_TRAP_CI_12_3060m,CO3F,['float'],['time']
OS_ESTOC_1999_D_SEDIMENT_TRAP_CI_12_3060m,DEPTH_SENSOR,['float'],['time']
OS_ESTOC_1999_D_SEDIMENT_TRAP_CI_12_3060m,LTHF,['float'],['time']
OS_ESTOC_1999_D_SEDIMENT_TRAP_CI_12_3060m,POCF,['float'],['time']
OS_ESTOC_1999_D_SEDIMENT_TRAP_CI_12_3060m,SIOF,['float'],['time']
OS_ESTOC_1999_D_SEDIMENT_TRAP_CI_12_3060m,TIME_BOUNDS,['float'],['time']
OS_ESTOC_1999_D_SEDIMENT_TRAP_CI_12_3060m,TNNF,['float'],['time']
OS_ESTOC_1999_D_SEDIMENT_TRAP_CI_12_3060m,TSMF,['float'],['time']
OS_ESTOC_2000_D_SEDIMENT_TRAP_CI_13_1050m,CO3F,['float'],['time']
OS_ESTOC_2000_D_SEDIMENT_TRAP_CI_13_1050m,DEPTH_SENSOR,['float'],['time']
OS_ESTOC_2000_D_SEDIMENT_TRAP_CI_13_1050m,LTHF,['float'],['time']
OS_ESTOC_2000_D_SEDIMENT_TRAP_CI_13_1050m,POCF,['float'],['time']
OS_ESTOC_2000_D_SEDIMENT_TRAP_CI_13_1050m,SIOF,['float'],['time']
OS_ESTOC_2000_D_SEDIMENT_TRAP_CI_13_1050m,TIME_BOUNDS,['float'],['time']
OS_ESTOC_2000_D_SEDIMENT_TRAP_CI_13_1050m,TNNF,['float'],['time']
OS_ESTOC_2000_D_SEDIMENT_TRAP_CI_13_1050m,TSMF,['float'],['time']
OS_ESTOC_2000_D_SEDIMENT_TRAP_CI_13_3060m,CO3F,['float'],['time']
OS_ESTOC_2000_D_SEDIMENT_TRAP_CI_13_3060m,DEPTH_SENSOR,['float'],['time']
OS_ESTOC_2000_D_SEDIMENT_TRAP_CI_13_3060m,LTHF,['float'],['time']
OS_ESTOC_2000_D_SEDIMENT_TRAP_CI_13_3060m,POCF,['float'],['time']
OS_ESTOC_2000_D_SEDIMENT_TRAP_CI_13_3060m,SIOF,['float'],['time']
OS_ESTOC_2000_D_SEDIMENT_TRAP_CI_13_3060m,TIME_BOUNDS,['float'],['time']
OS_ESTOC_2000_D_SEDIMENT_TRAP_CI_13_3060m,TNNF,['float'],['time']
OS_ESTOC_2000_D_SEDIMENT_TRAP_CI_13_3060m,TSMF,['float'],['time']
OS_ESTOC_2000_D_SEDIMENT_TRAP_CI_13_750m,CO3F,['float'],['time']
OS_ESTOC_2000_D_SEDIMENT_TRAP_CI_13_750m,DEPTH_SENSOR,['float'],['time']
OS_ESTOC_2000_D_SEDIMENT_TRAP_CI_13_750m,LTHF,['float'],['time']
OS_ESTOC_2000_D_SEDIMENT_TRAP_CI_13_750m,POCF,['float'],['time']
OS_ESTOC_2000_D_SEDIMENT_TRAP_CI_13_750m,SIOF,['float'],['time']
OS_ESTOC_2000_D_SEDIMENT_TRAP_CI_13_750m,TIME_BOUNDS,['float'],['time']
OS_ESTOC_2000_D_SEDIMENT_TRAP_CI_13_750m,TNNF,['float'],['time']
OS_ESTOC_2000_D_SEDIMENT_TRAP_CI_13_750m,TSMF,['float'],['time']
OS_ESTOC_2001_D_SEDIMENT_TRAP_CI_14_1050m,CO3F,['float'],['time']
OS_ESTOC_2001_D_SEDIMENT_TRAP_CI_14_1050m,DEPTH_SENSOR,['float'],['time']
OS_ESTOC_2001_D_SEDIMENT_TRAP_CI_14_1050m,LTHF,['float'],['time']
OS_ESTOC_2001_D_SEDIMENT_TRAP_CI_14_1050m,POCF,['float'],['time']
OS_ESTOC_2001_D_SEDIMENT_TRAP_CI_14_1050m,SIOF,['float'],['time']
OS_ESTOC_2001_D_SEDIMENT_TRAP_CI_14_1050m,TIME_BOUNDS,['float'],['time']
OS_ESTOC_2001_D_SEDIMENT_TRAP_CI_14_1050m,TNNF,['float'],['time']
OS_ESTOC_2001_D_SEDIMENT_TRAP_CI_14_1050m,TSMF,['float'],['time']
OS_ESTOC_2001_D_SEDIMENT_TRAP_CI_14_3060m,CO3F,['float'],['time']
OS_ESTOC_2001_D_SEDIMENT_TRAP_CI_14_3060m,DEPTH_SENSOR,['float'],['time']
OS_ESTOC_2001_D_SEDIMENT_TRAP_CI_14_3060m,LTHF,['float'],['time']
OS_ESTOC_2001_D_SEDIMENT_TRAP_CI_14_3060m,POCF,['float'],['time']
OS_ESTOC_2001_D_SEDIMENT_TRAP_CI_14_3060m,SIOF,['float'],['time']
OS_ESTOC_2001_D_SEDIMENT_TRAP_CI_14_3060m,TIME_BOUNDS,['float'],['time']
OS_ESTOC_2001_D_SEDIMENT_TRAP_CI_14_3060m,TNNF,['float'],['time']
OS_ESTOC_2001_D_SEDIMENT_TRAP_CI_14_3060m,TSMF,['float'],['time']
OS_ESTOC_2003_D_SEDIMENT_TRAP_CI_16_1050m,CO3F,['float'],['time']
OS_ESTOC_2003_D_SEDIMENT_TRAP_CI_16_1050m,DEPTH_SENSOR,['float'],['time']
OS_ESTOC_2003_D_SEDIMENT_TRAP_CI_16_1050m,LTHF,['float'],['time']
OS_ESTOC_2003_D_SEDIMENT_TRAP_CI_16_1050m,POCF,['float'],['time']
OS_ESTOC_2003_D_SEDIMENT_TRAP_CI_16_1050m,SIOF,['float'],['time']
OS_ESTOC_2003_D_SEDIMENT_TRAP_CI_16_1050m,TIME_BOUNDS,['float'],['time']
OS_ESTOC_2003_D_SEDIMENT_TRAP_CI_16_1050m,TNNF,['float'],['time']
OS_ESTOC_2003_D_SEDIMENT_TRAP_CI_16_1050m,TSMF,['float'],['time']
OS_ESTOC_2003_D_SEDIMENT_TRAP_CI_16_3060m,CO3F,['float'],['time']
OS_ESTOC_2003_D_SEDIMENT_TRAP_CI_16_3060m,DEPTH_SENSOR,['float'],['time']
OS_ESTOC_2003_D_SEDIMENT_TRAP_CI_16_3060m,LTHF,['float'],['time']
OS_ESTOC_2003_D_SEDIMENT_TRAP_CI_16_3060m,POCF,['float'],['time']
OS_ESTOC_2003_D_SEDIMENT_TRAP_CI_16_3060m,SIOF,['float'],['time']
OS_ESTOC_2003_D_SEDIMENT_TRAP_CI_16_3060m,TIME_BOUNDS,['float'],['time']
OS_ESTOC_2003_D_SEDIMENT_TRAP_CI_16_3060m,TNNF,['float'],['time']
OS_ESTOC_2003_D_SEDIMENT_TRAP_CI_16_3060m,TSMF,['float'],['time']
OS_ESTOC_2003_D_SEDIMENT_TRAP_MSD1_3630m,DEPTH_SENSOR,['float'],['time']
OS_ESTOC_2003_D_SEDIMENT_TRAP_MSD1_3630m,SIOF,['float'],['time']
OS_ESTOC_2003_D_SEDIMENT_TRAP_MSD1_3630m,TIME_BOUNDS,['float'],['time']
OS_ESTOC_2003_D_SEDIMENT_TRAP_MSD1_3630m,TSMF,['float'],['time']
OS_ESTOC_2004_D_SEDIMENT_TRAP_CI_17_1050m,CO3F,['float'],['time']
OS_ESTOC_2004_D_SEDIMENT_TRAP_CI_17_1050m,DEPTH_SENSOR,['float'],['time']
OS_ESTOC_2004_D_SEDIMENT_TRAP_CI_17_1050m,LTHF,['float'],['time']
OS_ESTOC_2004_D_SEDIMENT_TRAP_CI_17_1050m,POCF,['float'],['time']
OS_ESTOC_2004_D_SEDIMENT_TRAP_CI_17_1050m,SIOF,['float'],['time']
OS_ESTOC_2004_D_SEDIMENT_TRAP_CI_17_1050m,TIME_BOUNDS,['float'],['time']
OS_ESTOC_2004_D_SEDIMENT_TRAP_CI_17_1050m,TNNF,['float'],['time']
OS_ESTOC_2004_D_SEDIMENT_TRAP_CI_17_1050m,TSMF,['float'],['time']
OS_ESTOC_2004_D_SEDIMENT_TRAP_CI_17_3060m,CO3F,['float'],['time']
OS_ESTOC_2004_D_SEDIMENT_TRAP_CI_17_3060m,DEPTH_SENSOR,['float'],['time']
OS_ESTOC_2004_D_SEDIMENT_TRAP_CI_17_3060m,LTHF,['float'],['time']
OS_ESTOC_2004_D_SEDIMENT_TRAP_CI_17_3060m,POCF,['float'],['time']
OS_ESTOC_2004_D_SEDIMENT_TRAP_CI_17_3060m,SIOF,['float'],['time']
OS_ESTOC_2004_D_SEDIMENT_TRAP_CI_17_3060m,TIME_BOUNDS,['float'],['time']
OS_ESTOC_2004_D_SEDIMENT_TRAP_CI_17_3060m,TNNF,['float'],['time']
OS_ESTOC_2004_D_SEDIMENT_TRAP_CI_17_3060m,TSMF,['float'],['time']
OS_ESTOC_2004_D_SEDIMENT_TRAP_CI_17_750m,CO3F,['float'],['time']
OS_ESTOC_2004_D_SEDIMENT_TRAP_CI_17_750m,DEPTH_SENSOR,['float'],['time']
OS_ESTOC_2004_D_SEDIMENT_TRAP_CI_17_750m,LTHF,['float'],['time']
OS_ESTOC_2004_D_SEDIMENT_TRAP_CI_17_750m,POCF,['float'],['time']
OS_ESTOC_2004_D_SEDIMENT_TRAP_CI_17_750m,SIOF,['float'],['time']
OS_ESTOC_2004_D_SEDIMENT_TRAP_CI_17_750m,TIME_BOUNDS,['float'],['time']
OS_ESTOC_2004_D_SEDIMENT_TRAP_CI_17_750m,TNNF,['float'],['time']
OS_ESTOC_2004_D_SEDIMENT_TRAP_CI_17_750m,TSMF,['float'],['time']
OS_ESTOC_2004_D_SEDIMENT_TRAP_MSD3_3060m,DEPTH_SENSOR,['float'],['time']
OS_ESTOC_2004_D_SEDIMENT_TRAP_MSD3_3060m,SIOF,['float'],['time']
OS_ESTOC_2004_D_SEDIMENT_TRAP_MSD3_3060m,TIME_BOUNDS,['float'],['time']
OS_ESTOC_2004_D_SEDIMENT_TRAP_MSD3_3060m,TSMF,['float'],['time']
OS_ESTOC_2005_D_SEDIMENT_TRAP_CI_18_1050m,CO3F,['float'],['time']
OS_ESTOC_2005_D_SEDIMENT_TRAP_CI_18_1050m,DEPTH_SENSOR,['float'],['time']
OS_ESTOC_2005_D_SEDIMENT_TRAP_CI_18_1050m,LTHF,['float'],['time']
OS_ESTOC_2005_D_SEDIMENT_TRAP_CI_18_1050m,POCF,['float'],['time']
OS_ESTOC_2005_D_SEDIMENT_TRAP_CI_18_1050m,SIOF,['float'],['time']
OS_ESTOC_2005_D_SEDIMENT_TRAP_CI_18_1050m,TIME_BOUNDS,['float'],['time']
OS_ESTOC_2005_D_SEDIMENT_TRAP_CI_18_1050m,TNNF,['float'],['time']
OS_ESTOC_2005_D_SEDIMENT_TRAP_CI_18_1050m,TSMF,['float'],['time']
OS_ESTOC_2005_D_SEDIMENT_TRAP_CI_18_3060m,CO3F,['float'],['time']
OS_ESTOC_2005_D_SEDIMENT_TRAP_CI_18_3060m,DEPTH_SENSOR,['float'],['time']
OS_ESTOC_2005_D_SEDIMENT_TRAP_CI_18_3060m,LTHF,['float'],['time']
OS_ESTOC_2005_D_SEDIMENT_TRAP_CI_18_3060m,POCF,['float'],['time']
OS_ESTOC_2005_D_SEDIMENT_TRAP_CI_18_3060m,SIOF,['float'],['time']
OS_ESTOC_2005_D_SEDIMENT_TRAP_CI_18_3060m,TIME_BOUNDS,['float'],['time']
OS_ESTOC_2005_D_SEDIMENT_TRAP_CI_18_3060m,TNNF,['float'],['time']
OS_ESTOC_2005_D_SEDIMENT_TRAP_CI_18_3060m,TSMF,['float'],['time']
OS_ESTOC_2005_D_SEDIMENT_TRAP_CI_18_750m,CO3F,['float'],['time']
OS_ESTOC_2005_D_SEDIMENT_TRAP_CI_18_750m,DEPTH_SENSOR,['float'],['time']
OS_ESTOC_2005_D_SEDIMENT_TRAP_CI_18_750m,LTHF,['float'],['time']
OS_ESTOC_2005_D_SEDIMENT_TRAP_CI_18_750m,POCF,['float'],['time']
OS_ESTOC_2005_D_SEDIMENT_TRAP_CI_18_750m,SIOF,['float'],['time']
OS_ESTOC_2005_D_SEDIMENT_TRAP_CI_18_750m,TIME_BOUNDS,['float'],['time']
OS_ESTOC_2005_D_SEDIMENT_TRAP_CI_18_750m,TNNF,['float'],['time']
OS_ESTOC_2005_D_SEDIMENT_TRAP_CI_18_750m,TSMF,['float'],['time']
OS_ESTOC_2005_D_SEDIMENT_TRAP_MSD4_3060m,DEPTH_SENSOR,['float'],['time']
OS_ESTOC_2005_D_SEDIMENT_TRAP_MSD4_3060m,SIOF,['float'],['time']
OS_ESTOC_2005_D_SEDIMENT_TRAP_MSD4_3060m,TIME_BOUNDS,['float'],['time']
OS_ESTOC_2005_D_SEDIMENT_TRAP_MSD4_3060m,TSMF,['float'],['time']
OS_ESTOC_2005_D_SEDIMENT_TRAP_MSD5_750m,DEPTH_SENSOR,['float'],['time']
OS_ESTOC_2005_D_SEDIMENT_TRAP_MSD5_750m,SIOF,['float'],['time']
OS_ESTOC_2005_D_SEDIMENT_TRAP_MSD5_750m,TIME_BOUNDS,['float'],['time']
OS_ESTOC_2005_D_SEDIMENT_TRAP_MSD5_750m,TSMF,['float'],['time']
OS_ESTOC_2006_D_SEDIMENT_TRAP_CI_19_1050m,CO3F,['float'],['time']
OS_ESTOC_2006_D_SEDIMENT_TRAP_CI_19_1050m,DEPTH_SENSOR,['float'],['time']
OS_ESTOC_2006_D_SEDIMENT_TRAP_CI_19_1050m,LTHF,['float'],['time']
OS_ESTOC_2006_D_SEDIMENT_TRAP_CI_19_1050m,POCF,['float'],['time']
OS_ESTOC_2006_D_SEDIMENT_TRAP_CI_19_1050m,SIOF,['float'],['time']
OS_ESTOC_2006_D_SEDIMENT_TRAP_CI_19_1050m,TIME_BOUNDS,['float'],['time']
OS_ESTOC_2006_D_SEDIMENT_TRAP_CI_19_1050m,TNNF,['float'],['time']
OS_ESTOC_2006_D_SEDIMENT_TRAP_CI_19_1050m,TSMF,['float'],['time']
OS_ESTOC_2006_D_SEDIMENT_TRAP_CI_19_750m,CO3F,['float'],['time']
OS_ESTOC_2006_D_SEDIMENT_TRAP_CI_19_750m,DEPTH_SENSOR,['float'],['time']
OS_ESTOC_2006_D_SEDIMENT_TRAP_CI_19_750m,LTHF,['float'],['time']
OS_ESTOC_2006_D_SEDIMENT_TRAP_CI_19_750m,POCF,['float'],['time']
OS_ESTOC_2006_D_SEDIMENT_TRAP_CI_19_750m,SIOF,['float'],['time']
OS_ESTOC_2006_D_SEDIMENT_TRAP_CI_19_750m,TIME_BOUNDS,['float'],['time']
OS_ESTOC_2006_D_SEDIMENT_TRAP_CI_19_750m,TNNF,['float'],['time']
OS_ESTOC_2006_D_SEDIMENT_TRAP_CI_19_750m,TSMF,['float'],['time']
OS_ESTOC_2007_D_SEDIMENT_TRAP_CI_20_1050m,CO3F,['float'],['time']
OS_ESTOC_2007_D_SEDIMENT_TRAP_CI_20_1050m,DEPTH_SENSOR,['float'],['time']
OS_ESTOC_2007_D_SEDIMENT_TRAP_CI_20_1050m,LTHF,['float'],['time']
OS_ESTOC_2007_D_SEDIMENT_TRAP_CI_20_1050m,POCF,['float'],['time']
OS_ESTOC_2007_D_SEDIMENT_TRAP_CI_20_1050m,SIOF,['float'],['time']
OS_ESTOC_2007_D_SEDIMENT_TRAP_CI_20_1050m,TIME_BOUNDS,['float'],['time']
OS_ESTOC_2007_D_SEDIMENT_TRAP_CI_20_1050m,TNNF,['float'],['time']
OS_ESTOC_2007_D_SEDIMENT_TRAP_CI_20_1050m,TSMF,['float'],['time']
OS_ESTOC_2007_D_SEDIMENT_TRAP_CI_20_750m,CO3F,['float'],['time']
OS_ESTOC_2007_D_SEDIMENT_TRAP_CI_20_750m,DEPTH_SENSOR,['float'],['time']
OS_ESTOC_2007_D_SEDIMENT_TRAP_CI_20_750m,LTHF,['float'],['time']
OS_ESTOC_2007_D_SEDIMENT_TRAP_CI_20_750m,POCF,['float'],['time']
OS_ESTOC_2007_D_SEDIMENT_TRAP_CI_20_750m,SIOF,['float'],['time']
OS_ESTOC_2007_D_SEDIMENT_TRAP_CI_20_750m,TIME_BOUNDS,['float'],['time']
OS_ESTOC_2007_D_SEDIMENT_TRAP_CI_20_750m,TNNF,['float'],['time']
OS_ESTOC_2007_D_SEDIMENT_TRAP_CI_20_750m,TSMF,['float'],['time']
OS_ESTOC_2008_D_SEDIMENT_TRAP_CI_21_750m,CO3F,['float'],['time']
OS_ESTOC_2008_D_SEDIMENT_TRAP_CI_21_750m,DEPTH_SENSOR,['float'],['time']
OS_ESTOC_2008_D_SEDIMENT_TRAP_CI_21_750m,LTHF,['float'],['time']
OS_ESTOC_2008_D_SEDIMENT_TRAP_CI_21_750m,POCF,['float'],['time']
OS_ESTOC_2008_D_SEDIMENT_TRAP_CI_21_750m,SIOF,['float'],['time']
OS_ESTOC_2008_D_SEDIMENT_TRAP_CI_21_750m,TIME_BOUNDS,['float'],['time']
OS_ESTOC_2008_D_SEDIMENT_TRAP_CI_21_750m,TNNF,['float'],['time']
OS_ESTOC_2008_D_SEDIMENT_TRAP_CI_21_750m,TSMF,['float'],['time']
OS_ESTOC_2009_D_SEDIMENT_TRAP_CI_22_1050m,CO3F,['float'],['time']
OS_ESTOC_2009_D_SEDIMENT_TRAP_CI_22_1050m,DEPTH_SENSOR,['float'],['time']
OS_ESTOC_2009_D_SEDIMENT_TRAP_CI_22_1050m,LTHF,['float'],['time']
OS_ESTOC_2009_D_SEDIMENT_TRAP_CI_22_1050m,POCF,['float'],['time']
OS_ESTOC_2009_D_SEDIMENT_TRAP_CI_22_1050m,SIOF,['float'],['time']
OS_ESTOC_2009_D_SEDIMENT_TRAP_CI_22_1050m,TIME_BOUNDS,['float'],['time']
OS_ESTOC_2009_D_SEDIMENT_TRAP_CI_22_1050m,TNNF,['float'],['time']
OS_ESTOC_2009_D_SEDIMENT_TRAP_CI_22_1050m,TSMF,['float'],['time']
OS_ESTOC_2009_D_SEDIMENT_TRAP_CI_22_750m,CO3F,['float'],['time']
OS_ESTOC_2009_D_SEDIMENT_TRAP_CI_22_750m,DEPTH_SENSOR,['float'],['time']
OS_ESTOC_2009_D_SEDIMENT_TRAP_CI_22_750m,LTHF,['float'],['time']
OS_ESTOC_2009_D_SEDIMENT_TRAP_CI_22_750m,POCF,['float'],['time']
OS_ESTOC_2009_D_SEDIMENT_TRAP_CI_22_750m,SIOF,['float'],['time']
OS_ESTOC_2009_D_SEDIMENT_TRAP_CI_22_750m,TIME_BOUNDS,['float'],['time']
OS_ESTOC_2009_D_SEDIMENT_TRAP_CI_22_750m,TNNF,['float'],['time']
OS_ESTOC_2009_D_SEDIMENT_TRAP_CI_22_750m,TSMF,['float'],['time']
OS_ESTOC_2014_D_CTD-FIXO3-surface,CNDC,['float'],"['time, depth']"
OS_ESTOC_2014_D_CTD-FIXO3-surface,CNDC_QC,['byte'],"['time, depth']"
OS_ESTOC_2014_D_CTD-FIXO3-surface,PSAL,['float'],"['time, depth']"
OS_ESTOC_2014_D_CTD-FIXO3-surface,PSAL_QC,['byte'],"['time, depth']"
OS_ESTOC_2014_D_CTD-FIXO3-surface,TEMP,['float'],"['time, depth']"
OS_ESTOC_2014_D_CTD-FIXO3-surface,TEMP_QC,['byte'],"['time, depth']"
OS_ESTOC_2014_D_SST-PSAL-DOXI-CPHL-TURB_FixO3-surface,AIRT,['float'],"['time, depth']"
OS_ESTOC_2014_D_SST-PSAL-DOXI-CPHL-TURB_FixO3-surface,AIRT_QC,['byte'],"['time, depth']"
OS_ESTOC_2014_D_SST-PSAL-DOXI-CPHL-TURB_FixO3-surface,ATMP,['float'],"['time, depth']"
OS_ESTOC_2014_D_SST-PSAL-DOXI-CPHL-TURB_FixO3-surface,ATMP_QC,['byte'],"['time, depth']"
OS_ESTOC_2014_D_SST-PSAL-DOXI-CPHL-TURB_FixO3-surface,RELH,['float'],"['time, depth']"
OS_ESTOC_2014_D_SST-PSAL-DOXI-CPHL-TURB_FixO3-surface,RELH_QC,['byte'],"['time, depth']"
OS_ESTOC_2014_D_SST-PSAL-DOXI-CPHL-TURB_FixO3-surface,WDIR,['float'],"['time, depth']"
OS_ESTOC_2014_D_SST-PSAL-DOXI-CPHL-TURB_FixO3-surface,WDIR_QC,['byte'],"['time, depth']"
OS_ESTOC_2014_D_SST-PSAL-DOXI-CPHL-TURB_FixO3-surface,WSPD,['float'],"['time, depth']"
OS_ESTOC_2014_D_SST-PSAL-DOXI-CPHL-TURB_FixO3-surface,WSPD_QC,['byte'],"['time, depth']"
OS_ESTOC_2014_D_pH_FixO3-surface,PHPH,['float'],"['time, depth']"
OS_ESTOC_2014_D_pH_FixO3-surface,PHPH_QC,['byte'],"['time, depth']"
OS_ESTOC_2014_D_pH_FixO3-surface,PSAL,['float'],"['time, depth']"
OS_ESTOC_2014_D_pH_FixO3-surface,PSAL_QC,['byte'],"['time, depth']"
OS_ESTOC_2014_D_pH_FixO3-surface,TEMP,['float'],"['time, depth']"
OS_ESTOC_2014_D_pH_FixO3-surface,TEMP_QC,['byte'],"['time, depth']"
OS_ESTOC_201505_D_ADCP_FixO3_80mUpward,CDIR,['float'],"['time, depth']"
OS_ESTOC_201505_D_ADCP_FixO3_80mUpward,CDIR_QC,['byte'],"['time, depth']"
OS_ESTOC_201505_D_ADCP_FixO3_80mUpward,CSPD,['float'],"['time, depth']"
OS_ESTOC_201505_D_ADCP_FixO3_80mUpward,CSPD_QC,['byte'],"['time, depth']"
OS_ESTOC_201505_D_FLNTU-FIX03-100m,CPHL,['float'],"['time, depth']"
OS_ESTOC_201505_D_FLNTU-FIX03-100m,CPHL_QC,['byte'],"['time, depth']"
OS_ESTOC_201505_D_FLNTU-FIX03-100m,TURB,['float'],"['time, depth']"
OS_ESTOC_201505_D_FLNTU-FIX03-100m,TURB_QC,['byte'],"['time, depth']"
OS_ESTOC_201505_D_FLNTU_FixO3-100m,CPHL,['float'],"['time, depth']"
OS_ESTOC_201505_D_FLNTU_FixO3-100m,CPHL_QC,['byte'],"['time, depth']"
OS_ESTOC_201505_D_FLNTU_FixO3-100m,TURB,['float'],"['time, depth']"
OS_ESTOC_201505_D_FLNTU_FixO3-100m,TURB_QC,['byte'],"['time, depth']"
OS_ESTOC_201510_D_ADCP_FixO3_80mUpward,CDIR,['float'],"['time, depth']"
OS_ESTOC_201510_D_ADCP_FixO3_80mUpward,CDIR_QC,['byte'],"['time, depth']"
OS_ESTOC_201510_D_ADCP_FixO3_80mUpward,CSPD,['float'],"['time, depth']"
OS_ESTOC_201510_D_ADCP_FixO3_80mUpward,CSPD_QC,['byte'],"['time, depth']"
OS_ESTOC_201510_D_CTD-FixO3-100m,CNDC,['float'],"['time, depth']"
OS_ESTOC_201510_D_CTD-FixO3-100m,CNDC_QC,['byte'],"['time, depth']"
OS_ESTOC_201510_D_CTD-FixO3-100m,DEPTH_SENSOR,['float'],"['time, depth']"
OS_ESTOC_201510_D_CTD-FixO3-100m,DEPTH_SENSOR_QC,['byte'],"['time, depth']"
OS_ESTOC_201510_D_CTD-FixO3-100m,PSAL,['float'],"['time, depth']"
OS_ESTOC_201510_D_CTD-FixO3-100m,PSAL_QC,['byte'],"['time, depth']"
OS_ESTOC_201510_D_CTD-FixO3-100m,TEMP,['float'],"['time, depth']"
OS_ESTOC_201510_D_CTD-FixO3-100m,TEMP_QC,['byte'],"['time, depth']"
OS_ESTOC_201510_D_CTD-P3,CNDC,['float'],"['time, depth']"
OS_ESTOC_201510_D_CTD-P3,CNDC_QC,['byte'],"['time, depth']"
OS_ESTOC_201510_D_CTD-P3,CPHL,['float'],"['time, depth']"
OS_ESTOC_201510_D_CTD-P3,CPHL_QC,['byte'],"['time, depth']"
OS_ESTOC_201510_D_CTD-P3,DOXY,['float'],"['time, depth']"
OS_ESTOC_201510_D_CTD-P3,DOXY_QC,['byte'],"['time, depth']"
OS_ESTOC_201510_D_CTD-P3,PSAL,['float'],"['time, depth']"
OS_ESTOC_201510_D_CTD-P3,PSAL_QC,['byte'],"['time, depth']"
OS_ESTOC_201510_D_CTD-P3,TEMP,['float'],"['time, depth']"
OS_ESTOC_201510_D_CTD-P3,TEMP_QC,['byte'],"['time, depth']"
OS_ESTOC_2015_D_CTD-FIXO3-surface,CNDC,['float'],"['time, depth']"
OS_ESTOC_2015_D_CTD-FIXO3-surface,CNDC_QC,['byte'],"['time, depth']"
OS_ESTOC_2015_D_CTD-FIXO3-surface,PSAL,['float'],"['time, depth']"
OS_ESTOC_2015_D_CTD-FIXO3-surface,PSAL_QC,['byte'],"['time, depth']"
OS_ESTOC_2015_D_CTD-FIXO3-surface,TEMP,['float'],"['time, depth']"
OS_ESTOC_2015_D_CTD-FIXO3-surface,TEMP_QC,['byte'],"['time, depth']"
OS_ESTOC_2015_D_SST-PSAL-DOXI-CPHL-TURB_FixO3-surface,AIRT,['float'],"['time, depth']"
OS_ESTOC_2015_D_SST-PSAL-DOXI-CPHL-TURB_FixO3-surface,AIRT_QC,['byte'],"['time, depth']"
OS_ESTOC_2015_D_SST-PSAL-DOXI-CPHL-TURB_FixO3-surface,ATMP,['float'],"['time, depth']"
OS_ESTOC_2015_D_SST-PSAL-DOXI-CPHL-TURB_FixO3-surface,ATMP_QC,['byte'],"['time, depth']"
OS_ESTOC_2015_D_SST-PSAL-DOXI-CPHL-TURB_FixO3-surface,PAR,['float'],"['time, depth']"
OS_ESTOC_2015_D_SST-PSAL-DOXI-CPHL-TURB_FixO3-surface,PAR_QC,['byte'],"['time, depth']"
OS_ESTOC_2015_D_SST-PSAL-DOXI-CPHL-TURB_FixO3-surface,RELH,['float'],"['time, depth']"
OS_ESTOC_2015_D_SST-PSAL-DOXI-CPHL-TURB_FixO3-surface,RELH_QC,['byte'],"['time, depth']"
OS_ESTOC_2015_D_SST-PSAL-DOXI-CPHL-TURB_FixO3-surface,WDIR,['float'],"['time, depth']"
OS_ESTOC_2015_D_SST-PSAL-DOXI-CPHL-TURB_FixO3-surface,WDIR_QC,['byte'],"['time, depth']"
OS_ESTOC_2015_D_SST-PSAL-DOXI-CPHL-TURB_FixO3-surface,WSPD,['float'],"['time, depth']"
OS_ESTOC_2015_D_SST-PSAL-DOXI-CPHL-TURB_FixO3-surface,WSPD_QC,['byte'],"['time, depth']"
OS_ESTOC_2015_D_SST-PSAL-DOXI-DOXITEMP-CPHL_FixO3-surface,CPHL,['float'],"['time, depth']"
OS_ESTOC_2015_D_SST-PSAL-DOXI-DOXITEMP-CPHL_FixO3-surface,CPHL_QC,['byte'],"['time, depth']"
OS_ESTOC_2015_D_SST-PSAL-DOXI-DOXITEMP-CPHL_FixO3-surface,DOXY,['float'],"['time, depth']"
OS_ESTOC_2015_D_SST-PSAL-DOXI-DOXITEMP-CPHL_FixO3-surface,DOXY_QC,['byte'],"['time, depth']"
OS_ESTOC_2015_D_SST-PSAL-DOXI-DOXITEMP-CPHL_FixO3-surface,PSAL,['float'],"['time, depth']"
OS_ESTOC_2015_D_SST-PSAL-DOXI-DOXITEMP-CPHL_FixO3-surface,PSAL_QC,['byte'],"['time, depth']"
OS_ESTOC_2015_D_SST-PSAL-DOXI-DOXITEMP-CPHL_FixO3-surface,TEMP,['float'],"['time, depth']"
OS_ESTOC_2015_D_SST-PSAL-DOXI-DOXITEMP-CPHL_FixO3-surface,TEMP_QC,['byte'],"['time, depth']"
OS_ESTOC_2015_D_pH_FixO3-surface-1,PHPH,['float'],"['time, depth']"
OS_ESTOC_2015_D_pH_FixO3-surface-1,PHPH_QC,['byte'],"['time, depth']"
OS_ESTOC_2015_D_pH_FixO3-surface-1,PSAL,['float'],"['time, depth']"
OS_ESTOC_2015_D_pH_FixO3-surface-1,PSAL_QC,['byte'],"['time, depth']"
OS_ESTOC_2015_D_pH_FixO3-surface-1,TEMP,['float'],"['time, depth']"
OS_ESTOC_2015_D_pH_FixO3-surface-1,TEMP_QC,['byte'],"['time, depth']"
OS_ESTOC_2015_D_pH_FixO3-surface-2,PHPH,['float'],"['time, depth']"
OS_ESTOC_2015_D_pH_FixO3-surface-2,PHPH_QC,['byte'],"['time, depth']"
OS_ESTOC_2015_D_pH_FixO3-surface-2,PSAL,['float'],"['time, depth']"
OS_ESTOC_2015_D_pH_FixO3-surface-2,PSAL_QC,['byte'],"['time, depth']"
OS_ESTOC_2015_D_pH_FixO3-surface-2,TEMP,['float'],"['time, depth']"
OS_ESTOC_2015_D_pH_FixO3-surface-2,TEMP_QC,['byte'],"['time, depth']"
OS_ESTOC_201609_D_CTD-DO-FIX03-80m,CNDC,['float'],"['time, depth']"
OS_ESTOC_201609_D_CTD-DO-FIX03-80m,CNDC_QC,['byte'],"['time, depth']"
OS_ESTOC_201609_D_CTD-DO-FIX03-80m,PSAL,['float'],"['time, depth']"
OS_ESTOC_201609_D_CTD-DO-FIX03-80m,PSAL_QC,['byte'],"['time, depth']"
OS_ESTOC_201609_D_CTD-DO-FIX03-80m,TEMP,['float'],"['time, depth']"
OS_ESTOC_201609_D_CTD-DO-FIX03-80m,TEMP_QC,['byte'],"['time, depth']"
OS_ESTOC_201610_D_ADCP_FixO3_100mUpward,CDIR,['float'],"['time, depth']"
OS_ESTOC_201610_D_ADCP_FixO3_100mUpward,CDIR_QC,['byte'],"['time, depth']"
OS_ESTOC_201610_D_ADCP_FixO3_100mUpward,CSPD,['float'],"['time, depth']"
OS_ESTOC_201610_D_ADCP_FixO3_100mUpward,CSPD_QC,['byte'],"['time, depth']"
OS_ESTOC_201610_D_ADCP_FixO3_80mUpward,CDIR,['float'],"['time, depth']"
OS_ESTOC_201610_D_ADCP_FixO3_80mUpward,CDIR_QC,['byte'],"['time, depth']"
OS_ESTOC_201610_D_ADCP_FixO3_80mUpward,CSPD,['float'],"['time, depth']"
OS_ESTOC_201610_D_ADCP_FixO3_80mUpward,CSPD_QC,['byte'],"['time, depth']"
OS_ESTOC_201610_D_Currentmeter_FixO3-150m,CDIR,['float'],"['time, depth']"
OS_ESTOC_201610_D_Currentmeter_FixO3-150m,CDIR_QC,['byte'],"['time, depth']"
OS_ESTOC_201610_D_Currentmeter_FixO3-150m,CSPD,['float'],"['time, depth']"
OS_ESTOC_201610_D_Currentmeter_FixO3-150m,CSPD_QC,['byte'],"['time, depth']"
OS_ESTOC_201610_D_Currentmeter_FixO3-150m,DEPTH_SENSOR,['float'],"['time, depth']"
OS_ESTOC_201610_D_Currentmeter_FixO3-150m,HEADING,['float'],"['time, depth']"
OS_ESTOC_201610_D_Currentmeter_FixO3-150m,PITCH,['float'],"['time, depth']"
OS_ESTOC_201610_D_Currentmeter_FixO3-150m,ROLL,['float'],"['time, depth']"
OS_ESTOC_201610_D_Currentmeter_FixO3-150m,TEMP,['float'],"['time, depth']"
OS_ESTOC_201610_D_Currentmeter_FixO3-150m,TEMP_QC,['byte'],"['time, depth']"
OS_ESTOC_201610_D_FLNTU_FixO3-140m,CPHL,['float'],"['time, depth']"
OS_ESTOC_201610_D_FLNTU_FixO3-140m,CPHL_QC,['byte'],"['time, depth']"
OS_ESTOC_201610_D_FLNTU_FixO3-140m,TURB,['float'],"['time, depth']"
OS_ESTOC_201610_D_FLNTU_FixO3-140m,TURB_QC,['byte'],"['time, depth']"
OS_ESTOC_2016_D_CTD_FixO3-1-surface,CNDC,['float'],"['time, depth']"
OS_ESTOC_2016_D_CTD_FixO3-1-surface,CNDC_QC,['byte'],"['time, depth']"
OS_ESTOC_2016_D_CTD_FixO3-1-surface,PSAL,['float'],"['time, depth']"
OS_ESTOC_2016_D_CTD_FixO3-1-surface,PSAL_QC,['byte'],"['time, depth']"
OS_ESTOC_2016_D_CTD_FixO3-1-surface,TEMP,['float'],"['time, depth']"
OS_ESTOC_2016_D_CTD_FixO3-1-surface,TEMP_QC,['byte'],"['time, depth']"
OS_ESTOC_2016_D_FLNTU_FixO3-surface,CPHL,['float'],"['time, depth']"
OS_ESTOC_2016_D_FLNTU_FixO3-surface,CPHL_QC,['byte'],"['time, depth']"
OS_ESTOC_2016_D_FLNTU_FixO3-surface,TURB,['float'],"['time, depth']"
OS_ESTOC_2016_D_FLNTU_FixO3-surface,TURB_QC,['byte'],"['time, depth']"
OS_ESTOC_2016_D_PCO2_FixO3-surface,PCO2,['float'],"['time, depth']"
OS_ESTOC_2016_D_PCO2_FixO3-surface,PCO2_QC,['byte'],"['time, depth']"
OS_ESTOC_2016_D_PCO2_FixO3-surface,PSAL,['float'],"['time, depth']"
OS_ESTOC_2016_D_PCO2_FixO3-surface,PSAL_QC,['byte'],"['time, depth']"
OS_ESTOC_2016_D_PCO2_FixO3-surface,TEMP,['float'],"['time, depth']"
OS_ESTOC_2016_D_PCO2_FixO3-surface,TEMP_QC,['byte'],"['time, depth']"
OS_ESTOC_2016_D_SST-PSAL-DOXI-DOXITEMP-CPHL-TURB_FixO3-surface,CPHL,['float'],"['time, depth']"
OS_ESTOC_2016_D_SST-PSAL-DOXI-DOXITEMP-CPHL-TURB_FixO3-surface,CPHL_QC,['byte'],"['time, depth']"
OS_ESTOC_2016_D_SST-PSAL-DOXI-DOXITEMP-CPHL-TURB_FixO3-surface,DOXY,['float'],"['time, depth']"
OS_ESTOC_2016_D_SST-PSAL-DOXI-DOXITEMP-CPHL-TURB_FixO3-surface,DOXY_QC,['byte'],"['time, depth']"
OS_ESTOC_2016_D_SST-PSAL-DOXI-DOXITEMP-CPHL-TURB_FixO3-surface,PSAL,['float'],"['time, depth']"
OS_ESTOC_2016_D_SST-PSAL-DOXI-DOXITEMP-CPHL-TURB_FixO3-surface,PSAL_QC,['byte'],"['time, depth']"
OS_ESTOC_2016_D_SST-PSAL-DOXI-DOXITEMP-CPHL-TURB_FixO3-surface,TEMP,['float'],"['time, depth']"
OS_ESTOC_2016_D_SST-PSAL-DOXI-DOXITEMP-CPHL-TURB_FixO3-surface,TEMP_QC,['byte'],"['time, depth']"
OS_ESTOC_2016_D_SST-PSAL-DOXI-DOXITEMP-CPHL-TURB_FixO3-surface,TURB,['float'],"['time, depth']"
OS_ESTOC_2016_D_SST-PSAL-DOXI-DOXITEMP-CPHL-TURB_FixO3-surface,TURB_QC,['byte'],"['time, depth']"
OS_ESTOC_2016_D_buoy-ocean-1,CPHL,['float'],"['time, depth']"
OS_ESTOC_2016_D_buoy-ocean-1,CPHL_QC,['byte'],"['time, depth']"
OS_ESTOC_2016_D_buoy-ocean-1,DOXY,['float'],"['time, depth']"
OS_ESTOC_2016_D_buoy-ocean-1,DOXY_QC,['byte'],"['time, depth']"
OS_ESTOC_2016_D_buoy-ocean-1,PCO2,['float'],"['time, depth']"
OS_ESTOC_2016_D_buoy-ocean-1,PCO2_QC,['byte'],"['time, depth']"
OS_ESTOC_2016_D_buoy-ocean-1,PHPH,['float'],"['time, depth']"
OS_ESTOC_2016_D_buoy-ocean-1,PHPH_QC,['byte'],"['time, depth']"
OS_ESTOC_2016_D_buoy-ocean-1,PSAL,['float'],"['time, depth']"
OS_ESTOC_2016_D_buoy-ocean-1,PSAL_QC,['byte'],"['time, depth']"
OS_ESTOC_2016_D_buoy-ocean-1,TEMP,['float'],"['time, depth']"
OS_ESTOC_2016_D_buoy-ocean-1,TEMP_QC,['byte'],"['time, depth']"
OS_ESTOC_2016_D_buoy-ocean-1,TURB,['float'],"['time, depth']"
OS_ESTOC_2016_D_buoy-ocean-1,TURB_QC,['byte'],"['time, depth']"
OS_ESTOC_2016_D_buoy-ocean-2,CPHL,['float'],"['time, depth']"
OS_ESTOC_2016_D_buoy-ocean-2,CPHL_QC,['byte'],"['time, depth']"
OS_ESTOC_2016_D_buoy-ocean-2,DOXY,['float'],"['time, depth']"
OS_ESTOC_2016_D_buoy-ocean-2,DOXY_QC,['byte'],"['time, depth']"
OS_ESTOC_2016_D_buoy-ocean-2,PSAL,['float'],"['time, depth']"
OS_ESTOC_2016_D_buoy-ocean-2,PSAL_QC,['byte'],"['time, depth']"
OS_ESTOC_2016_D_buoy-ocean-2,TEMP,['float'],"['time, depth']"
OS_ESTOC_2016_D_buoy-ocean-2,TEMP_QC,['byte'],"['time, depth']"
OS_ESTOC_2016_D_buoy-ocean-2,TURB,['float'],"['time, depth']"
OS_ESTOC_2016_D_buoy-ocean-2,TURB_QC,['byte'],"['time, depth']"
OS_ESTOC_201704_D_ADCP_FixO3_80mUpward,CDIR,['float'],"['time, depth']"
OS_ESTOC_201704_D_ADCP_FixO3_80mUpward,CDIR_QC,['byte'],"['time, depth']"
OS_ESTOC_201704_D_ADCP_FixO3_80mUpward,CSPD,['float'],"['time, depth']"
OS_ESTOC_201704_D_ADCP_FixO3_80mUpward,CSPD_QC,['byte'],"['time, depth']"
OS_ESTOC_201704_D_CTD-DO-FixO3-150m,CNDC,['float'],"['time, depth']"
OS_ESTOC_201704_D_CTD-DO-FixO3-150m,CNDC_QC,['byte'],"['time, depth']"
OS_ESTOC_201704_D_CTD-DO-FixO3-150m,DEPTH_SENSOR,['float'],"['time, depth']"
OS_ESTOC_201704_D_CTD-DO-FixO3-150m,DOXY,['float'],"['time, depth']"
OS_ESTOC_201704_D_CTD-DO-FixO3-150m,DOXY_QC,['byte'],"['time, depth']"
OS_ESTOC_201704_D_CTD-DO-FixO3-150m,PSAL,['float'],"['time, depth']"
OS_ESTOC_201704_D_CTD-DO-FixO3-150m,PSAL_QC,['byte'],"['time, depth']"
OS_ESTOC_201704_D_CTD-DO-FixO3-150m,TEMP,['float'],"['time, depth']"
OS_ESTOC_201704_D_CTD-DO-FixO3-150m,TEMP_QC,['byte'],"['time, depth']"
OS_ESTOC_201704_D_CTD-DO-FixO3-80m,CNDC,['float'],"['time, depth']"
OS_ESTOC_201704_D_CTD-DO-FixO3-80m,CNDC_QC,['byte'],"['time, depth']"
OS_ESTOC_201704_D_CTD-DO-FixO3-80m,DEPTH_SENSOR,['float'],"['time, depth']"
OS_ESTOC_201704_D_CTD-DO-FixO3-80m,DOXY,['float'],"['time, depth']"
OS_ESTOC_201704_D_CTD-DO-FixO3-80m,DOXY_QC,['byte'],"['time, depth']"
OS_ESTOC_201704_D_CTD-DO-FixO3-80m,PSAL,['float'],"['time, depth']"
OS_ESTOC_201704_D_CTD-DO-FixO3-80m,PSAL_QC,['byte'],"['time, depth']"
OS_ESTOC_201704_D_CTD-DO-FixO3-80m,TEMP,['float'],"['time, depth']"
OS_ESTOC_201704_D_CTD-DO-FixO3-80m,TEMP_QC,['byte'],"['time, depth']"
OS_ESTOC_201704_D_CTD-FixO3-1600m,CNDC,['float'],"['time, depth']"
OS_ESTOC_201704_D_CTD-FixO3-1600m,CNDC_QC,['byte'],"['time, depth']"
OS_ESTOC_201704_D_CTD-FixO3-1600m,DEPTH_SENSOR,['float'],"['time, depth']"
OS_ESTOC_201704_D_CTD-FixO3-1600m,PSAL,['float'],"['time, depth']"
OS_ESTOC_201704_D_CTD-FixO3-1600m,PSAL_QC,['byte'],"['time, depth']"
OS_ESTOC_201704_D_CTD-FixO3-1600m,TEMP,['float'],"['time, depth']"
OS_ESTOC_201704_D_CTD-FixO3-1600m,TEMP_QC,['byte'],"['time, depth']"
OS_ESTOC_201704_D_Currentmeter_FixO3-150m,CDIR,['float'],"['time, depth']"
OS_ESTOC_201704_D_Currentmeter_FixO3-150m,CDIR_QC,['byte'],"['time, depth']"
OS_ESTOC_201704_D_Currentmeter_FixO3-150m,CSPD,['float'],"['time, depth']"
OS_ESTOC_201704_D_Currentmeter_FixO3-150m,CSPD_QC,['byte'],"['time, depth']"
OS_ESTOC_201704_D_Currentmeter_FixO3-150m,DEPTH_SENSOR,['float'],"['time, depth']"
OS_ESTOC_201704_D_Currentmeter_FixO3-150m,HEADING,['float'],"['time, depth']"
OS_ESTOC_201704_D_Currentmeter_FixO3-150m,PITCH,['float'],"['time, depth']"
OS_ESTOC_201704_D_Currentmeter_FixO3-150m,ROLL,['float'],"['time, depth']"
OS_ESTOC_201704_D_Currentmeter_FixO3-150m,TEMP,['float'],"['time, depth']"
OS_ESTOC_201704_D_Currentmeter_FixO3-150m,TEMP_QC,['byte'],"['time, depth']"
OS_ESTOC_201704_D_PCO2_FixO3-surface,PCO2,['float'],"['time, depth']"
OS_ESTOC_201704_D_PCO2_FixO3-surface,PCO2_QC,['byte'],"['time, depth']"
OS_ESTOC_201704_D_PCO2_FixO3-surface,PSAL,['float'],"['time, depth']"
OS_ESTOC_201704_D_PCO2_FixO3-surface,PSAL_QC,['byte'],"['time, depth']"
OS_ESTOC_201704_D_PCO2_FixO3-surface,TEMP,['float'],"['time, depth']"
OS_ESTOC_201704_D_PCO2_FixO3-surface,TEMP_QC,['byte'],"['time, depth']"
OS_ESTOC_201704_D_pH_FixO3-surface,PHPH,['float'],"['time, depth']"
OS_ESTOC_201704_D_pH_FixO3-surface,PHPH_QC,['byte'],"['time, depth']"
OS_ESTOC_201704_D_pH_FixO3-surface,PSAL,['float'],"['time, depth']"
OS_ESTOC_201704_D_pH_FixO3-surface,PSAL_QC,['byte'],"['time, depth']"
OS_ESTOC_201704_D_pH_FixO3-surface,TEMP,['float'],"['time, depth']"
OS_ESTOC_201704_D_pH_FixO3-surface,TEMP_QC,['byte'],"['time, depth']"
OS_ESTOC_201709_D_pCO2_FixO3-surface,PCO2,['float'],"['time, depth']"
OS_ESTOC_201709_D_pCO2_FixO3-surface,PCO2_QC,['byte'],"['time, depth']"
OS_ESTOC_201709_D_pCO2_FixO3-surface,PSAL,['float'],"['time, depth']"
OS_ESTOC_201709_D_pCO2_FixO3-surface,PSAL_QC,['byte'],"['time, depth']"
OS_ESTOC_201709_D_pCO2_FixO3-surface,TEMP,['float'],"['time, depth']"
OS_ESTOC_201709_D_pCO2_FixO3-surface,TEMP_QC,['byte'],"['time, depth']"
OS_ESTOC_2017_D_CTD_FixO3-1-surface,CNDC,['float'],"['time, depth']"
OS_ESTOC_2017_D_CTD_FixO3-1-surface,CNDC_QC,['byte'],"['time, depth']"
OS_ESTOC_2017_D_CTD_FixO3-1-surface,PSAL,['float'],"['time, depth']"
OS_ESTOC_2017_D_CTD_FixO3-1-surface,PSAL_QC,['byte'],"['time, depth']"
OS_ESTOC_2017_D_CTD_FixO3-1-surface,TEMP,['float'],"['time, depth']"
OS_ESTOC_2017_D_CTD_FixO3-1-surface,TEMP_QC,['byte'],"['time, depth']"
OS_ESTOC_2017_D_CTD_FixO3-2-surface,CNDC,['float'],"['time, depth']"
OS_ESTOC_2017_D_CTD_FixO3-2-surface,CNDC_QC,['byte'],"['time, depth']"
OS_ESTOC_2017_D_CTD_FixO3-2-surface,PSAL,['float'],"['time, depth']"
OS_ESTOC_2017_D_CTD_FixO3-2-surface,PSAL_QC,['byte'],"['time, depth']"
OS_ESTOC_2017_D_CTD_FixO3-2-surface,TEMP,['float'],"['time, depth']"
OS_ESTOC_2017_D_CTD_FixO3-2-surface,TEMP_QC,['byte'],"['time, depth']"
OS_ESTOC_2017_D_FLNTU_FixO3-surface,CPHL,['float'],"['time, depth']"
OS_ESTOC_2017_D_FLNTU_FixO3-surface,CPHL_QC,['byte'],"['time, depth']"
OS_ESTOC_2017_D_FLNTU_FixO3-surface,TURB,['float'],"['time, depth']"
OS_ESTOC_2017_D_FLNTU_FixO3-surface,TURB_QC,['byte'],"['time, depth']"
OS_ESTOC_2017_D_SST-PSAL-DOXI-DOXITEMP-CPHL-TURB_FixO3-surface,CPHL,['float'],"['time, depth']"
OS_ESTOC_2017_D_SST-PSAL-DOXI-DOXITEMP-CPHL-TURB_FixO3-surface,CPHL_QC,['byte'],"['time, depth']"
OS_ESTOC_2017_D_SST-PSAL-DOXI-DOXITEMP-CPHL-TURB_FixO3-surface,DOXY,['float'],"['time, depth']"
OS_ESTOC_2017_D_SST-PSAL-DOXI-DOXITEMP-CPHL-TURB_FixO3-surface,DOXY_QC,['byte'],"['time, depth']"
OS_ESTOC_2017_D_SST-PSAL-DOXI-DOXITEMP-CPHL-TURB_FixO3-surface,PSAL,['float'],"['time, depth']"
OS_ESTOC_2017_D_SST-PSAL-DOXI-DOXITEMP-CPHL-TURB_FixO3-surface,PSAL_QC,['byte'],"['time, depth']"
OS_ESTOC_2017_D_SST-PSAL-DOXI-DOXITEMP-CPHL-TURB_FixO3-surface,TEMP,['float'],"['time, depth']"
OS_ESTOC_2017_D_SST-PSAL-DOXI-DOXITEMP-CPHL-TURB_FixO3-surface,TEMP_DOXY,['float'],"['time, depth']"
OS_ESTOC_2017_D_SST-PSAL-DOXI-DOXITEMP-CPHL-TURB_FixO3-surface,TEMP_DOXY_QC,['byte'],"['time, depth']"
OS_ESTOC_2017_D_SST-PSAL-DOXI-DOXITEMP-CPHL-TURB_FixO3-surface,TEMP_QC,['byte'],"['time, depth']"
OS_ESTOC_2017_D_SST-PSAL-DOXI-DOXITEMP-CPHL-TURB_FixO3-surface,TURB,['float'],"['time, depth']"
OS_ESTOC_2017_D_SST-PSAL-DOXI-DOXITEMP-CPHL-TURB_FixO3-surface,TURB_QC,['byte'],"['time, depth']"
OS_ESTOC_2017_D_buoy-ocean-1,CPHL,['float'],"['time, depth']"
OS_ESTOC_2017_D_buoy-ocean-1,CPHL_QC,['byte'],"['time, depth']"
OS_ESTOC_2017_D_buoy-ocean-1,DOXY,['float'],"['time, depth']"
OS_ESTOC_2017_D_buoy-ocean-1,DOXY_QC,['byte'],"['time, depth']"
OS_ESTOC_2017_D_buoy-ocean-1,PCO2,['float'],"['time, depth']"
OS_ESTOC_2017_D_buoy-ocean-1,PCO2_QC,['byte'],"['time, depth']"
OS_ESTOC_2017_D_buoy-ocean-1,PHPH,['float'],"['time, depth']"
OS_ESTOC_2017_D_buoy-ocean-1,PHPH_QC,['byte'],"['time, depth']"
OS_ESTOC_2017_D_buoy-ocean-1,PSAL,['float'],"['time, depth']"
OS_ESTOC_2017_D_buoy-ocean-1,PSAL_QC,['byte'],"['time, depth']"
OS_ESTOC_2017_D_buoy-ocean-1,TEMP,['float'],"['time, depth']"
OS_ESTOC_2017_D_buoy-ocean-1,TEMP_QC,['byte'],"['time, depth']"
OS_ESTOC_2017_D_buoy-ocean-1,TURB,['float'],"['time, depth']"
OS_ESTOC_2017_D_buoy-ocean-1,TURB_QC,['byte'],"['time, depth']"
OS_ESTOC_2017_D_buoy-ocean-2,CPHL,['float'],"['time, depth']"
OS_ESTOC_2017_D_buoy-ocean-2,CPHL_QC,['byte'],"['time, depth']"
OS_ESTOC_2017_D_buoy-ocean-2,DOXY,['float'],"['time, depth']"
OS_ESTOC_2017_D_buoy-ocean-2,DOXY_QC,['byte'],"['time, depth']"
OS_ESTOC_2017_D_buoy-ocean-2,PSAL,['float'],"['time, depth']"
OS_ESTOC_2017_D_buoy-ocean-2,PSAL_QC,['byte'],"['time, depth']"
OS_ESTOC_2017_D_buoy-ocean-2,TEMP,['float'],"['time, depth']"
OS_ESTOC_2017_D_buoy-ocean-2,TEMP_QC,['byte'],"['time, depth']"
OS_ESTOC_2017_D_buoy-ocean-2,TURB,['float'],"['time, depth']"
OS_ESTOC_2017_D_buoy-ocean-2,TURB_QC,['byte'],"['time, depth']"
OS_ESTOC_201805_D_ADCP_FixO3_1mdownward,CDIR,['float'],"['time, depth']"
OS_ESTOC_201805_D_ADCP_FixO3_1mdownward,CDIR_QC,['byte'],"['time, depth']"
OS_ESTOC_201805_D_ADCP_FixO3_1mdownward,CSPD,['float'],"['time, depth']"
OS_ESTOC_201805_D_ADCP_FixO3_1mdownward,CSPD_QC,['byte'],"['time, depth']"
OS_ESTOC_201805_D_ADCP_FixO3_80mUpward,CDIR,['float'],"['time, depth']"
OS_ESTOC_201805_D_ADCP_FixO3_80mUpward,CDIR_QC,['byte'],"['time, depth']"
OS_ESTOC_201805_D_ADCP_FixO3_80mUpward,CSPD,['float'],"['time, depth']"
OS_ESTOC_201805_D_ADCP_FixO3_80mUpward,CSPD_QC,['byte'],"['time, depth']"
OS_ESTOC_201805_D_CTD-DO-EMSO-150m,CNDC,['float'],"['time, depth']"
OS_ESTOC_201805_D_CTD-DO-EMSO-150m,CNDC_QC,['byte'],"['time, depth']"
OS_ESTOC_201805_D_CTD-DO-EMSO-150m,DEPTH_SENSOR,['float'],"['time, depth']"
OS_ESTOC_201805_D_CTD-DO-EMSO-150m,DOXY,['float'],"['time, depth']"
OS_ESTOC_201805_D_CTD-DO-EMSO-150m,DOXY_QC,['byte'],"['time, depth']"
OS_ESTOC_201805_D_CTD-DO-EMSO-150m,PSAL,['float'],"['time, depth']"
OS_ESTOC_201805_D_CTD-DO-EMSO-150m,PSAL_QC,['byte'],"['time, depth']"
OS_ESTOC_201805_D_CTD-DO-EMSO-150m,TEMP,['float'],"['time, depth']"
OS_ESTOC_201805_D_CTD-DO-EMSO-150m,TEMP_QC,['byte'],"['time, depth']"
OS_ESTOC_201805_D_CTD-DO_FixO3-150m,CNDC,['float'],"['time, depth']"
OS_ESTOC_201805_D_CTD-DO_FixO3-150m,CNDC_QC,['byte'],"['time, depth']"
OS_ESTOC_201805_D_CTD-DO_FixO3-150m,DEPTH_SENSOR,['float'],"['time, depth']"
OS_ESTOC_201805_D_CTD-DO_FixO3-150m,DOXY,['float'],"['time, depth']"
OS_ESTOC_201805_D_CTD-DO_FixO3-150m,DOXY_QC,['byte'],"['time, depth']"
OS_ESTOC_201805_D_CTD-DO_FixO3-150m,PSAL,['float'],"['time, depth']"
OS_ESTOC_201805_D_CTD-DO_FixO3-150m,PSAL_QC,['byte'],"['time, depth']"
OS_ESTOC_201805_D_CTD-DO_FixO3-150m,TEMP,['float'],"['time, depth']"
OS_ESTOC_201805_D_CTD-DO_FixO3-150m,TEMP_QC,['byte'],"['time, depth']"
OS_ESTOC_201805_D_CTD-FixO3-1600m,CNDC,['float'],"['time, depth']"
OS_ESTOC_201805_D_CTD-FixO3-1600m,CNDC_QC,['byte'],"['time, depth']"
OS_ESTOC_201805_D_CTD-FixO3-1600m,PSAL,['float'],"['time, depth']"
OS_ESTOC_201805_D_CTD-FixO3-1600m,PSAL_QC,['byte'],"['time, depth']"
OS_ESTOC_201805_D_CTD-FixO3-1600m,TEMP,['float'],"['time, depth']"
OS_ESTOC_201805_D_CTD-FixO3-1600m,TEMP_QC,['byte'],"['time, depth']"
OS_ESTOC_201805_D_Currentmeter_FixO3-150m,HEADING,['float'],['time']
OS_ESTOC_2018_D_SST-PSAL-DOXI-DOXITEMP-CPHL-TURB_EMSO-surface,CPHL,['float'],"['time, depth']"
OS_ESTOC_2018_D_SST-PSAL-DOXI-DOXITEMP-CPHL-TURB_EMSO-surface,CPHL_QC,['byte'],"['time, depth']"
OS_ESTOC_2018_D_SST-PSAL-DOXI-DOXITEMP-CPHL-TURB_EMSO-surface,DOXY,['float'],"['time, depth']"
OS_ESTOC_2018_D_SST-PSAL-DOXI-DOXITEMP-CPHL-TURB_EMSO-surface,DOXY_QC,['byte'],"['time, depth']"
OS_ESTOC_2018_D_SST-PSAL-DOXI-DOXITEMP-CPHL-TURB_EMSO-surface,PSAL,['float'],"['time, depth']"
OS_ESTOC_2018_D_SST-PSAL-DOXI-DOXITEMP-CPHL-TURB_EMSO-surface,PSAL_QC,['byte'],"['time, depth']"
OS_ESTOC_2018_D_SST-PSAL-DOXI-DOXITEMP-CPHL-TURB_EMSO-surface,TEMP,['float'],"['time, depth']"
OS_ESTOC_2018_D_SST-PSAL-DOXI-DOXITEMP-CPHL-TURB_EMSO-surface,TEMP_DOXY,['float'],"['time, depth']"
OS_ESTOC_2018_D_SST-PSAL-DOXI-DOXITEMP-CPHL-TURB_EMSO-surface,TEMP_DOXY_QC,['byte'],"['time, depth']"
OS_ESTOC_2018_D_SST-PSAL-DOXI-DOXITEMP-CPHL-TURB_EMSO-surface,TEMP_QC,['byte'],"['time, depth']"
OS_ESTOC_2018_D_SST-PSAL-DOXI-DOXITEMP-CPHL-TURB_EMSO-surface,TURB,['float'],"['time, depth']"
OS_ESTOC_2018_D_SST-PSAL-DOXI-DOXITEMP-CPHL-TURB_EMSO-surface,TURB_QC,['byte'],"['time, depth']"
OS_ESTOC_2018_D_pCO2_EMSO-surface,PCO2,['float'],"['time, depth']"
OS_ESTOC_2018_D_pCO2_EMSO-surface,PCO2_QC,['byte'],"['time, depth']"
OS_ESTOC_2018_D_pCO2_EMSO-surface,PSAL,['float'],"['time, depth']"
OS_ESTOC_2018_D_pCO2_EMSO-surface,PSAL_QC,['byte'],"['time, depth']"
OS_ESTOC_2018_D_pCO2_EMSO-surface,TEMP,['float'],"['time, depth']"
OS_ESTOC_2018_D_pCO2_EMSO-surface,TEMP_QC,['byte'],"['time, depth']"
OS_ESTOC_2018_D_pH_EMSO-surface,PHPH,['float'],"['time, depth']"
OS_ESTOC_2018_D_pH_EMSO-surface,PHPH_QC,['byte'],"['time, depth']"
OS_ESTOC_2018_D_pH_EMSO-surface,PSAL,['float'],"['time, depth']"
OS_ESTOC_2018_D_pH_EMSO-surface,PSAL_QC,['byte'],"['time, depth']"
OS_ESTOC_2018_D_pH_EMSO-surface,TEMP,['float'],"['time, depth']"
OS_ESTOC_2018_D_pH_EMSO-surface,TEMP_QC,['byte'],"['time, depth']"
OS_ESTOC_201902_D_ADCP_EMSO_80mUpward,CDIR,['float'],"['time, depth']"
OS_ESTOC_201902_D_ADCP_EMSO_80mUpward,CDIR_QC,['byte'],"['time, depth']"
OS_ESTOC_201902_D_ADCP_EMSO_80mUpward,CSPD,['float'],"['time, depth']"
OS_ESTOC_201902_D_ADCP_EMSO_80mUpward,CSPD_QC,['byte'],"['time, depth']"
OS_ESTOC_201902_D_CTD-DO-EMSO-150m,CNDC,['float'],"['time, depth']"
OS_ESTOC_201902_D_CTD-DO-EMSO-150m,CNDC_QC,['byte'],"['time, depth']"
OS_ESTOC_201902_D_CTD-DO-EMSO-150m,DEPTH_SENSOR,['float'],"['time, depth']"
OS_ESTOC_201902_D_CTD-DO-EMSO-150m,DOXY,['float'],"['time, depth']"
OS_ESTOC_201902_D_CTD-DO-EMSO-150m,DOXY_QC,['byte'],"['time, depth']"
OS_ESTOC_201902_D_CTD-DO-EMSO-150m,PSAL,['float'],"['time, depth']"
OS_ESTOC_201902_D_CTD-DO-EMSO-150m,PSAL_QC,['byte'],"['time, depth']"
OS_ESTOC_201902_D_CTD-DO-EMSO-150m,TEMP,['float'],"['time, depth']"
OS_ESTOC_201902_D_CTD-DO-EMSO-150m,TEMP_QC,['byte'],"['time, depth']"
OS_ESTOC_201902_D_CTD-DO-EMSO-80m,CNDC,['float'],"['time, depth']"
OS_ESTOC_201902_D_CTD-DO-EMSO-80m,CNDC_QC,['byte'],"['time, depth']"
OS_ESTOC_201902_D_CTD-DO-EMSO-80m,DEPTH_SENSOR,['float'],"['time, depth']"
OS_ESTOC_201902_D_CTD-DO-EMSO-80m,DOXY,['float'],"['time, depth']"
OS_ESTOC_201902_D_CTD-DO-EMSO-80m,DOXY_QC,['byte'],"['time, depth']"
OS_ESTOC_201902_D_CTD-DO-EMSO-80m,PSAL,['float'],"['time, depth']"
OS_ESTOC_201902_D_CTD-DO-EMSO-80m,PSAL_QC,['byte'],"['time, depth']"
OS_ESTOC_201902_D_CTD-DO-EMSO-80m,TEMP,['float'],"['time, depth']"
OS_ESTOC_201902_D_CTD-DO-EMSO-80m,TEMP_QC,['byte'],"['time, depth']"
OS_ESTOC_201902_D_Currentmeter_EMSO_150m,CDIR,['float'],"['time, depth']"
OS_ESTOC_201902_D_Currentmeter_EMSO_150m,CDIR_QC,['byte'],"['time, depth']"
OS_ESTOC_201902_D_Currentmeter_EMSO_150m,CSPD,['float'],"['time, depth']"
OS_ESTOC_201902_D_Currentmeter_EMSO_150m,CSPD_QC,['byte'],"['time, depth']"
OS_ESTOC_201902_D_Currentmeter_EMSO_150m,DEPTH_SENSOR,['float'],"['time, depth']"
OS_ESTOC_201902_D_Currentmeter_EMSO_150m,HEADING,['float'],"['time, depth']"
OS_ESTOC_201902_D_Currentmeter_EMSO_150m,PITCH,['float'],"['time, depth']"
OS_ESTOC_201902_D_Currentmeter_EMSO_150m,ROLL,['float'],"['time, depth']"
OS_ESTOC_201902_D_Currentmeter_EMSO_150m,TEMP,['float'],"['time, depth']"
OS_ESTOC_201902_D_Currentmeter_EMSO_150m,TEMP_QC,['byte'],"['time, depth']"
OS_ESTOC_2019_D_EMSO-1-surface,CNDC,['float'],"['time, depth']"
OS_ESTOC_2019_D_EMSO-1-surface,CNDC_QC,['byte'],"['time, depth']"
OS_ESTOC_2019_D_EMSO-1-surface,PSAL,['float'],"['time, depth']"
OS_ESTOC_2019_D_EMSO-1-surface,PSAL_QC,['byte'],"['time, depth']"
OS_ESTOC_2019_D_EMSO-1-surface,TEMP,['float'],"['time, depth']"
OS_ESTOC_2019_D_EMSO-1-surface,TEMP_QC,['byte'],"['time, depth']"
OS_ESTOC_2019_D_EMSO-2-surface,CNDC,['float'],"['time, depth']"
OS_ESTOC_2019_D_EMSO-2-surface,CNDC_QC,['byte'],"['time, depth']"
OS_ESTOC_2019_D_EMSO-2-surface,PSAL,['float'],"['time, depth']"
OS_ESTOC_2019_D_EMSO-2-surface,PSAL_QC,['byte'],"['time, depth']"
OS_ESTOC_2019_D_EMSO-2-surface,TEMP,['float'],"['time, depth']"
OS_ESTOC_2019_D_EMSO-2-surface,TEMP_QC,['byte'],"['time, depth']"
OS_ESTOC_2019_D_EMSO_SST-PSAL-DOXI-DOXITEMP-CPHL-TURB_surface,CPHL,['float'],"['time, depth']"
OS_ESTOC_2019_D_EMSO_SST-PSAL-DOXI-DOXITEMP-CPHL-TURB_surface,CPHL_QC,['byte'],"['time, depth']"
OS_ESTOC_2019_D_EMSO_SST-PSAL-DOXI-DOXITEMP-CPHL-TURB_surface,DOXY,['float'],"['time, depth']"
OS_ESTOC_2019_D_EMSO_SST-PSAL-DOXI-DOXITEMP-CPHL-TURB_surface,DOXY_QC,['byte'],"['time, depth']"
OS_ESTOC_2019_D_EMSO_SST-PSAL-DOXI-DOXITEMP-CPHL-TURB_surface,PSAL,['float'],"['time, depth']"
OS_ESTOC_2019_D_EMSO_SST-PSAL-DOXI-DOXITEMP-CPHL-TURB_surface,PSAL_QC,['byte'],"['time, depth']"
OS_ESTOC_2019_D_EMSO_SST-PSAL-DOXI-DOXITEMP-CPHL-TURB_surface,TEMP,['float'],"['time, depth']"
OS_ESTOC_2019_D_EMSO_SST-PSAL-DOXI-DOXITEMP-CPHL-TURB_surface,TEMP_DOXY,['float'],"['time, depth']"
OS_ESTOC_2019_D_EMSO_SST-PSAL-DOXI-DOXITEMP-CPHL-TURB_surface,TEMP_DOXY_QC,['byte'],"['time, depth']"
OS_ESTOC_2019_D_EMSO_SST-PSAL-DOXI-DOXITEMP-CPHL-TURB_surface,TEMP_QC,['byte'],"['time, depth']"
OS_ESTOC_2019_D_EMSO_SST-PSAL-DOXI-DOXITEMP-CPHL-TURB_surface,TURB,['float'],"['time, depth']"
OS_ESTOC_2019_D_EMSO_SST-PSAL-DOXI-DOXITEMP-CPHL-TURB_surface,TURB_QC,['byte'],"['time, depth']"
OS_ESTOC_2019_D_pH_EMSO-surface,PHPH,['float'],"['time, depth']"
OS_ESTOC_2019_D_pH_EMSO-surface,PHPH_QC,['byte'],"['time, depth']"
OS_ESTOC_2019_D_pH_EMSO-surface,PSAL,['float'],"['time, depth']"
OS_ESTOC_2019_D_pH_EMSO-surface,PSAL_QC,['byte'],"['time, depth']"
OS_ESTOC_2019_D_pH_EMSO-surface,TEMP,['float'],"['time, depth']"
OS_ESTOC_2019_D_pH_EMSO-surface,TEMP_QC,['byte'],"['time, depth']"
OS_ESTOC_PLOCAN_2003-2008_D_ANIMATE-MERSEA,AIRT,['float'],"['time, depth']"
OS_ESTOC_PLOCAN_2003-2008_D_ANIMATE-MERSEA,AIRT_QC,['byte'],"['time, depth']"
OS_ESTOC_PLOCAN_2003-2008_D_ANIMATE-MERSEA,ATMP,['float'],"['time, depth']"
OS_ESTOC_PLOCAN_2003-2008_D_ANIMATE-MERSEA,ATMP_QC,['byte'],"['time, depth']"
OS_ESTOC_PLOCAN_2003-2008_D_ANIMATE-MERSEA,RELH,['float'],"['time, depth']"
OS_ESTOC_PLOCAN_2003-2008_D_ANIMATE-MERSEA,RELH_QC,['byte'],"['time, depth']"
Pylos_20071109_20080227,ATMS,['float'],[nan]
Pylos_20071109_20080227,ATMS_QC,['byte'],[nan]
Pylos_20071109_20080227,DEPTH_QC,['byte'],[nan]
Pylos_20071109_20080227,DRYT,['float'],[nan]
Pylos_20071109_20080227,DRYT_QC,['byte'],[nan]
Pylos_20071109_20080227,GPS_POSITION_QC,['byte'],[nan]
Pylos_20071109_20080227,GSPD,['float'],[nan]
Pylos_20071109_20080227,GSPD_QC,['byte'],[nan]
Pylos_20071109_20080227,HCDT,['float'],[nan]
Pylos_20071109_20080227,HCDT_QC,['byte'],[nan]
Pylos_20071109_20080227,HCSP,['float'],[nan]
Pylos_20071109_20080227,HCSP_QC,['byte'],[nan]
Pylos_20071109_20080227,POSITION_QC,['byte'],[nan]
Pylos_20071109_20080227,PRES,['float'],[nan]
Pylos_20071109_20080227,PRES_QC,['byte'],[nan]
Pylos_20071109_20080227,PSAL,['float'],[nan]
Pylos_20071109_20080227,PSAL_QC,['byte'],[nan]
Pylos_20071109_20080227,TEMP,['float'],[nan]
Pylos_20071109_20080227,TEMP_QC,['byte'],[nan]
Pylos_20071109_20080227,TIME_QC,['byte'],[nan]
Pylos_20071109_20080227,VHM0,['float'],[nan]
Pylos_20071109_20080227,VHM0_QC,['byte'],[nan]
Pylos_20071109_20080227,VMDR,['float'],[nan]
Pylos_20071109_20080227,VMDR_QC,['byte'],[nan]
Pylos_20071109_20080227,VTM02,['float'],[nan]
Pylos_20071109_20080227,VTM02_QC,['byte'],[nan]
Pylos_20071109_20080227,VTPK,['float'],[nan]
Pylos_20071109_20080227,VTPK_QC,['byte'],[nan]
Pylos_20071109_20080227,VZMX,['float'],[nan]
Pylos_20071109_20080227,VZMX_QC,['byte'],[nan]
Pylos_20071109_20080227,WDIR,['float'],[nan]
Pylos_20071109_20080227,WDIR_QC,['byte'],[nan]
Pylos_20071109_20080227,WSPD,['float'],[nan]
Pylos_20071109_20080227,WSPD_QC,['byte'],[nan]
Pylos_20071109_20080227,depth,['float'],[nan]
Pylos_20071109_20080227,latitude,['float'],[nan]
Pylos_20071109_20080227,longitude,['float'],[nan]
Pylos_20071109_20080227,preciseLat,['float'],[nan]
Pylos_20071109_20080227,preciseLon,['float'],[nan]
Pylos_20071109_20080227,station_name,['char'],[nan]
Pylos_20071109_20080227,time,['double'],[nan]
Pylos_20080228_20081109,ATMS,['float'],[nan]
Pylos_20080228_20081109,ATMS_QC,['byte'],[nan]
Pylos_20080228_20081109,DEPTH_QC,['byte'],[nan]
Pylos_20080228_20081109,DRYT,['float'],[nan]
Pylos_20080228_20081109,DRYT_QC,['byte'],[nan]
Pylos_20080228_20081109,GPS_POSITION_QC,['byte'],[nan]
Pylos_20080228_20081109,GSPD,['float'],[nan]
Pylos_20080228_20081109,GSPD_QC,['byte'],[nan]
Pylos_20080228_20081109,HCDT,['float'],[nan]
Pylos_20080228_20081109,HCDT_QC,['byte'],[nan]
Pylos_20080228_20081109,HCSP,['float'],[nan]
Pylos_20080228_20081109,HCSP_QC,['byte'],[nan]
Pylos_20080228_20081109,POSITION_QC,['byte'],[nan]
Pylos_20080228_20081109,PRES,['float'],[nan]
Pylos_20080228_20081109,PRES_QC,['byte'],[nan]
Pylos_20080228_20081109,PSAL,['float'],[nan]
Pylos_20080228_20081109,PSAL_QC,['byte'],[nan]
Pylos_20080228_20081109,TEMP,['float'],[nan]
Pylos_20080228_20081109,TEMP_QC,['byte'],[nan]
Pylos_20080228_20081109,TIME_QC,['byte'],[nan]
Pylos_20080228_20081109,VHM0,['float'],[nan]
Pylos_20080228_20081109,VHM0_QC,['byte'],[nan]
Pylos_20080228_20081109,VMDR,['float'],[nan]
Pylos_20080228_20081109,VMDR_QC,['byte'],[nan]
Pylos_20080228_20081109,VTM02,['float'],[nan]
Pylos_20080228_20081109,VTM02_QC,['byte'],[nan]
Pylos_20080228_20081109,VTPK,['float'],[nan]
Pylos_20080228_20081109,VTPK_QC,['byte'],[nan]
Pylos_20080228_20081109,VZMX,['float'],[nan]
Pylos_20080228_20081109,VZMX_QC,['byte'],[nan]
Pylos_20080228_20081109,WDIR,['float'],[nan]
Pylos_20080228_20081109,WDIR_QC,['byte'],[nan]
Pylos_20080228_20081109,WSPD,['float'],[nan]
Pylos_20080228_20081109,WSPD_QC,['byte'],[nan]
Pylos_20080228_20081109,depth,['float'],[nan]
Pylos_20080228_20081109,latitude,['float'],[nan]
Pylos_20080228_20081109,longitude,['float'],[nan]
Pylos_20080228_20081109,preciseLat,['float'],[nan]
Pylos_20080228_20081109,preciseLon,['float'],[nan]
Pylos_20080228_20081109,station_name,['char'],[nan]
Pylos_20080228_20081109,time,['double'],[nan]
Pylos_20081110_20090303,ATMS,['float'],[nan]
Pylos_20081110_20090303,ATMS_QC,['byte'],[nan]
Pylos_20081110_20090303,DEPTH_QC,['byte'],[nan]
Pylos_20081110_20090303,DRYT,['float'],[nan]
Pylos_20081110_20090303,DRYT_QC,['byte'],[nan]
Pylos_20081110_20090303,GPS_POSITION_QC,['byte'],[nan]
Pylos_20081110_20090303,GSPD,['float'],[nan]
Pylos_20081110_20090303,GSPD_QC,['byte'],[nan]
Pylos_20081110_20090303,HCDT,['float'],[nan]
Pylos_20081110_20090303,HCDT_QC,['byte'],[nan]
Pylos_20081110_20090303,HCSP,['float'],[nan]
Pylos_20081110_20090303,HCSP_QC,['byte'],[nan]
Pylos_20081110_20090303,POSITION_QC,['byte'],[nan]
Pylos_20081110_20090303,PRES,['float'],[nan]
Pylos_20081110_20090303,PRES_QC,['byte'],[nan]
Pylos_20081110_20090303,PSAL,['float'],[nan]
Pylos_20081110_20090303,PSAL_QC,['byte'],[nan]
Pylos_20081110_20090303,TEMP,['float'],[nan]
Pylos_20081110_20090303,TEMP_QC,['byte'],[nan]
Pylos_20081110_20090303,TIME_QC,['byte'],[nan]
Pylos_20081110_20090303,VHM0,['float'],[nan]
Pylos_20081110_20090303,VHM0_QC,['byte'],[nan]
Pylos_20081110_20090303,VMDR,['float'],[nan]
Pylos_20081110_20090303,VMDR_QC,['byte'],[nan]
Pylos_20081110_20090303,VTM02,['float'],[nan]
Pylos_20081110_20090303,VTM02_QC,['byte'],[nan]
Pylos_20081110_20090303,VTPK,['float'],[nan]
Pylos_20081110_20090303,VTPK_QC,['byte'],[nan]
Pylos_20081110_20090303,VZMX,['float'],[nan]
Pylos_20081110_20090303,VZMX_QC,['byte'],[nan]
Pylos_20081110_20090303,WDIR,['float'],[nan]
Pylos_20081110_20090303,WDIR_QC,['byte'],[nan]
Pylos_20081110_20090303,WSPD,['float'],[nan]
Pylos_20081110_20090303,WSPD_QC,['byte'],[nan]
Pylos_20081110_20090303,depth,['float'],[nan]
Pylos_20081110_20090303,latitude,['float'],[nan]
Pylos_20081110_20090303,longitude,['float'],[nan]
Pylos_20081110_20090303,preciseLat,['float'],[nan]
Pylos_20081110_20090303,preciseLon,['float'],[nan]
Pylos_20081110_20090303,station_name,['char'],[nan]
Pylos_20081110_20090303,time,['double'],[nan]
Pylos_20090304_20091128,ATMS,['float'],[nan]
Pylos_20090304_20091128,ATMS_QC,['byte'],[nan]
Pylos_20090304_20091128,DEPTH_QC,['byte'],[nan]
Pylos_20090304_20091128,DRYT,['float'],[nan]
Pylos_20090304_20091128,DRYT_QC,['byte'],[nan]
Pylos_20090304_20091128,GPS_POSITION_QC,['byte'],[nan]
Pylos_20090304_20091128,GSPD,['float'],[nan]
Pylos_20090304_20091128,GSPD_QC,['byte'],[nan]
Pylos_20090304_20091128,HCDT,['float'],[nan]
Pylos_20090304_20091128,HCDT_QC,['byte'],[nan]
Pylos_20090304_20091128,HCSP,['float'],[nan]
Pylos_20090304_20091128,HCSP_QC,['byte'],[nan]
Pylos_20090304_20091128,POSITION_QC,['byte'],[nan]
Pylos_20090304_20091128,PRES,['float'],[nan]
Pylos_20090304_20091128,PRES_QC,['byte'],[nan]
Pylos_20090304_20091128,PSAL,['float'],[nan]
Pylos_20090304_20091128,PSAL_QC,['byte'],[nan]
Pylos_20090304_20091128,TEMP,['float'],[nan]
Pylos_20090304_20091128,TEMP_QC,['byte'],[nan]
Pylos_20090304_20091128,TIME_QC,['byte'],[nan]
Pylos_20090304_20091128,VHM0,['float'],[nan]
Pylos_20090304_20091128,VHM0_QC,['byte'],[nan]
Pylos_20090304_20091128,VMDR,['float'],[nan]
Pylos_20090304_20091128,VMDR_QC,['byte'],[nan]
Pylos_20090304_20091128,VTM02,['float'],[nan]
Pylos_20090304_20091128,VTM02_QC,['byte'],[nan]
Pylos_20090304_20091128,VTPK,['float'],[nan]
Pylos_20090304_20091128,VTPK_QC,['byte'],[nan]
Pylos_20090304_20091128,VZMX,['float'],[nan]
Pylos_20090304_20091128,VZMX_QC,['byte'],[nan]
Pylos_20090304_20091128,WDIR,['float'],[nan]
Pylos_20090304_20091128,WDIR_QC,['byte'],[nan]
Pylos_20090304_20091128,WSPD,['float'],[nan]
Pylos_20090304_20091128,WSPD_QC,['byte'],[nan]
Pylos_20090304_20091128,depth,['float'],[nan]
Pylos_20090304_20091128,latitude,['float'],[nan]
Pylos_20090304_20091128,longitude,['float'],[nan]
Pylos_20090304_20091128,preciseLat,['float'],[nan]
Pylos_20090304_20091128,preciseLon,['float'],[nan]
Pylos_20090304_20091128,station_name,['char'],[nan]
Pylos_20090304_20091128,time,['double'],[nan]
Pylos_20091129_20100709,ATMS,['float'],[nan]
Pylos_20091129_20100709,ATMS_QC,['byte'],[nan]
Pylos_20091129_20100709,DEPTH_QC,['byte'],[nan]
Pylos_20091129_20100709,DRYT,['float'],[nan]
Pylos_20091129_20100709,DRYT_QC,['byte'],[nan]
Pylos_20091129_20100709,GPS_POSITION_QC,['byte'],[nan]
Pylos_20091129_20100709,GSPD,['float'],[nan]
Pylos_20091129_20100709,GSPD_QC,['byte'],[nan]
Pylos_20091129_20100709,HCDT,['float'],[nan]
Pylos_20091129_20100709,HCDT_QC,['byte'],[nan]
Pylos_20091129_20100709,HCSP,['float'],[nan]
Pylos_20091129_20100709,HCSP_QC,['byte'],[nan]
Pylos_20091129_20100709,POSITION_QC,['byte'],[nan]
Pylos_20091129_20100709,PRES,['float'],[nan]
Pylos_20091129_20100709,PRES_QC,['byte'],[nan]
Pylos_20091129_20100709,PSAL,['float'],[nan]
Pylos_20091129_20100709,PSAL_QC,['byte'],[nan]
Pylos_20091129_20100709,TEMP,['float'],[nan]
Pylos_20091129_20100709,TEMP_QC,['byte'],[nan]
Pylos_20091129_20100709,TIME_QC,['byte'],[nan]
Pylos_20091129_20100709,VHM0,['float'],[nan]
Pylos_20091129_20100709,VHM0_QC,['byte'],[nan]
Pylos_20091129_20100709,VMDR,['float'],[nan]
Pylos_20091129_20100709,VMDR_QC,['byte'],[nan]
Pylos_20091129_20100709,VTM02,['float'],[nan]
Pylos_20091129_20100709,VTM02_QC,['byte'],[nan]
Pylos_20091129_20100709,VTPK,['float'],[nan]
Pylos_20091129_20100709,VTPK_QC,['byte'],[nan]
Pylos_20091129_20100709,VZMX,['float'],[nan]
Pylos_20091129_20100709,VZMX_QC,['byte'],[nan]
Pylos_20091129_20100709,WDIR,['float'],[nan]
Pylos_20091129_20100709,WDIR_QC,['byte'],[nan]
Pylos_20091129_20100709,WSPD,['float'],[nan]
Pylos_20091129_20100709,WSPD_QC,['byte'],[nan]
Pylos_20091129_20100709,depth,['float'],[nan]
Pylos_20091129_20100709,latitude,['float'],[nan]
Pylos_20091129_20100709,longitude,['float'],[nan]
Pylos_20091129_20100709,preciseLat,['float'],[nan]
Pylos_20091129_20100709,preciseLon,['float'],[nan]
Pylos_20091129_20100709,station_name,['char'],[nan]
Pylos_20091129_20100709,time,['double'],[nan]
Pylos_20100710_20110227,ATMS,['float'],[nan]
Pylos_20100710_20110227,ATMS_QC,['byte'],[nan]
Pylos_20100710_20110227,DEPTH_QC,['byte'],[nan]
Pylos_20100710_20110227,DRYT,['float'],[nan]
Pylos_20100710_20110227,DRYT_QC,['byte'],[nan]
Pylos_20100710_20110227,GPS_POSITION_QC,['byte'],[nan]
Pylos_20100710_20110227,GSPD,['float'],[nan]
Pylos_20100710_20110227,GSPD_QC,['byte'],[nan]
Pylos_20100710_20110227,HCDT,['float'],[nan]
Pylos_20100710_20110227,HCDT_QC,['byte'],[nan]
Pylos_20100710_20110227,HCSP,['float'],[nan]
Pylos_20100710_20110227,HCSP_QC,['byte'],[nan]
Pylos_20100710_20110227,POSITION_QC,['byte'],[nan]
Pylos_20100710_20110227,PRES,['float'],[nan]
Pylos_20100710_20110227,PRES_QC,['byte'],[nan]
Pylos_20100710_20110227,PSAL,['float'],[nan]
Pylos_20100710_20110227,PSAL_QC,['byte'],[nan]
Pylos_20100710_20110227,TEMP,['float'],[nan]
Pylos_20100710_20110227,TEMP_QC,['byte'],[nan]
Pylos_20100710_20110227,TIME_QC,['byte'],[nan]
Pylos_20100710_20110227,VHM0,['float'],[nan]
Pylos_20100710_20110227,VHM0_QC,['byte'],[nan]
Pylos_20100710_20110227,VMDR,['float'],[nan]
Pylos_20100710_20110227,VMDR_QC,['byte'],[nan]
Pylos_20100710_20110227,VTM02,['float'],[nan]
Pylos_20100710_20110227,VTM02_QC,['byte'],[nan]
Pylos_20100710_20110227,VTPK,['float'],[nan]
Pylos_20100710_20110227,VTPK_QC,['byte'],[nan]
Pylos_20100710_20110227,VZMX,['float'],[nan]
Pylos_20100710_20110227,VZMX_QC,['byte'],[nan]
Pylos_20100710_20110227,WDIR,['float'],[nan]
Pylos_20100710_20110227,WDIR_QC,['byte'],[nan]
Pylos_20100710_20110227,WSPD,['float'],[nan]
Pylos_20100710_20110227,WSPD_QC,['byte'],[nan]
Pylos_20100710_20110227,depth,['float'],[nan]
Pylos_20100710_20110227,latitude,['float'],[nan]
Pylos_20100710_20110227,longitude,['float'],[nan]
Pylos_20100710_20110227,preciseLat,['float'],[nan]
Pylos_20100710_20110227,preciseLon,['float'],[nan]
Pylos_20100710_20110227,station_name,['char'],[nan]
Pylos_20100710_20110227,time,['double'],[nan]
Pylos_20110228_20120212,ATMS,['float'],[nan]
Pylos_20110228_20120212,ATMS_QC,['byte'],[nan]
Pylos_20110228_20120212,DEPTH_QC,['byte'],[nan]
Pylos_20110228_20120212,DRYT,['float'],[nan]
Pylos_20110228_20120212,DRYT_QC,['byte'],[nan]
Pylos_20110228_20120212,GPS_POSITION_QC,['byte'],[nan]
Pylos_20110228_20120212,GSPD,['float'],[nan]
Pylos_20110228_20120212,GSPD_QC,['byte'],[nan]
Pylos_20110228_20120212,HCDT,['float'],[nan]
Pylos_20110228_20120212,HCDT_QC,['byte'],[nan]
Pylos_20110228_20120212,HCSP,['float'],[nan]
Pylos_20110228_20120212,HCSP_QC,['byte'],[nan]
Pylos_20110228_20120212,POSITION_QC,['byte'],[nan]
Pylos_20110228_20120212,PRES,['float'],[nan]
Pylos_20110228_20120212,PRES_QC,['byte'],[nan]
Pylos_20110228_20120212,PSAL,['float'],[nan]
Pylos_20110228_20120212,PSAL_QC,['byte'],[nan]
Pylos_20110228_20120212,TEMP,['float'],[nan]
Pylos_20110228_20120212,TEMP_QC,['byte'],[nan]
Pylos_20110228_20120212,TIME_QC,['byte'],[nan]
Pylos_20110228_20120212,VHM0,['float'],[nan]
Pylos_20110228_20120212,VHM0_QC,['byte'],[nan]
Pylos_20110228_20120212,VMDR,['float'],[nan]
Pylos_20110228_20120212,VMDR_QC,['byte'],[nan]
Pylos_20110228_20120212,VTM02,['float'],[nan]
Pylos_20110228_20120212,VTM02_QC,['byte'],[nan]
Pylos_20110228_20120212,VTPK,['float'],[nan]
Pylos_20110228_20120212,VTPK_QC,['byte'],[nan]
Pylos_20110228_20120212,WDIR,['float'],[nan]
Pylos_20110228_20120212,WDIR_QC,['byte'],[nan]
Pylos_20110228_20120212,WSPD,['float'],[nan]
Pylos_20110228_20120212,WSPD_QC,['byte'],[nan]
Pylos_20110228_20120212,depth,['float'],[nan]
Pylos_20110228_20120212,latitude,['float'],[nan]
Pylos_20110228_20120212,longitude,['float'],[nan]
Pylos_20110228_20120212,preciseLat,['float'],[nan]
Pylos_20110228_20120212,preciseLon,['float'],[nan]
Pylos_20110228_20120212,station_name,['char'],[nan]
Pylos_20110228_20120212,time,['double'],[nan]
Pylos_20120213_20130411,ATMS,['float'],[nan]
Pylos_20120213_20130411,ATMS_QC,['byte'],[nan]
Pylos_20120213_20130411,DEPTH_QC,['byte'],[nan]
Pylos_20120213_20130411,DRYT,['float'],[nan]
Pylos_20120213_20130411,DRYT_QC,['byte'],[nan]
Pylos_20120213_20130411,GPS_POSITION_QC,['byte'],[nan]
Pylos_20120213_20130411,GSPD,['float'],[nan]
Pylos_20120213_20130411,GSPD_QC,['byte'],[nan]
Pylos_20120213_20130411,HCDT,['float'],[nan]
Pylos_20120213_20130411,HCDT_QC,['byte'],[nan]
Pylos_20120213_20130411,HCSP,['float'],[nan]
Pylos_20120213_20130411,HCSP_QC,['byte'],[nan]
Pylos_20120213_20130411,POSITION_QC,['byte'],[nan]
Pylos_20120213_20130411,PRES,['float'],[nan]
Pylos_20120213_20130411,PRES_QC,['byte'],[nan]
Pylos_20120213_20130411,PSAL,['float'],[nan]
Pylos_20120213_20130411,PSAL_QC,['byte'],[nan]
Pylos_20120213_20130411,TEMP,['float'],[nan]
Pylos_20120213_20130411,TEMP_QC,['byte'],[nan]
Pylos_20120213_20130411,TIME_QC,['byte'],[nan]
Pylos_20120213_20130411,VHM0,['float'],[nan]
Pylos_20120213_20130411,VHM0_QC,['byte'],[nan]
Pylos_20120213_20130411,VMDR,['float'],[nan]
Pylos_20120213_20130411,VMDR_QC,['byte'],[nan]
Pylos_20120213_20130411,VTM02,['float'],[nan]
Pylos_20120213_20130411,VTM02_QC,['byte'],[nan]
Pylos_20120213_20130411,VTPK,['float'],[nan]
Pylos_20120213_20130411,VTPK_QC,['byte'],[nan]
Pylos_20120213_20130411,WDIR,['float'],[nan]
Pylos_20120213_20130411,WDIR_QC,['byte'],[nan]
Pylos_20120213_20130411,WSPD,['float'],[nan]
Pylos_20120213_20130411,WSPD_QC,['byte'],[nan]
Pylos_20120213_20130411,depth,['float'],[nan]
Pylos_20120213_20130411,latitude,['float'],[nan]
Pylos_20120213_20130411,longitude,['float'],[nan]
Pylos_20120213_20130411,preciseLat,['float'],[nan]
Pylos_20120213_20130411,preciseLon,['float'],[nan]
Pylos_20120213_20130411,station_name,['char'],[nan]
Pylos_20120213_20130411,time,['double'],[nan]
Pylos_20130412_20140117,ATMS,['float'],[nan]
Pylos_20130412_20140117,ATMS_QC,['byte'],[nan]
Pylos_20130412_20140117,DEPTH_QC,['byte'],[nan]
Pylos_20130412_20140117,DRYT,['float'],[nan]
Pylos_20130412_20140117,DRYT_QC,['byte'],[nan]
Pylos_20130412_20140117,GPS_POSITION_QC,['byte'],[nan]
Pylos_20130412_20140117,GSPD,['float'],[nan]
Pylos_20130412_20140117,GSPD_QC,['byte'],[nan]
Pylos_20130412_20140117,HCDT,['float'],[nan]
Pylos_20130412_20140117,HCDT_QC,['byte'],[nan]
Pylos_20130412_20140117,HCSP,['float'],[nan]
Pylos_20130412_20140117,HCSP_QC,['byte'],[nan]
Pylos_20130412_20140117,POSITION_QC,['byte'],[nan]
Pylos_20130412_20140117,PSAL,['float'],[nan]
Pylos_20130412_20140117,PSAL_QC,['byte'],[nan]
Pylos_20130412_20140117,TEMP,['float'],[nan]
Pylos_20130412_20140117,TEMP_QC,['byte'],[nan]
Pylos_20130412_20140117,TIME_QC,['byte'],[nan]
Pylos_20130412_20140117,VHM0,['float'],[nan]
Pylos_20130412_20140117,VHM0_QC,['byte'],[nan]
Pylos_20130412_20140117,VMDR,['float'],[nan]
Pylos_20130412_20140117,VMDR_QC,['byte'],[nan]
Pylos_20130412_20140117,VTM02,['float'],[nan]
Pylos_20130412_20140117,VTM02_QC,['byte'],[nan]
Pylos_20130412_20140117,VTPK,['float'],[nan]
Pylos_20130412_20140117,VTPK_QC,['byte'],[nan]
Pylos_20130412_20140117,VZMX,['float'],[nan]
Pylos_20130412_20140117,VZMX_QC,['byte'],[nan]
Pylos_20130412_20140117,WDIR,['float'],[nan]
Pylos_20130412_20140117,WDIR_QC,['byte'],[nan]
Pylos_20130412_20140117,WSPD,['float'],[nan]
Pylos_20130412_20140117,WSPD_QC,['byte'],[nan]
Pylos_20130412_20140117,depth,['float'],[nan]
Pylos_20130412_20140117,latitude,['float'],[nan]
Pylos_20130412_20140117,longitude,['float'],[nan]
Pylos_20130412_20140117,preciseLat,['float'],[nan]
Pylos_20130412_20140117,preciseLon,['float'],[nan]
Pylos_20130412_20140117,station_name,['char'],[nan]
Pylos_20130412_20140117,time,['double'],[nan]
Pylos_20140118_20141114,ATMS,['float'],[nan]
Pylos_20140118_20141114,ATMS_QC,['byte'],[nan]
Pylos_20140118_20141114,DEPTH_QC,['byte'],[nan]
Pylos_20140118_20141114,DRYT,['float'],[nan]
Pylos_20140118_20141114,DRYT_QC,['byte'],[nan]
Pylos_20140118_20141114,GPS_POSITION_QC,['byte'],[nan]
Pylos_20140118_20141114,GSPD,['float'],[nan]
Pylos_20140118_20141114,GSPD_QC,['byte'],[nan]
Pylos_20140118_20141114,HCDT,['float'],[nan]
Pylos_20140118_20141114,HCDT_QC,['byte'],[nan]
Pylos_20140118_20141114,HCSP,['float'],[nan]
Pylos_20140118_20141114,HCSP_QC,['byte'],[nan]
Pylos_20140118_20141114,POSITION_QC,['byte'],[nan]
Pylos_20140118_20141114,PRES,['float'],[nan]
Pylos_20140118_20141114,PRES_QC,['byte'],[nan]
Pylos_20140118_20141114,PSAL,['float'],[nan]
Pylos_20140118_20141114,PSAL_QC,['byte'],[nan]
Pylos_20140118_20141114,TEMP,['float'],[nan]
Pylos_20140118_20141114,TEMP_QC,['byte'],[nan]
Pylos_20140118_20141114,TIME_QC,['byte'],[nan]
Pylos_20140118_20141114,VHM0,['float'],[nan]
Pylos_20140118_20141114,VHM0_QC,['byte'],[nan]
Pylos_20140118_20141114,VMDR,['float'],[nan]
Pylos_20140118_20141114,VMDR_QC,['byte'],[nan]
Pylos_20140118_20141114,VTM02,['float'],[nan]
Pylos_20140118_20141114,VTM02_QC,['byte'],[nan]
Pylos_20140118_20141114,VTPK,['float'],[nan]
Pylos_20140118_20141114,VTPK_QC,['byte'],[nan]
Pylos_20140118_20141114,VZMX,['float'],[nan]
Pylos_20140118_20141114,VZMX_QC,['byte'],[nan]
Pylos_20140118_20141114,WDIR,['float'],[nan]
Pylos_20140118_20141114,WDIR_QC,['byte'],[nan]
Pylos_20140118_20141114,WSPD,['float'],[nan]
Pylos_20140118_20141114,WSPD_QC,['byte'],[nan]
Pylos_20140118_20141114,depth,['float'],[nan]
Pylos_20140118_20141114,latitude,['float'],[nan]
Pylos_20140118_20141114,longitude,['float'],[nan]
Pylos_20140118_20141114,preciseLat,['float'],[nan]
Pylos_20140118_20141114,preciseLon,['float'],[nan]
Pylos_20140118_20141114,station_name,['char'],[nan]
Pylos_20140118_20141114,time,['double'],[nan]
Pylos_20141115_20150708,ATMS,['float'],[nan]
Pylos_20141115_20150708,ATMS_QC,['byte'],[nan]
Pylos_20141115_20150708,DEPTH_QC,['byte'],[nan]
Pylos_20141115_20150708,DOX1,['float'],[nan]
Pylos_20141115_20150708,DOX1_QC,['byte'],[nan]
Pylos_20141115_20150708,DRYT,['float'],[nan]
Pylos_20141115_20150708,DRYT_QC,['byte'],[nan]
Pylos_20141115_20150708,FLU2,['float'],[nan]
Pylos_20141115_20150708,FLU2_QC,['byte'],[nan]
Pylos_20141115_20150708,GPS_POSITION_QC,['byte'],[nan]
Pylos_20141115_20150708,GSPD,['float'],[nan]
Pylos_20141115_20150708,GSPD_QC,['byte'],[nan]
Pylos_20141115_20150708,HCDT,['float'],[nan]
Pylos_20141115_20150708,HCDT_QC,['byte'],[nan]
Pylos_20141115_20150708,HCSP,['float'],[nan]
Pylos_20141115_20150708,HCSP_QC,['byte'],[nan]
Pylos_20141115_20150708,POSITION_QC,['byte'],[nan]
Pylos_20141115_20150708,PRES,['float'],[nan]
Pylos_20141115_20150708,PRES_QC,['byte'],[nan]
Pylos_20141115_20150708,PSAL,['float'],[nan]
Pylos_20141115_20150708,PSAL_QC,['byte'],[nan]
Pylos_20141115_20150708,TEMP,['float'],[nan]
Pylos_20141115_20150708,TEMP_QC,['byte'],[nan]
Pylos_20141115_20150708,TIME_QC,['byte'],[nan]
Pylos_20141115_20150708,TUR4,['float'],[nan]
Pylos_20141115_20150708,TUR4_QC,['byte'],[nan]
Pylos_20141115_20150708,VHM0,['float'],[nan]
Pylos_20141115_20150708,VHM0_QC,['byte'],[nan]
Pylos_20141115_20150708,VMDR,['float'],[nan]
Pylos_20141115_20150708,VMDR_QC,['byte'],[nan]
Pylos_20141115_20150708,VTM02,['float'],[nan]
Pylos_20141115_20150708,VTM02_QC,['byte'],[nan]
Pylos_20141115_20150708,VTPK,['float'],[nan]
Pylos_20141115_20150708,VTPK_QC,['byte'],[nan]
Pylos_20141115_20150708,VZMX,['float'],[nan]
Pylos_20141115_20150708,VZMX_QC,['byte'],[nan]
Pylos_20141115_20150708,WDIR,['float'],[nan]
Pylos_20141115_20150708,WDIR_QC,['byte'],[nan]
Pylos_20141115_20150708,WSPD,['float'],[nan]
Pylos_20141115_20150708,WSPD_QC,['byte'],[nan]
Pylos_20141115_20150708,depth,['float'],[nan]
Pylos_20141115_20150708,latitude,['float'],[nan]
Pylos_20141115_20150708,longitude,['float'],[nan]
Pylos_20141115_20150708,preciseLat,['float'],[nan]
Pylos_20141115_20150708,preciseLon,['float'],[nan]
Pylos_20141115_20150708,station_name,['char'],[nan]
Pylos_20141115_20150708,time,['double'],[nan]
Pylos_20150709_20160714,ATMS,['float'],[nan]
Pylos_20150709_20160714,ATMS_QC,['byte'],[nan]
Pylos_20150709_20160714,DEPTH_QC,['byte'],[nan]
Pylos_20150709_20160714,DOX1,['float'],[nan]
Pylos_20150709_20160714,DOX1_QC,['byte'],[nan]
Pylos_20150709_20160714,DRYT,['float'],[nan]
Pylos_20150709_20160714,DRYT_QC,['byte'],[nan]
Pylos_20150709_20160714,FLU2,['float'],[nan]
Pylos_20150709_20160714,FLU2_QC,['byte'],[nan]
Pylos_20150709_20160714,GPS_POSITION_QC,['byte'],[nan]
Pylos_20150709_20160714,GSPD,['float'],[nan]
Pylos_20150709_20160714,GSPD_QC,['byte'],[nan]
Pylos_20150709_20160714,HCDT,['float'],[nan]
Pylos_20150709_20160714,HCDT_QC,['byte'],[nan]
Pylos_20150709_20160714,HCSP,['float'],[nan]
Pylos_20150709_20160714,HCSP_QC,['byte'],[nan]
Pylos_20150709_20160714,POSITION_QC,['byte'],[nan]
Pylos_20150709_20160714,PRES,['float'],[nan]
Pylos_20150709_20160714,PRES_QC,['byte'],[nan]
Pylos_20150709_20160714,PSAL,['float'],[nan]
Pylos_20150709_20160714,PSAL_QC,['byte'],[nan]
Pylos_20150709_20160714,TEMP,['float'],[nan]
Pylos_20150709_20160714,TEMP_QC,['byte'],[nan]
Pylos_20150709_20160714,TIME_QC,['byte'],[nan]
Pylos_20150709_20160714,TUR4,['float'],[nan]
Pylos_20150709_20160714,TUR4_QC,['byte'],[nan]
Pylos_20150709_20160714,VHM0,['float'],[nan]
Pylos_20150709_20160714,VHM0_QC,['byte'],[nan]
Pylos_20150709_20160714,VMDR,['float'],[nan]
Pylos_20150709_20160714,VMDR_QC,['byte'],[nan]
Pylos_20150709_20160714,VTM02,['float'],[nan]
Pylos_20150709_20160714,VTM02_QC,['byte'],[nan]
Pylos_20150709_20160714,VTPK,['float'],[nan]
Pylos_20150709_20160714,VTPK_QC,['byte'],[nan]
Pylos_20150709_20160714,VZMX,['float'],[nan]
Pylos_20150709_20160714,VZMX_QC,['byte'],[nan]
Pylos_20150709_20160714,WDIR,['float'],[nan]
Pylos_20150709_20160714,WDIR_QC,['byte'],[nan]
Pylos_20150709_20160714,WSPD,['float'],[nan]
Pylos_20150709_20160714,WSPD_QC,['byte'],[nan]
Pylos_20150709_20160714,depth,['float'],[nan]
Pylos_20150709_20160714,latitude,['float'],[nan]
Pylos_20150709_20160714,longitude,['float'],[nan]
Pylos_20150709_20160714,preciseLat,['float'],[nan]
Pylos_20150709_20160714,preciseLon,['float'],[nan]
Pylos_20150709_20160714,station_name,['char'],[nan]
Pylos_20150709_20160714,time,['double'],[nan]
Pylos_20160715_20170415,ATMS,['float'],[nan]
Pylos_20160715_20170415,ATMS_QC,['byte'],[nan]
Pylos_20160715_20170415,DEPTH_QC,['byte'],[nan]
Pylos_20160715_20170415,DOX1,['float'],[nan]
Pylos_20160715_20170415,DOX1_QC,['byte'],[nan]
Pylos_20160715_20170415,DRYT,['float'],[nan]
Pylos_20160715_20170415,DRYT_QC,['byte'],[nan]
Pylos_20160715_20170415,FLU2,['float'],[nan]
Pylos_20160715_20170415,FLU2_QC,['byte'],[nan]
Pylos_20160715_20170415,GPS_POSITION_QC,['byte'],[nan]
Pylos_20160715_20170415,GSPD,['float'],[nan]
Pylos_20160715_20170415,GSPD_QC,['byte'],[nan]
Pylos_20160715_20170415,HCDT,['float'],[nan]
Pylos_20160715_20170415,HCDT_QC,['byte'],[nan]
Pylos_20160715_20170415,HCSP,['float'],[nan]
Pylos_20160715_20170415,HCSP_QC,['byte'],[nan]
Pylos_20160715_20170415,POSITION_QC,['byte'],[nan]
Pylos_20160715_20170415,PRES,['float'],[nan]
Pylos_20160715_20170415,PRES_QC,['byte'],[nan]
Pylos_20160715_20170415,PSAL,['float'],[nan]
Pylos_20160715_20170415,PSAL_QC,['byte'],[nan]
Pylos_20160715_20170415,TEMP,['float'],[nan]
Pylos_20160715_20170415,TEMP_QC,['byte'],[nan]
Pylos_20160715_20170415,TIME_QC,['byte'],[nan]
Pylos_20160715_20170415,TUR4,['float'],[nan]
Pylos_20160715_20170415,TUR4_QC,['byte'],[nan]
Pylos_20160715_20170415,VHM0,['float'],[nan]
Pylos_20160715_20170415,VHM0_QC,['byte'],[nan]
Pylos_20160715_20170415,VMDR,['float'],[nan]
Pylos_20160715_20170415,VMDR_QC,['byte'],[nan]
Pylos_20160715_20170415,VTM02,['float'],[nan]
Pylos_20160715_20170415,VTM02_QC,['byte'],[nan]
Pylos_20160715_20170415,VTPK,['float'],[nan]
Pylos_20160715_20170415,VTPK_QC,['byte'],[nan]
Pylos_20160715_20170415,VZMX,['float'],[nan]
Pylos_20160715_20170415,VZMX_QC,['byte'],[nan]
Pylos_20160715_20170415,WDIR,['float'],[nan]
Pylos_20160715_20170415,WDIR_QC,['byte'],[nan]
Pylos_20160715_20170415,WSPD,['float'],[nan]
Pylos_20160715_20170415,WSPD_QC,['byte'],[nan]
Pylos_20160715_20170415,depth,['float'],[nan]
Pylos_20160715_20170415,latitude,['float'],[nan]
Pylos_20160715_20170415,longitude,['float'],[nan]
Pylos_20160715_20170415,preciseLat,['float'],[nan]
Pylos_20160715_20170415,preciseLon,['float'],[nan]
Pylos_20160715_20170415,station_name,['char'],[nan]
Pylos_20160715_20170415,time,['double'],[nan]
Pylos_20170416_20180521,ATMS,['float'],[nan]
Pylos_20170416_20180521,ATMS_QC,['byte'],[nan]
Pylos_20170416_20180521,DEPTH_QC,['byte'],[nan]
Pylos_20170416_20180521,DOX1,['float'],[nan]
Pylos_20170416_20180521,DOX1_QC,['byte'],[nan]
Pylos_20170416_20180521,DRYT,['float'],[nan]
Pylos_20170416_20180521,DRYT_QC,['byte'],[nan]
Pylos_20170416_20180521,FLU2,['float'],[nan]
Pylos_20170416_20180521,FLU2_QC,['byte'],[nan]
Pylos_20170416_20180521,GDIR,['float'],[nan]
Pylos_20170416_20180521,GDIR_QC,['byte'],[nan]
Pylos_20170416_20180521,GPS_POSITION_QC,['byte'],[nan]
Pylos_20170416_20180521,GSPD,['float'],[nan]
Pylos_20170416_20180521,GSPD_QC,['byte'],[nan]
Pylos_20170416_20180521,HCDT,['float'],[nan]
Pylos_20170416_20180521,HCDT_QC,['byte'],[nan]
Pylos_20170416_20180521,HCSP,['float'],[nan]
Pylos_20170416_20180521,HCSP_QC,['byte'],[nan]
Pylos_20170416_20180521,POSITION_QC,['byte'],[nan]
Pylos_20170416_20180521,PRES,['float'],[nan]
Pylos_20170416_20180521,PRES_QC,['byte'],[nan]
Pylos_20170416_20180521,PSAL,['float'],[nan]
Pylos_20170416_20180521,PSAL_QC,['byte'],[nan]
Pylos_20170416_20180521,TEMP,['float'],[nan]
Pylos_20170416_20180521,TEMP_QC,['byte'],[nan]
Pylos_20170416_20180521,TIME_QC,['byte'],[nan]
Pylos_20170416_20180521,TUR4,['float'],[nan]
Pylos_20170416_20180521,TUR4_QC,['byte'],[nan]
Pylos_20170416_20180521,VHM0,['float'],[nan]
Pylos_20170416_20180521,VHM0_QC,['byte'],[nan]
Pylos_20170416_20180521,VMDR,['float'],[nan]
Pylos_20170416_20180521,VMDR_QC,['byte'],[nan]
Pylos_20170416_20180521,VTM02,['float'],[nan]
Pylos_20170416_20180521,VTM02_QC,['byte'],[nan]
Pylos_20170416_20180521,VTPK,['float'],[nan]
Pylos_20170416_20180521,VTPK_QC,['byte'],[nan]
Pylos_20170416_20180521,VZMX,['float'],[nan]
Pylos_20170416_20180521,VZMX_QC,['byte'],[nan]
Pylos_20170416_20180521,WDIR,['float'],[nan]
Pylos_20170416_20180521,WDIR_QC,['byte'],[nan]
Pylos_20170416_20180521,WSPD,['float'],[nan]
Pylos_20170416_20180521,WSPD_QC,['byte'],[nan]
Pylos_20170416_20180521,depth,['float'],[nan]
Pylos_20170416_20180521,latitude,['float'],[nan]
Pylos_20170416_20180521,longitude,['float'],[nan]
Pylos_20170416_20180521,preciseLat,['float'],[nan]
Pylos_20170416_20180521,preciseLon,['float'],[nan]
Pylos_20170416_20180521,station_name,['char'],[nan]
Pylos_20170416_20180521,time,['double'],[nan]
Pylos_20180522_20190721,ATMS,['float'],[nan]
Pylos_20180522_20190721,ATMS_QC,['byte'],[nan]
Pylos_20180522_20190721,DEPTH_QC,['byte'],[nan]
Pylos_20180522_20190721,DOX1,['float'],[nan]
Pylos_20180522_20190721,DOX1_QC,['byte'],[nan]
Pylos_20180522_20190721,DRYT,['float'],[nan]
Pylos_20180522_20190721,DRYT_QC,['byte'],[nan]
Pylos_20180522_20190721,FLU2,['float'],[nan]
Pylos_20180522_20190721,FLU2_QC,['byte'],[nan]
Pylos_20180522_20190721,GDIR,['float'],[nan]
Pylos_20180522_20190721,GDIR_QC,['byte'],[nan]
Pylos_20180522_20190721,GPS_POSITION_QC,['byte'],[nan]
Pylos_20180522_20190721,GSPD,['float'],[nan]
Pylos_20180522_20190721,GSPD_QC,['byte'],[nan]
Pylos_20180522_20190721,HCDT,['float'],[nan]
Pylos_20180522_20190721,HCDT_QC,['byte'],[nan]
Pylos_20180522_20190721,HCSP,['float'],[nan]
Pylos_20180522_20190721,HCSP_QC,['byte'],[nan]
Pylos_20180522_20190721,POSITION_QC,['byte'],[nan]
Pylos_20180522_20190721,PRES,['float'],[nan]
Pylos_20180522_20190721,PRES_QC,['byte'],[nan]
Pylos_20180522_20190721,PSAL,['float'],[nan]
Pylos_20180522_20190721,PSAL_QC,['byte'],[nan]
Pylos_20180522_20190721,TEMP,['float'],[nan]
Pylos_20180522_20190721,TEMP_QC,['byte'],[nan]
Pylos_20180522_20190721,TIME_QC,['byte'],[nan]
Pylos_20180522_20190721,TUR4,['float'],[nan]
Pylos_20180522_20190721,TUR4_QC,['byte'],[nan]
Pylos_20180522_20190721,VHM0,['float'],[nan]
Pylos_20180522_20190721,VHM0_QC,['byte'],[nan]
Pylos_20180522_20190721,VMDR,['float'],[nan]
Pylos_20180522_20190721,VMDR_QC,['byte'],[nan]
Pylos_20180522_20190721,VTM02,['float'],[nan]
Pylos_20180522_20190721,VTM02_QC,['byte'],[nan]
Pylos_20180522_20190721,VTPK,['float'],[nan]
Pylos_20180522_20190721,VTPK_QC,['byte'],[nan]
Pylos_20180522_20190721,VZMX,['float'],[nan]
Pylos_20180522_20190721,VZMX_QC,['byte'],[nan]
Pylos_20180522_20190721,WDIR,['float'],[nan]
Pylos_20180522_20190721,WDIR_QC,['byte'],[nan]
Pylos_20180522_20190721,WSPD,['float'],[nan]
Pylos_20180522_20190721,WSPD_QC,['byte'],[nan]
Pylos_20180522_20190721,depth,['float'],[nan]
Pylos_20180522_20190721,latitude,['float'],[nan]
Pylos_20180522_20190721,longitude,['float'],[nan]
Pylos_20180522_20190721,preciseLat,['float'],[nan]
Pylos_20180522_20190721,preciseLon,['float'],[nan]
Pylos_20180522_20190721,station_name,['char'],[nan]
Pylos_20180522_20190721,time,['double'],[nan]
Pylos_20190722_20200901,ATMS,['float'],[nan]
Pylos_20190722_20200901,ATMS_QC,['byte'],[nan]
Pylos_20190722_20200901,DEPTH_QC,['byte'],[nan]
Pylos_20190722_20200901,DOX1,['float'],[nan]
Pylos_20190722_20200901,DOX1_QC,['byte'],[nan]
Pylos_20190722_20200901,DRYT,['float'],[nan]
Pylos_20190722_20200901,DRYT_QC,['byte'],[nan]
Pylos_20190722_20200901,FLU2,['float'],[nan]
Pylos_20190722_20200901,FLU2_QC,['byte'],[nan]
Pylos_20190722_20200901,GDIR,['float'],[nan]
Pylos_20190722_20200901,GDIR_QC,['byte'],[nan]
Pylos_20190722_20200901,GPS_POSITION_QC,['byte'],[nan]
Pylos_20190722_20200901,GSPD,['float'],[nan]
Pylos_20190722_20200901,GSPD_QC,['byte'],[nan]
Pylos_20190722_20200901,HCDT,['float'],[nan]
Pylos_20190722_20200901,HCDT_QC,['byte'],[nan]
Pylos_20190722_20200901,HCSP,['float'],[nan]
Pylos_20190722_20200901,HCSP_QC,['byte'],[nan]
Pylos_20190722_20200901,POSITION_QC,['byte'],[nan]
Pylos_20190722_20200901,PRES,['float'],[nan]
Pylos_20190722_20200901,PRES_QC,['byte'],[nan]
Pylos_20190722_20200901,PSAL,['float'],[nan]
Pylos_20190722_20200901,PSAL_QC,['byte'],[nan]
Pylos_20190722_20200901,TEMP,['float'],[nan]
Pylos_20190722_20200901,TEMP_QC,['byte'],[nan]
Pylos_20190722_20200901,TIME_QC,['byte'],[nan]
Pylos_20190722_20200901,TUR4,['float'],[nan]
Pylos_20190722_20200901,TUR4_QC,['byte'],[nan]
Pylos_20190722_20200901,VHM0,['float'],[nan]
Pylos_20190722_20200901,VHM0_QC,['byte'],[nan]
Pylos_20190722_20200901,VMDR,['float'],[nan]
Pylos_20190722_20200901,VMDR_QC,['byte'],[nan]
Pylos_20190722_20200901,VTM02,['float'],[nan]
Pylos_20190722_20200901,VTM02_QC,['byte'],[nan]
Pylos_20190722_20200901,VTPK,['float'],[nan]
Pylos_20190722_20200901,VTPK_QC,['byte'],[nan]
Pylos_20190722_20200901,VZMX,['float'],[nan]
Pylos_20190722_20200901,VZMX_QC,['byte'],[nan]
Pylos_20190722_20200901,WDIR,['float'],[nan]
Pylos_20190722_20200901,WDIR_QC,['byte'],[nan]
Pylos_20190722_20200901,WSPD,['float'],[nan]
Pylos_20190722_20200901,WSPD_QC,['byte'],[nan]
Pylos_20190722_20200901,depth,['float'],[nan]
Pylos_20190722_20200901,latitude,['float'],[nan]
Pylos_20190722_20200901,longitude,['float'],[nan]
Pylos_20190722_20200901,preciseLat,['float'],[nan]
Pylos_20190722_20200901,preciseLon,['float'],[nan]
Pylos_20190722_20200901,station_name,['char'],[nan]
Pylos_20190722_20200901,time,['double'],[nan]
Pylos_20200902_20210909,ATMS,['float'],[nan]
Pylos_20200902_20210909,ATMS_QC,['byte'],[nan]
Pylos_20200902_20210909,DEPTH_QC,['byte'],[nan]
Pylos_20200902_20210909,DOX1,['float'],[nan]
Pylos_20200902_20210909,DOX1_QC,['byte'],[nan]
Pylos_20200902_20210909,DRYT,['float'],[nan]
Pylos_20200902_20210909,DRYT_QC,['byte'],[nan]
Pylos_20200902_20210909,FLU2,['float'],[nan]
Pylos_20200902_20210909,FLU2_QC,['byte'],[nan]
Pylos_20200902_20210909,GDIR,['float'],[nan]
Pylos_20200902_20210909,GDIR_QC,['byte'],[nan]
Pylos_20200902_20210909,GPS_POSITION_QC,['byte'],[nan]
Pylos_20200902_20210909,GSPD,['float'],[nan]
Pylos_20200902_20210909,GSPD_QC,['byte'],[nan]
Pylos_20200902_20210909,HCDT,['float'],[nan]
Pylos_20200902_20210909,HCDT_QC,['byte'],[nan]
Pylos_20200902_20210909,HCSP,['float'],[nan]
Pylos_20200902_20210909,HCSP_QC,['byte'],[nan]
Pylos_20200902_20210909,POSITION_QC,['byte'],[nan]
Pylos_20200902_20210909,PRES,['float'],[nan]
Pylos_20200902_20210909,PRES_QC,['byte'],[nan]
Pylos_20200902_20210909,PSAL,['float'],[nan]
Pylos_20200902_20210909,PSAL_QC,['byte'],[nan]
Pylos_20200902_20210909,TEMP,['float'],[nan]
Pylos_20200902_20210909,TEMP_QC,['byte'],[nan]
Pylos_20200902_20210909,TIME_QC,['byte'],[nan]
Pylos_20200902_20210909,TUR4,['float'],[nan]
Pylos_20200902_20210909,TUR4_QC,['byte'],[nan]
Pylos_20200902_20210909,VHM0,['float'],[nan]
Pylos_20200902_20210909,VHM0_QC,['byte'],[nan]
Pylos_20200902_20210909,VMDR,['float'],[nan]
Pylos_20200902_20210909,VMDR_QC,['byte'],[nan]
Pylos_20200902_20210909,VTM02,['float'],[nan]
Pylos_20200902_20210909,VTM02_QC,['byte'],[nan]
Pylos_20200902_20210909,VTPK,['float'],[nan]
Pylos_20200902_20210909,VTPK_QC,['byte'],[nan]
Pylos_20200902_20210909,VZMX,['float'],[nan]
Pylos_20200902_20210909,VZMX_QC,['byte'],[nan]
Pylos_20200902_20210909,WDIR,['float'],[nan]
Pylos_20200902_20210909,WDIR_QC,['byte'],[nan]
Pylos_20200902_20210909,WSPD,['float'],[nan]
Pylos_20200902_20210909,WSPD_QC,['byte'],[nan]
Pylos_20200902_20210909,depth,['float'],[nan]
Pylos_20200902_20210909,latitude,['float'],[nan]
Pylos_20200902_20210909,longitude,['float'],[nan]
Pylos_20200902_20210909,preciseLat,['float'],[nan]
Pylos_20200902_20210909,preciseLon,['float'],[nan]
Pylos_20200902_20210909,station_name,['char'],[nan]
Pylos_20200902_20210909,time,['double'],[nan]
Pylos_20210910_20221220,ATMS,['float'],[nan]
Pylos_20210910_20221220,ATMS_QC,['byte'],[nan]
Pylos_20210910_20221220,DEPTH_QC,['byte'],[nan]
Pylos_20210910_20221220,DOX1,['float'],[nan]
Pylos_20210910_20221220,DOX1_QC,['byte'],[nan]
Pylos_20210910_20221220,DRYT,['float'],[nan]
Pylos_20210910_20221220,DRYT_QC,['byte'],[nan]
Pylos_20210910_20221220,FLU2,['float'],[nan]
Pylos_20210910_20221220,FLU2_QC,['byte'],[nan]
Pylos_20210910_20221220,GDIR,['float'],[nan]
Pylos_20210910_20221220,GDIR_QC,['byte'],[nan]
Pylos_20210910_20221220,GPS_POSITION_QC,['byte'],[nan]
Pylos_20210910_20221220,GSPD,['float'],[nan]
Pylos_20210910_20221220,GSPD_QC,['byte'],[nan]
Pylos_20210910_20221220,HCDT,['float'],[nan]
Pylos_20210910_20221220,HCDT_QC,['byte'],[nan]
Pylos_20210910_20221220,HCSP,['float'],[nan]
Pylos_20210910_20221220,HCSP_QC,['byte'],[nan]
Pylos_20210910_20221220,POSITION_QC,['byte'],[nan]
Pylos_20210910_20221220,PRES,['float'],[nan]
Pylos_20210910_20221220,PRES_QC,['byte'],[nan]
Pylos_20210910_20221220,PSAL,['float'],[nan]
Pylos_20210910_20221220,PSAL_QC,['byte'],[nan]
Pylos_20210910_20221220,TEMP,['float'],[nan]
Pylos_20210910_20221220,TEMP_QC,['byte'],[nan]
Pylos_20210910_20221220,TIME_QC,['byte'],[nan]
Pylos_20210910_20221220,TUR4,['float'],[nan]
Pylos_20210910_20221220,TUR4_QC,['byte'],[nan]
Pylos_20210910_20221220,VHM0,['float'],[nan]
Pylos_20210910_20221220,VHM0_QC,['byte'],[nan]
Pylos_20210910_20221220,VMDR,['float'],[nan]
Pylos_20210910_20221220,VMDR_QC,['byte'],[nan]
Pylos_20210910_20221220,VTM02,['float'],[nan]
Pylos_20210910_20221220,VTM02_QC,['byte'],[nan]
Pylos_20210910_20221220,VTPK,['float'],[nan]
Pylos_20210910_20221220,VTPK_QC,['byte'],[nan]
Pylos_20210910_20221220,VZMX,['float'],[nan]
Pylos_20210910_20221220,VZMX_QC,['byte'],[nan]
Pylos_20210910_20221220,WDIR,['float'],[nan]
Pylos_20210910_20221220,WDIR_QC,['byte'],[nan]
Pylos_20210910_20221220,WSPD,['float'],[nan]
Pylos_20210910_20221220,WSPD_QC,['byte'],[nan]
Pylos_20210910_20221220,depth,['float'],[nan]
Pylos_20210910_20221220,latitude,['float'],[nan]
Pylos_20210910_20221220,longitude,['float'],[nan]
Pylos_20210910_20221220,preciseLat,['float'],[nan]
Pylos_20210910_20221220,preciseLon,['float'],[nan]
Pylos_20210910_20221220,station_name,['char'],[nan]
Pylos_20210910_20221220,time,['double'],[nan]
Pylos_20221221_20240309,ATMS,['float'],[nan]
Pylos_20221221_20240309,ATMS_QC,['byte'],[nan]
Pylos_20221221_20240309,DEPTH_QC,['byte'],[nan]
Pylos_20221221_20240309,DOX1,['float'],[nan]
Pylos_20221221_20240309,DOX1_QC,['byte'],[nan]
Pylos_20221221_20240309,DRYT,['float'],[nan]
Pylos_20221221_20240309,DRYT_QC,['byte'],[nan]
Pylos_20221221_20240309,FLU2,['float'],[nan]
Pylos_20221221_20240309,FLU2_QC,['byte'],[nan]
Pylos_20221221_20240309,GDIR,['float'],[nan]
Pylos_20221221_20240309,GDIR_QC,['byte'],[nan]
Pylos_20221221_20240309,GPS_POSITION_QC,['byte'],[nan]
Pylos_20221221_20240309,GSPD,['float'],[nan]
Pylos_20221221_20240309,GSPD_QC,['byte'],[nan]
Pylos_20221221_20240309,HCDT,['float'],[nan]
Pylos_20221221_20240309,HCDT_QC,['byte'],[nan]
Pylos_20221221_20240309,HCSP,['float'],[nan]
Pylos_20221221_20240309,HCSP_QC,['byte'],[nan]
Pylos_20221221_20240309,POSITION_QC,['byte'],[nan]
Pylos_20221221_20240309,PRES,['float'],[nan]
Pylos_20221221_20240309,PRES_QC,['byte'],[nan]
Pylos_20221221_20240309,PSAL,['float'],[nan]
Pylos_20221221_20240309,PSAL_QC,['byte'],[nan]
Pylos_20221221_20240309,TEMP,['float'],[nan]
Pylos_20221221_20240309,TEMP_QC,['byte'],[nan]
Pylos_20221221_20240309,TIME_QC,['byte'],[nan]
Pylos_20221221_20240309,TUR4,['float'],[nan]
Pylos_20221221_20240309,TUR4_QC,['byte'],[nan]
Pylos_20221221_20240309,VHM0,['float'],[nan]
Pylos_20221221_20240309,VHM0_QC,['byte'],[nan]
Pylos_20221221_20240309,VMDR,['float'],[nan]
Pylos_20221221_20240309,VMDR_QC,['byte'],[nan]
Pylos_20221221_20240309,VTM02,['float'],[nan]
Pylos_20221221_20240309,VTM02_QC,['byte'],[nan]
Pylos_20221221_20240309,VTPK,['float'],[nan]
Pylos_20221221_20240309,VTPK_QC,['byte'],[nan]
Pylos_20221221_20240309,VZMX,['float'],[nan]
Pylos_20221221_20240309,VZMX_QC,['byte'],[nan]
Pylos_20221221_20240309,WDIR,['float'],[nan]
Pylos_20221221_20240309,WDIR_QC,['byte'],[nan]
Pylos_20221221_20240309,WSPD,['float'],[nan]
Pylos_20221221_20240309,WSPD_QC,['byte'],[nan]
Pylos_20221221_20240309,depth,['float'],[nan]
Pylos_20221221_20240309,latitude,['float'],[nan]
Pylos_20221221_20240309,longitude,['float'],[nan]
Pylos_20221221_20240309,preciseLat,['float'],[nan]
Pylos_20221221_20240309,preciseLon,['float'],[nan]
Pylos_20221221_20240309,station_name,['char'],[nan]
Pylos_20221221_20240309,time,['double'],[nan]
W1M3A_deploy01,ATMS,['double'],[nan]
W1M3A_deploy01,ATMS_QC,['byte'],[nan]
W1M3A_deploy01,DEPTH_QC,['byte'],[nan]
W1M3A_deploy01,DRYT,['double'],[nan]
W1M3A_deploy01,DRYT_QC,['byte'],[nan]
W1M3A_deploy01,LINC,['double'],[nan]
W1M3A_deploy01,LINC_QC,['byte'],[nan]
W1M3A_deploy01,PRES,['double'],[nan]
W1M3A_deploy01,PRES_QC,['byte'],[nan]
W1M3A_deploy01,PRRT,['double'],[nan]
W1M3A_deploy01,PRRT_QC,['byte'],[nan]
W1M3A_deploy01,PSAL,['double'],[nan]
W1M3A_deploy01,PSAL_QC,['byte'],[nan]
W1M3A_deploy01,RELH,['double'],[nan]
W1M3A_deploy01,RELH_QC,['byte'],[nan]
W1M3A_deploy01,SINC,['double'],[nan]
W1M3A_deploy01,SINC_QC,['byte'],[nan]
W1M3A_deploy01,TEMP,['double'],[nan]
W1M3A_deploy01,TEMP_QC,['byte'],[nan]
W1M3A_deploy01,WDIR,['double'],[nan]
W1M3A_deploy01,WDIR_QC,['byte'],[nan]
W1M3A_deploy01,WSPD,['double'],[nan]
W1M3A_deploy01,WSPD_QC,['byte'],[nan]
W1M3A_deploy01,depth,['double'],[nan]
W1M3A_deploy01,latitude,['double'],[nan]
W1M3A_deploy01,longitude,['double'],[nan]
W1M3A_deploy01,position_QC,['byte'],[nan]
W1M3A_deploy01,station_id,['String'],[nan]
W1M3A_deploy01,time,['double'],[nan]
W1M3A_deploy01,time_QC,['byte'],[nan]
W1M3A_deploy02,ATMS,['double'],[nan]
W1M3A_deploy02,ATMS_QC,['byte'],[nan]
W1M3A_deploy02,DEPTH_QC,['byte'],[nan]
W1M3A_deploy02,DRYT,['double'],[nan]
W1M3A_deploy02,DRYT_QC,['byte'],[nan]
W1M3A_deploy02,LINC,['double'],[nan]
W1M3A_deploy02,LINC_QC,['byte'],[nan]
W1M3A_deploy02,PRES,['double'],[nan]
W1M3A_deploy02,PRES_QC,['byte'],[nan]
W1M3A_deploy02,PRRT,['double'],[nan]
W1M3A_deploy02,PRRT_QC,['byte'],[nan]
W1M3A_deploy02,PSAL,['double'],[nan]
W1M3A_deploy02,PSAL_QC,['byte'],[nan]
W1M3A_deploy02,RELH,['double'],[nan]
W1M3A_deploy02,RELH_QC,['byte'],[nan]
W1M3A_deploy02,SINC,['double'],[nan]
W1M3A_deploy02,SINC_QC,['byte'],[nan]
W1M3A_deploy02,TEMP,['double'],[nan]
W1M3A_deploy02,TEMP_QC,['byte'],[nan]
W1M3A_deploy02,WDIR,['double'],[nan]
W1M3A_deploy02,WDIR_QC,['byte'],[nan]
W1M3A_deploy02,WSPD,['double'],[nan]
W1M3A_deploy02,WSPD_QC,['byte'],[nan]
W1M3A_deploy02,depth,['double'],[nan]
W1M3A_deploy02,latitude,['double'],[nan]
W1M3A_deploy02,longitude,['double'],[nan]
W1M3A_deploy02,position_QC,['byte'],[nan]
W1M3A_deploy02,station_id,['String'],[nan]
W1M3A_deploy02,time,['double'],[nan]
W1M3A_deploy02,time_QC,['byte'],[nan]
W1M3A_deploy03,ATMS,['double'],[nan]
W1M3A_deploy03,ATMS_QC,['byte'],[nan]
W1M3A_deploy03,DEPTH_QC,['byte'],[nan]
W1M3A_deploy03,DRYT,['double'],[nan]
W1M3A_deploy03,DRYT_QC,['byte'],[nan]
W1M3A_deploy03,LINC,['double'],[nan]
W1M3A_deploy03,LINC_QC,['byte'],[nan]
W1M3A_deploy03,PRES,['double'],[nan]
W1M3A_deploy03,PRES_QC,['byte'],[nan]
W1M3A_deploy03,PRRT,['double'],[nan]
W1M3A_deploy03,PRRT_QC,['byte'],[nan]
W1M3A_deploy03,PSAL,['double'],[nan]
W1M3A_deploy03,PSAL_QC,['byte'],[nan]
W1M3A_deploy03,RELH,['double'],[nan]
W1M3A_deploy03,RELH_QC,['byte'],[nan]
W1M3A_deploy03,SINC,['double'],[nan]
W1M3A_deploy03,SINC_QC,['byte'],[nan]
W1M3A_deploy03,TEMP,['double'],[nan]
W1M3A_deploy03,TEMP_QC,['byte'],[nan]
W1M3A_deploy03,WDIR,['double'],[nan]
W1M3A_deploy03,WDIR_QC,['byte'],[nan]
W1M3A_deploy03,WSPD,['double'],[nan]
W1M3A_deploy03,WSPD_QC,['byte'],[nan]
W1M3A_deploy03,depth,['double'],[nan]
W1M3A_deploy03,latitude,['double'],[nan]
W1M3A_deploy03,longitude,['double'],[nan]
W1M3A_deploy03,position_QC,['byte'],[nan]
W1M3A_deploy03,station_id,['String'],[nan]
W1M3A_deploy03,time,['double'],[nan]
W1M3A_deploy03,time_QC,['byte'],[nan]
W1M3A_deploy04,ATMS,['double'],[nan]
W1M3A_deploy04,ATMS_QC,['byte'],[nan]
W1M3A_deploy04,DEPTH_QC,['byte'],[nan]
W1M3A_deploy04,DRYT,['double'],[nan]
W1M3A_deploy04,DRYT_QC,['byte'],[nan]
W1M3A_deploy04,LINC,['double'],[nan]
W1M3A_deploy04,LINC_QC,['byte'],[nan]
W1M3A_deploy04,PRES,['double'],[nan]
W1M3A_deploy04,PRES_QC,['byte'],[nan]
W1M3A_deploy04,PRRT,['double'],[nan]
W1M3A_deploy04,PRRT_QC,['byte'],[nan]
W1M3A_deploy04,PSAL,['double'],[nan]
W1M3A_deploy04,PSAL_QC,['byte'],[nan]
W1M3A_deploy04,RELH,['double'],[nan]
W1M3A_deploy04,RELH_QC,['byte'],[nan]
W1M3A_deploy04,SINC,['double'],[nan]
W1M3A_deploy04,SINC_QC,['byte'],[nan]
W1M3A_deploy04,TEMP,['double'],[nan]
W1M3A_deploy04,TEMP_QC,['byte'],[nan]
W1M3A_deploy04,WDIR,['double'],[nan]
W1M3A_deploy04,WDIR_QC,['byte'],[nan]
W1M3A_deploy04,WSPD,['double'],[nan]
W1M3A_deploy04,WSPD_QC,['byte'],[nan]
W1M3A_deploy04,depth,['double'],[nan]
W1M3A_deploy04,latitude,['double'],[nan]
W1M3A_deploy04,longitude,['double'],[nan]
W1M3A_deploy04,position_QC,['byte'],[nan]
W1M3A_deploy04,station_id,['String'],[nan]
W1M3A_deploy04,time,['double'],[nan]
W1M3A_deploy04,time_QC,['byte'],[nan]
W1M3A_deploy05,ATMS,['double'],[nan]
W1M3A_deploy05,ATMS_QC,['byte'],[nan]
W1M3A_deploy05,DEPTH_QC,['byte'],[nan]
W1M3A_deploy05,DRYT,['double'],[nan]
W1M3A_deploy05,DRYT_QC,['byte'],[nan]
W1M3A_deploy05,FLU2,['double'],[nan]
W1M3A_deploy05,FLU2_QC,['byte'],[nan]
W1M3A_deploy05,LINC,['double'],[nan]
W1M3A_deploy05,LINC_QC,['byte'],[nan]
W1M3A_deploy05,PRES,['double'],[nan]
W1M3A_deploy05,PRES_QC,['byte'],[nan]
W1M3A_deploy05,PRRT,['double'],[nan]
W1M3A_deploy05,PRRT_QC,['byte'],[nan]
W1M3A_deploy05,PSAL,['double'],[nan]
W1M3A_deploy05,PSAL_QC,['byte'],[nan]
W1M3A_deploy05,RELH,['double'],[nan]
W1M3A_deploy05,RELH_QC,['byte'],[nan]
W1M3A_deploy05,SINC,['double'],[nan]
W1M3A_deploy05,SINC_QC,['byte'],[nan]
W1M3A_deploy05,TEMP,['double'],[nan]
W1M3A_deploy05,TEMP_QC,['byte'],[nan]
W1M3A_deploy05,TUR4,['double'],[nan]
W1M3A_deploy05,TUR4_QC,['byte'],[nan]
W1M3A_deploy05,WDIR,['double'],[nan]
W1M3A_deploy05,WDIR_QC,['byte'],[nan]
W1M3A_deploy05,WSPD,['double'],[nan]
W1M3A_deploy05,WSPD_QC,['byte'],[nan]
W1M3A_deploy05,depth,['double'],[nan]
W1M3A_deploy05,latitude,['double'],[nan]
W1M3A_deploy05,longitude,['double'],[nan]
W1M3A_deploy05,position_QC,['byte'],[nan]
W1M3A_deploy05,station_id,['String'],[nan]
W1M3A_deploy05,time,['double'],[nan]
W1M3A_deploy05,time_QC,['byte'],[nan]
W1M3A_deploy06,ATMS,['double'],[nan]
W1M3A_deploy06,ATMS_QC,['byte'],[nan]
W1M3A_deploy06,DEPTH_QC,['byte'],[nan]
W1M3A_deploy06,DRYT,['double'],[nan]
W1M3A_deploy06,DRYT_QC,['byte'],[nan]
W1M3A_deploy06,FLU2,['double'],[nan]
W1M3A_deploy06,FLU2_QC,['byte'],[nan]
W1M3A_deploy06,LINC,['double'],[nan]
W1M3A_deploy06,LINC_QC,['byte'],[nan]
W1M3A_deploy06,PRES,['double'],[nan]
W1M3A_deploy06,PRES_QC,['byte'],[nan]
W1M3A_deploy06,PRRT,['double'],[nan]
W1M3A_deploy06,PRRT_QC,['byte'],[nan]
W1M3A_deploy06,PSAL,['double'],[nan]
W1M3A_deploy06,PSAL_QC,['byte'],[nan]
W1M3A_deploy06,RELH,['double'],[nan]
W1M3A_deploy06,RELH_QC,['byte'],[nan]
W1M3A_deploy06,SINC,['double'],[nan]
W1M3A_deploy06,SINC_QC,['byte'],[nan]
W1M3A_deploy06,TEMP,['double'],[nan]
W1M3A_deploy06,TEMP_QC,['byte'],[nan]
W1M3A_deploy06,TUR4,['double'],[nan]
W1M3A_deploy06,TUR4_QC,['byte'],[nan]
W1M3A_deploy06,WDIR,['double'],[nan]
W1M3A_deploy06,WDIR_QC,['byte'],[nan]
W1M3A_deploy06,WSPD,['double'],[nan]
W1M3A_deploy06,WSPD_QC,['byte'],[nan]
W1M3A_deploy06,depth,['double'],[nan]
W1M3A_deploy06,latitude,['double'],[nan]
W1M3A_deploy06,longitude,['double'],[nan]
W1M3A_deploy06,position_QC,['byte'],[nan]
W1M3A_deploy06,station_id,['String'],[nan]
W1M3A_deploy06,time,['double'],[nan]
W1M3A_deploy06,time_QC,['byte'],[nan]
W1M3A_deploy07,ATMS,['double'],[nan]
W1M3A_deploy07,ATMS_QC,['byte'],[nan]
W1M3A_deploy07,CNDC,['double'],[nan]
W1M3A_deploy07,CNDC_QC,['byte'],[nan]
W1M3A_deploy07,DEPTH_QC,['byte'],[nan]
W1M3A_deploy07,DOX1,['double'],[nan]
W1M3A_deploy07,DOX1_QC,['byte'],[nan]
W1M3A_deploy07,DRYT,['double'],[nan]
W1M3A_deploy07,DRYT_QC,['byte'],[nan]
W1M3A_deploy07,FLU2,['double'],[nan]
W1M3A_deploy07,FLU2_QC,['byte'],[nan]
W1M3A_deploy07,LINC,['double'],[nan]
W1M3A_deploy07,LINC_QC,['byte'],[nan]
W1M3A_deploy07,PRES,['double'],[nan]
W1M3A_deploy07,PRES_QC,['byte'],[nan]
W1M3A_deploy07,PRRT,['double'],[nan]
W1M3A_deploy07,PRRT_QC,['byte'],[nan]
W1M3A_deploy07,RELH,['double'],[nan]
W1M3A_deploy07,RELH_QC,['byte'],[nan]
W1M3A_deploy07,SINC,['double'],[nan]
W1M3A_deploy07,SINC_QC,['byte'],[nan]
W1M3A_deploy07,TEMP,['double'],[nan]
W1M3A_deploy07,TEMP_QC,['byte'],[nan]
W1M3A_deploy07,TUR4,['double'],[nan]
W1M3A_deploy07,TUR4_QC,['byte'],[nan]
W1M3A_deploy07,WDIR,['double'],[nan]
W1M3A_deploy07,WDIR_QC,['byte'],[nan]
W1M3A_deploy07,WSPD,['double'],[nan]
W1M3A_deploy07,WSPD_QC,['byte'],[nan]
W1M3A_deploy07,depth,['double'],[nan]
W1M3A_deploy07,latitude,['double'],[nan]
W1M3A_deploy07,longitude,['double'],[nan]
W1M3A_deploy07,position_QC,['byte'],[nan]
W1M3A_deploy07,station_id,['String'],[nan]
W1M3A_deploy07,time,['double'],[nan]
W1M3A_deploy07,time_QC,['byte'],[nan]
W1M3A_deploy08,ATMS,['double'],[nan]
W1M3A_deploy08,ATMS_QC,['byte'],[nan]
W1M3A_deploy08,CNDC,['double'],[nan]
W1M3A_deploy08,CNDC_QC,['byte'],[nan]
W1M3A_deploy08,DEPTH_QC,['byte'],[nan]
W1M3A_deploy08,DOX1,['double'],[nan]
W1M3A_deploy08,DOX1_QC,['byte'],[nan]
W1M3A_deploy08,DRYT,['double'],[nan]
W1M3A_deploy08,DRYT_QC,['byte'],[nan]
W1M3A_deploy08,FLU2,['double'],[nan]
W1M3A_deploy08,FLU2_QC,['byte'],[nan]
W1M3A_deploy08,LGH4,['double'],[nan]
W1M3A_deploy08,LGH4_QC,['byte'],[nan]
W1M3A_deploy08,LINC,['double'],[nan]
W1M3A_deploy08,LINC_QC,['byte'],[nan]
W1M3A_deploy08,POSITION_QC,['byte'],[nan]
W1M3A_deploy08,PRES,['double'],[nan]
W1M3A_deploy08,PRES_QC,['byte'],[nan]
W1M3A_deploy08,PRRT,['double'],[nan]
W1M3A_deploy08,PRRT_QC,['byte'],[nan]
W1M3A_deploy08,RELH,['double'],[nan]
W1M3A_deploy08,RELH_QC,['byte'],[nan]
W1M3A_deploy08,SINC,['double'],[nan]
W1M3A_deploy08,SINC_QC,['byte'],[nan]
W1M3A_deploy08,TEMP,['double'],[nan]
W1M3A_deploy08,TEMP_QC,['byte'],[nan]
W1M3A_deploy08,TIME_QC,['byte'],[nan]
W1M3A_deploy08,TUR4,['double'],[nan]
W1M3A_deploy08,TUR4_QC,['byte'],[nan]
W1M3A_deploy08,WDIR,['double'],[nan]
W1M3A_deploy08,WDIR_QC,['byte'],[nan]
W1M3A_deploy08,WSPD,['double'],[nan]
W1M3A_deploy08,WSPD_QC,['byte'],[nan]
W1M3A_deploy08,depth,['double'],[nan]
W1M3A_deploy08,latitude,['double'],[nan]
W1M3A_deploy08,longitude,['double'],[nan]
W1M3A_deploy08,sensor_id,['double'],[nan]
W1M3A_deploy08,station_id,['String'],[nan]
W1M3A_deploy08,time,['double'],[nan]
allDatasets,MakeAGraph,['String'],[nan]
allDatasets,accessible,['String'],[nan]
allDatasets,cdm_data_type,['String'],[nan]
allDatasets,class,['String'],[nan]
allDatasets,dataStructure,['String'],[nan]
allDatasets,datasetID,['String'],[nan]
allDatasets,email,['String'],[nan]
allDatasets,fgdc,['String'],[nan]
allDatasets,files,['String'],[nan]
allDatasets,griddap,['String'],[nan]
allDatasets,infoUrl,['String'],[nan]
allDatasets,institution,['String'],[nan]
allDatasets,iso19115,['String'],[nan]
allDatasets,latitudeSpacing,['double'],[nan]
allDatasets,longitudeSpacing,['double'],[nan]
allDatasets,maxAltitude,['double'],[nan]
allDatasets,maxLatitude,['double'],[nan]
allDatasets,maxLongitude,['double'],[nan]
allDatasets,maxTime,['double'],[nan]
allDatasets,metadata,['String'],[nan]
allDatasets,minAltitude,['double'],[nan]
allDatasets,minLatitude,['double'],[nan]
allDatasets,minLongitude,['double'],[nan]
allDatasets,minTime,['double'],[nan]
allDatasets,outOfDate,['float'],[nan]
allDatasets,rss,['String'],[nan]
allDatasets,sos,['String'],[nan]
allDatasets,sourceUrl,['String'],[nan]
allDatasets,subset,['String'],[nan]
allDatasets,summary,['String'],[nan]
allDatasets,tabledap,['String'],[nan]
allDatasets,testOutOfDate,['String'],[nan]
allDatasets,timeSpacing,['double'],[nan]
allDatasets,title,['String'],[nan]
allDatasets,wcs,['String'],[nan]
allDatasets,wms,['String'],[nan]
smartbay_obs_15min_mean,ICES_area,['String'],[nan]
smartbay_obs_15min_mean,ICES_ecoregion,['String'],[nan]
smartbay_obs_15min_mean,ICES_statistical_rectangle,['String'],[nan]
smartbay_obs_15min_mean,MSFD_region,['String'],[nan]
smartbay_obs_15min_mean,MSFD_subregion,['String'],[nan]
smartbay_obs_15min_mean,SeaVox_SeaArea,['String'],[nan]
smartbay_obs_15min_mean,SeaVox_SeaArea_urn,['String'],[nan]
smartbay_obs_15min_mean,WFD_waterbody_name,['String'],[nan]
smartbay_obs_15min_mean,WFD_waterbody_type,['String'],[nan]
smartbay_obs_15min_mean,adcp_bin_depth,['float'],[nan]
smartbay_obs_15min_mean,chl_nominal,['float'],[nan]
smartbay_obs_15min_mean,chl_nominal_qc,['int'],[nan]
smartbay_obs_15min_mean,ctd_idronaut_conductivity,['float'],[nan]
smartbay_obs_15min_mean,ctd_idronaut_conductivity_qc,['int'],[nan]
smartbay_obs_15min_mean,ctd_idronaut_oxygen_conc_mgl,['float'],[nan]
smartbay_obs_15min_mean,ctd_idronaut_oxygen_conc_mgl_qc,['int'],[nan]
smartbay_obs_15min_mean,ctd_idronaut_oxygen_sat,['float'],[nan]
smartbay_obs_15min_mean,ctd_idronaut_oxygen_sat_qc,['int'],[nan]
smartbay_obs_15min_mean,ctd_idronaut_pressure,['float'],[nan]
smartbay_obs_15min_mean,ctd_idronaut_pressure_qc,['int'],[nan]
smartbay_obs_15min_mean,ctd_idronaut_salinity,['float'],[nan]
smartbay_obs_15min_mean,ctd_idronaut_salinity_qc,['int'],[nan]
smartbay_obs_15min_mean,ctd_idronaut_soundvelocity,['float'],[nan]
smartbay_obs_15min_mean,ctd_idronaut_soundvelocity_qc,['int'],[nan]
smartbay_obs_15min_mean,ctd_idronaut_temperature,['float'],[nan]
smartbay_obs_15min_mean,ctd_idronaut_temperature_qc,['int'],[nan]
smartbay_obs_15min_mean,depth,['double'],[nan]
smartbay_obs_15min_mean,direction_2D,['float'],[nan]
smartbay_obs_15min_mean,latitude,['double'],[nan]
smartbay_obs_15min_mean,longitude,['double'],[nan]
smartbay_obs_15min_mean,midgid,['String'],[nan]
smartbay_obs_15min_mean,pco2_corrected,['float'],[nan]
smartbay_obs_15min_mean,pco2_corrected_qc,['int'],[nan]
smartbay_obs_15min_mean,platform_category,['String'],[nan]
smartbay_obs_15min_mean,platform_category_code,['String'],[nan]
smartbay_obs_15min_mean,platform_name,['String'],[nan]
smartbay_obs_15min_mean,sbe16plus_conductivity,['float'],[nan]
smartbay_obs_15min_mean,sbe16plus_conductivity_qc,['int'],[nan]
smartbay_obs_15min_mean,sbe16plus_oxygen_conc_mll,['float'],[nan]
smartbay_obs_15min_mean,sbe16plus_oxygen_conc_mll_qc,['int'],[nan]
smartbay_obs_15min_mean,sbe16plus_oxygen_sat,['float'],[nan]
smartbay_obs_15min_mean,sbe16plus_oxygen_sat_qc,['int'],[nan]
smartbay_obs_15min_mean,sbe16plus_salinity,['float'],[nan]
smartbay_obs_15min_mean,sbe16plus_salinity_qc,['int'],[nan]
smartbay_obs_15min_mean,sbe16plus_soundvelocity,['float'],[nan]
smartbay_obs_15min_mean,sbe16plus_soundvelocity_qc,['int'],[nan]
smartbay_obs_15min_mean,sbe16plus_temperature,['float'],[nan]
smartbay_obs_15min_mean,sbe16plus_temperature_qc,['int'],[nan]
smartbay_obs_15min_mean,site_bathy_depth,['double'],[nan]
smartbay_obs_15min_mean,spl_1000hz,['float'],[nan]
smartbay_obs_15min_mean,spl_1000hz_qc,['int'],[nan]
smartbay_obs_15min_mean,spl_125hz,['float'],[nan]
smartbay_obs_15min_mean,spl_125hz_qc,['int'],[nan]
smartbay_obs_15min_mean,spl_2000hz,['float'],[nan]
smartbay_obs_15min_mean,spl_2000hz_qc,['int'],[nan]
smartbay_obs_15min_mean,spl_63hz,['float'],[nan]
smartbay_obs_15min_mean,spl_63hz_qc,['int'],[nan]
smartbay_obs_15min_mean,spl_full,['float'],[nan]
smartbay_obs_15min_mean,spl_full_qc,['int'],[nan]
smartbay_obs_15min_mean,station_id,['String'],[nan]
smartbay_obs_15min_mean,time,['double'],[nan]
smartbay_obs_15min_mean,transect,['String'],[nan]
smartbay_obs_15min_mean,turbidity_nominal,['float'],[nan]
smartbay_obs_15min_mean,turbidity_nominal_qc,['int'],[nan]
smartbay_obs_15min_mean,velocity_2D,['float'],[nan]
smartbay_obs_15min_mean,velocity_east,['float'],[nan]
smartbay_obs_15min_mean,velocity_east_qc,['int'],[nan]
smartbay_obs_15min_mean,velocity_north,['float'],[nan]
smartbay_obs_15min_mean,velocity_north_qc,['int'],[nan]
smartbay_obs_15min_mean,velocity_upward,['float'],[nan]
smartbay_obs_15min_mean,velocity_upward_qc,['int'],[nan]
smartbay_obs_acoustic,ICES_area,['String'],[nan]
smartbay_obs_acoustic,ICES_ecoregion,['String'],[nan]
smartbay_obs_acoustic,ICES_statistical_rectangle,['String'],[nan]
smartbay_obs_acoustic,MSFD_region,['String'],[nan]
smartbay_obs_acoustic,MSFD_subregion,['String'],[nan]
smartbay_obs_acoustic,SeaVox_SeaArea,['String'],[nan]
smartbay_obs_acoustic,SeaVox_SeaArea_urn,['String'],[nan]
smartbay_obs_acoustic,WFD_waterbody_name,['String'],[nan]
smartbay_obs_acoustic,WFD_waterbody_type,['String'],[nan]
smartbay_obs_acoustic,depth,['double'],[nan]
smartbay_obs_acoustic,instrument_id,['String'],[nan]
smartbay_obs_acoustic,latitude,['double'],[nan]
smartbay_obs_acoustic,longitude,['double'],[nan]
smartbay_obs_acoustic,midgid,['String'],[nan]
smartbay_obs_acoustic,platform_category,['String'],[nan]
smartbay_obs_acoustic,platform_category_code,['String'],[nan]
smartbay_obs_acoustic,platform_name,['String'],[nan]
smartbay_obs_acoustic,sample_rate,['float'],[nan]
smartbay_obs_acoustic,site_bathy_depth,['double'],[nan]
smartbay_obs_acoustic,spl_1000hz,['float'],[nan]
smartbay_obs_acoustic,spl_1000hz_qc,['int'],[nan]
smartbay_obs_acoustic,spl_125hz,['float'],[nan]
smartbay_obs_acoustic,spl_125hz_qc,['int'],[nan]
smartbay_obs_acoustic,spl_2000hz,['float'],[nan]
smartbay_obs_acoustic,spl_2000hz_qc,['int'],[nan]
smartbay_obs_acoustic,spl_63hz,['float'],[nan]
smartbay_obs_acoustic,spl_63hz_qc,['int'],[nan]
smartbay_obs_acoustic,spl_full,['float'],[nan]
smartbay_obs_acoustic,spl_full_qc,['int'],[nan]
smartbay_obs_acoustic,station_id,['String'],[nan]
smartbay_obs_acoustic,time,['double'],[nan]
smartbay_obs_acoustic,transect,['String'],[nan]
smartbay_obs_adcp,ICES_area,['String'],[nan]
smartbay_obs_adcp,ICES_ecoregion,['String'],[nan]
smartbay_obs_adcp,ICES_statistical_rectangle,['String'],[nan]
smartbay_obs_adcp,MSFD_region,['String'],[nan]
smartbay_obs_adcp,MSFD_subregion,['String'],[nan]
smartbay_obs_adcp,SeaVox_SeaArea,['String'],[nan]
smartbay_obs_adcp,SeaVox_SeaArea_urn,['String'],[nan]
smartbay_obs_adcp,WFD_waterbody_name,['String'],[nan]
smartbay_obs_adcp,WFD_waterbody_type,['String'],[nan]
smartbay_obs_adcp,beam_angle,['float'],[nan]
smartbay_obs_adcp,bin_number,['float'],[nan]
smartbay_obs_adcp,correlation_0,['float'],[nan]
smartbay_obs_adcp,correlation_1,['float'],[nan]
smartbay_obs_adcp,correlation_2,['float'],[nan]
smartbay_obs_adcp,correlation_3,['float'],[nan]
smartbay_obs_adcp,depth,['double'],[nan]
smartbay_obs_adcp,direction_2D,['float'],[nan]
smartbay_obs_adcp,echo_intensity_0,['float'],[nan]
smartbay_obs_adcp,echo_intensity_1,['float'],[nan]
smartbay_obs_adcp,echo_intensity_2,['float'],[nan]
smartbay_obs_adcp,echo_intensity_3,['float'],[nan]
smartbay_obs_adcp,heading,['float'],[nan]
smartbay_obs_adcp,instrument_id,['String'],[nan]
smartbay_obs_adcp,latitude,['double'],[nan]
smartbay_obs_adcp,longitude,['double'],[nan]
smartbay_obs_adcp,midgid,['String'],[nan]
smartbay_obs_adcp,percent_good_0,['float'],[nan]
smartbay_obs_adcp,percent_good_1,['float'],[nan]
smartbay_obs_adcp,percent_good_2,['float'],[nan]
smartbay_obs_adcp,percent_good_3,['float'],[nan]
smartbay_obs_adcp,platform_category,['String'],[nan]
smartbay_obs_adcp,platform_category_code,['String'],[nan]
smartbay_obs_adcp,platform_name,['String'],[nan]
smartbay_obs_adcp,roll,['float'],[nan]
smartbay_obs_adcp,site_bathy_depth,['double'],[nan]
smartbay_obs_adcp,speed_of_sound,['float'],[nan]
smartbay_obs_adcp,station_id,['String'],[nan]
smartbay_obs_adcp,temperature,['float'],[nan]
smartbay_obs_adcp,time,['double'],[nan]
smartbay_obs_adcp,transect,['String'],[nan]
smartbay_obs_adcp,velocity_2D,['float'],[nan]
smartbay_obs_adcp,velocity_east,['float'],[nan]
smartbay_obs_adcp,velocity_east_qc,['int'],[nan]
smartbay_obs_adcp,velocity_error,['float'],[nan]
smartbay_obs_adcp,velocity_north,['float'],[nan]
smartbay_obs_adcp,velocity_north_qc,['int'],[nan]
smartbay_obs_adcp,velocity_upward,['float'],[nan]
smartbay_obs_adcp,velocity_upward_qc,['int'],[nan]
smartbay_obs_ctd_idronaut,ICES_area,['String'],[nan]
smartbay_obs_ctd_idronaut,ICES_ecoregion,['String'],[nan]
smartbay_obs_ctd_idronaut,ICES_statistical_rectangle,['String'],[nan]
smartbay_obs_ctd_idronaut,MSFD_region,['String'],[nan]
smartbay_obs_ctd_idronaut,MSFD_subregion,['String'],[nan]
smartbay_obs_ctd_idronaut,SeaVox_SeaArea,['String'],[nan]
smartbay_obs_ctd_idronaut,SeaVox_SeaArea_urn,['String'],[nan]
smartbay_obs_ctd_idronaut,WFD_waterbody_name,['String'],[nan]
smartbay_obs_ctd_idronaut,WFD_waterbody_type,['String'],[nan]
smartbay_obs_ctd_idronaut,conductivity,['float'],[nan]
smartbay_obs_ctd_idronaut,conductivity_qc,['int'],[nan]
smartbay_obs_ctd_idronaut,depth,['double'],[nan]
smartbay_obs_ctd_idronaut,instrument_id,['String'],[nan]
smartbay_obs_ctd_idronaut,latitude,['double'],[nan]
smartbay_obs_ctd_idronaut,longitude,['double'],[nan]
smartbay_obs_ctd_idronaut,midgid,['String'],[nan]
smartbay_obs_ctd_idronaut,oxygen_conc_mgl,['float'],[nan]
smartbay_obs_ctd_idronaut,oxygen_conc_mgl_qc,['int'],[nan]
smartbay_obs_ctd_idronaut,oxygen_sat,['float'],[nan]
smartbay_obs_ctd_idronaut,oxygen_sat_qc,['int'],[nan]
smartbay_obs_ctd_idronaut,platform_category,['String'],[nan]
smartbay_obs_ctd_idronaut,platform_category_code,['String'],[nan]
smartbay_obs_ctd_idronaut,platform_name,['String'],[nan]
smartbay_obs_ctd_idronaut,pressure,['float'],[nan]
smartbay_obs_ctd_idronaut,pressure_qc,['int'],[nan]
smartbay_obs_ctd_idronaut,salinity,['float'],[nan]
smartbay_obs_ctd_idronaut,salinity_qc,['int'],[nan]
smartbay_obs_ctd_idronaut,site_bathy_depth,['double'],[nan]
smartbay_obs_ctd_idronaut,soundvelocity,['float'],[nan]
smartbay_obs_ctd_idronaut,soundvelocity_qc,['int'],[nan]
smartbay_obs_ctd_idronaut,station_id,['String'],[nan]
smartbay_obs_ctd_idronaut,temperature,['float'],[nan]
smartbay_obs_ctd_idronaut,temperature_qc,['int'],[nan]
smartbay_obs_ctd_idronaut,time,['double'],[nan]
smartbay_obs_ctd_idronaut,transect,['String'],[nan]
smartbay_obs_ctd_sbe16,ICES_area,['String'],[nan]
smartbay_obs_ctd_sbe16,ICES_ecoregion,['String'],[nan]
smartbay_obs_ctd_sbe16,ICES_statistical_rectangle,['String'],[nan]
smartbay_obs_ctd_sbe16,MSFD_region,['String'],[nan]
smartbay_obs_ctd_sbe16,MSFD_subregion,['String'],[nan]
smartbay_obs_ctd_sbe16,SeaVox_SeaArea,['String'],[nan]
smartbay_obs_ctd_sbe16,SeaVox_SeaArea_urn,['String'],[nan]
smartbay_obs_ctd_sbe16,WFD_waterbody_name,['String'],[nan]
smartbay_obs_ctd_sbe16,WFD_waterbody_type,['String'],[nan]
smartbay_obs_ctd_sbe16,conductivity,['float'],[nan]
smartbay_obs_ctd_sbe16,conductivity_qc,['int'],[nan]
smartbay_obs_ctd_sbe16,depth,['double'],[nan]
smartbay_obs_ctd_sbe16,instrument_id,['String'],[nan]
smartbay_obs_ctd_sbe16,latitude,['double'],[nan]
smartbay_obs_ctd_sbe16,longitude,['double'],[nan]
smartbay_obs_ctd_sbe16,midgid,['String'],[nan]
smartbay_obs_ctd_sbe16,oxygen_conc_mll,['float'],[nan]
smartbay_obs_ctd_sbe16,oxygen_conc_mll_qc,['int'],[nan]
smartbay_obs_ctd_sbe16,oxygen_sat,['float'],[nan]
smartbay_obs_ctd_sbe16,oxygen_sat_qc,['int'],[nan]
smartbay_obs_ctd_sbe16,platform_category,['String'],[nan]
smartbay_obs_ctd_sbe16,platform_category_code,['String'],[nan]
smartbay_obs_ctd_sbe16,platform_name,['String'],[nan]
smartbay_obs_ctd_sbe16,pressure,['float'],[nan]
smartbay_obs_ctd_sbe16,pressure_qc,['int'],[nan]
smartbay_obs_ctd_sbe16,salinity,['float'],[nan]
smartbay_obs_ctd_sbe16,salinity_qc,['int'],[nan]
smartbay_obs_ctd_sbe16,site_bathy_depth,['double'],[nan]
smartbay_obs_ctd_sbe16,soundvelocity,['float'],[nan]
smartbay_obs_ctd_sbe16,soundvelocity_qc,['int'],[nan]
smartbay_obs_ctd_sbe16,station_id,['String'],[nan]
smartbay_obs_ctd_sbe16,temperature,['float'],[nan]
smartbay_obs_ctd_sbe16,temperature_qc,['int'],[nan]
smartbay_obs_ctd_sbe16,time,['double'],[nan]
smartbay_obs_ctd_sbe16,transect,['String'],[nan]
smartbay_obs_daily_mean,ICES_area,['String'],[nan]
smartbay_obs_daily_mean,ICES_ecoregion,['String'],[nan]
smartbay_obs_daily_mean,ICES_statistical_rectangle,['String'],[nan]
smartbay_obs_daily_mean,MSFD_region,['String'],[nan]
smartbay_obs_daily_mean,MSFD_subregion,['String'],[nan]
smartbay_obs_daily_mean,SeaVox_SeaArea,['String'],[nan]
smartbay_obs_daily_mean,SeaVox_SeaArea_urn,['String'],[nan]
smartbay_obs_daily_mean,WFD_waterbody_name,['String'],[nan]
smartbay_obs_daily_mean,WFD_waterbody_type,['String'],[nan]
smartbay_obs_daily_mean,adcp_bin_depth,['float'],[nan]
smartbay_obs_daily_mean,chl_nominal,['float'],[nan]
smartbay_obs_daily_mean,chl_nominal_qc,['int'],[nan]
smartbay_obs_daily_mean,ctd_idronaut_conductivity,['float'],[nan]
smartbay_obs_daily_mean,ctd_idronaut_conductivity_qc,['int'],[nan]
smartbay_obs_daily_mean,ctd_idronaut_oxygen_conc_mgl,['float'],[nan]
smartbay_obs_daily_mean,ctd_idronaut_oxygen_conc_mgl_qc,['int'],[nan]
smartbay_obs_daily_mean,ctd_idronaut_oxygen_sat,['float'],[nan]
smartbay_obs_daily_mean,ctd_idronaut_oxygen_sat_qc,['int'],[nan]
smartbay_obs_daily_mean,ctd_idronaut_pressure,['float'],[nan]
smartbay_obs_daily_mean,ctd_idronaut_pressure_qc,['int'],[nan]
smartbay_obs_daily_mean,ctd_idronaut_salinity,['float'],[nan]
smartbay_obs_daily_mean,ctd_idronaut_salinity_qc,['int'],[nan]
smartbay_obs_daily_mean,ctd_idronaut_soundvelocity,['float'],[nan]
smartbay_obs_daily_mean,ctd_idronaut_soundvelocity_qc,['int'],[nan]
smartbay_obs_daily_mean,ctd_idronaut_temperature,['float'],[nan]
smartbay_obs_daily_mean,ctd_idronaut_temperature_qc,['int'],[nan]
smartbay_obs_daily_mean,depth,['double'],[nan]
smartbay_obs_daily_mean,direction_2D,['float'],[nan]
smartbay_obs_daily_mean,latitude,['double'],[nan]
smartbay_obs_daily_mean,longitude,['double'],[nan]
smartbay_obs_daily_mean,midgid,['String'],[nan]
smartbay_obs_daily_mean,pco2_corrected,['float'],[nan]
smartbay_obs_daily_mean,pco2_corrected_qc,['int'],[nan]
smartbay_obs_daily_mean,platform_category,['String'],[nan]
smartbay_obs_daily_mean,platform_category_code,['String'],[nan]
smartbay_obs_daily_mean,platform_name,['String'],[nan]
smartbay_obs_daily_mean,sbe16plus_conductivity,['float'],[nan]
smartbay_obs_daily_mean,sbe16plus_conductivity_qc,['int'],[nan]
smartbay_obs_daily_mean,sbe16plus_oxygen_conc_mll,['float'],[nan]
smartbay_obs_daily_mean,sbe16plus_oxygen_conc_mll_qc,['int'],[nan]
smartbay_obs_daily_mean,sbe16plus_oxygen_sat,['float'],[nan]
smartbay_obs_daily_mean,sbe16plus_oxygen_sat_qc,['int'],[nan]
smartbay_obs_daily_mean,sbe16plus_salinity,['float'],[nan]
smartbay_obs_daily_mean,sbe16plus_salinity_qc,['int'],[nan]
smartbay_obs_daily_mean,sbe16plus_soundvelocity,['float'],[nan]
smartbay_obs_daily_mean,sbe16plus_soundvelocity_qc,['int'],[nan]
smartbay_obs_daily_mean,sbe16plus_temperature,['float'],[nan]
smartbay_obs_daily_mean,sbe16plus_temperature_qc,['int'],[nan]
smartbay_obs_daily_mean,site_bathy_depth,['double'],[nan]
smartbay_obs_daily_mean,spl_1000hz,['float'],[nan]
smartbay_obs_daily_mean,spl_1000hz_qc,['int'],[nan]
smartbay_obs_daily_mean,spl_125hz,['float'],[nan]
smartbay_obs_daily_mean,spl_125hz_qc,['int'],[nan]
smartbay_obs_daily_mean,spl_2000hz,['float'],[nan]
smartbay_obs_daily_mean,spl_2000hz_qc,['int'],[nan]
smartbay_obs_daily_mean,spl_63hz,['float'],[nan]
smartbay_obs_daily_mean,spl_63hz_qc,['int'],[nan]
smartbay_obs_daily_mean,spl_full,['float'],[nan]
smartbay_obs_daily_mean,spl_full_qc,['int'],[nan]
smartbay_obs_daily_mean,station_id,['String'],[nan]
smartbay_obs_daily_mean,time,['double'],[nan]
smartbay_obs_daily_mean,transect,['String'],[nan]
smartbay_obs_daily_mean,turbidity_nominal,['float'],[nan]
smartbay_obs_daily_mean,turbidity_nominal_qc,['int'],[nan]
smartbay_obs_daily_mean,velocity_2D,['float'],[nan]
smartbay_obs_daily_mean,velocity_east,['float'],[nan]
smartbay_obs_daily_mean,velocity_east_qc,['int'],[nan]
smartbay_obs_daily_mean,velocity_north,['float'],[nan]
smartbay_obs_daily_mean,velocity_north_qc,['int'],[nan]
smartbay_obs_daily_mean,velocity_upward,['float'],[nan]
smartbay_obs_daily_mean,velocity_upward_qc,['int'],[nan]
smartbay_obs_fluorometer_ecofl,ICES_area,['String'],[nan]
smartbay_obs_fluorometer_ecofl,ICES_ecoregion,['String'],[nan]
smartbay_obs_fluorometer_ecofl,ICES_statistical_rectangle,['String'],[nan]
smartbay_obs_fluorometer_ecofl,MSFD_region,['String'],[nan]
smartbay_obs_fluorometer_ecofl,MSFD_subregion,['String'],[nan]
smartbay_obs_fluorometer_ecofl,SeaVox_SeaArea,['String'],[nan]
smartbay_obs_fluorometer_ecofl,SeaVox_SeaArea_urn,['String'],[nan]
smartbay_obs_fluorometer_ecofl,WFD_waterbody_name,['String'],[nan]
smartbay_obs_fluorometer_ecofl,WFD_waterbody_type,['String'],[nan]
smartbay_obs_fluorometer_ecofl,chl_nominal,['float'],[nan]
smartbay_obs_fluorometer_ecofl,chl_nominal_qc,['int'],[nan]
smartbay_obs_fluorometer_ecofl,depth,['double'],[nan]
smartbay_obs_fluorometer_ecofl,instrument_id,['String'],[nan]
smartbay_obs_fluorometer_ecofl,latitude,['double'],[nan]
smartbay_obs_fluorometer_ecofl,longitude,['double'],[nan]
smartbay_obs_fluorometer_ecofl,midgid,['String'],[nan]
smartbay_obs_fluorometer_ecofl,platform_category,['String'],[nan]
smartbay_obs_fluorometer_ecofl,platform_category_code,['String'],[nan]
smartbay_obs_fluorometer_ecofl,platform_name,['String'],[nan]
smartbay_obs_fluorometer_ecofl,site_bathy_depth,['double'],[nan]
smartbay_obs_fluorometer_ecofl,station_id,['String'],[nan]
smartbay_obs_fluorometer_ecofl,time,['double'],[nan]
smartbay_obs_fluorometer_ecofl,transect,['String'],[nan]
smartbay_obs_fluorometer_ecofl,turbidity_nominal,['float'],[nan]
smartbay_obs_fluorometer_ecofl,turbidity_nominal_qc,['int'],[nan]
smartbay_obs_hour_mean,ICES_area,['String'],[nan]
smartbay_obs_hour_mean,ICES_ecoregion,['String'],[nan]
smartbay_obs_hour_mean,ICES_statistical_rectangle,['String'],[nan]
smartbay_obs_hour_mean,MSFD_region,['String'],[nan]
smartbay_obs_hour_mean,MSFD_subregion,['String'],[nan]
smartbay_obs_hour_mean,SeaVox_SeaArea,['String'],[nan]
smartbay_obs_hour_mean,SeaVox_SeaArea_urn,['String'],[nan]
smartbay_obs_hour_mean,WFD_waterbody_name,['String'],[nan]
smartbay_obs_hour_mean,WFD_waterbody_type,['String'],[nan]
smartbay_obs_hour_mean,adcp_bin_depth,['float'],[nan]
smartbay_obs_hour_mean,chl_nominal,['float'],[nan]
smartbay_obs_hour_mean,chl_nominal_qc,['int'],[nan]
smartbay_obs_hour_mean,ctd_idronaut_conductivity,['float'],[nan]
smartbay_obs_hour_mean,ctd_idronaut_conductivity_qc,['int'],[nan]
smartbay_obs_hour_mean,ctd_idronaut_oxygen_conc_mgl,['float'],[nan]
smartbay_obs_hour_mean,ctd_idronaut_oxygen_conc_mgl_qc,['int'],[nan]
smartbay_obs_hour_mean,ctd_idronaut_oxygen_sat,['float'],[nan]
smartbay_obs_hour_mean,ctd_idronaut_oxygen_sat_qc,['int'],[nan]
smartbay_obs_hour_mean,ctd_idronaut_pressure,['float'],[nan]
smartbay_obs_hour_mean,ctd_idronaut_pressure_qc,['int'],[nan]
smartbay_obs_hour_mean,ctd_idronaut_salinity,['float'],[nan]
smartbay_obs_hour_mean,ctd_idronaut_salinity_qc,['int'],[nan]
smartbay_obs_hour_mean,ctd_idronaut_soundvelocity,['float'],[nan]
smartbay_obs_hour_mean,ctd_idronaut_soundvelocity_qc,['int'],[nan]
smartbay_obs_hour_mean,ctd_idronaut_temperature,['float'],[nan]
smartbay_obs_hour_mean,ctd_idronaut_temperature_qc,['int'],[nan]
smartbay_obs_hour_mean,depth,['double'],[nan]
smartbay_obs_hour_mean,direction_2D,['float'],[nan]
smartbay_obs_hour_mean,latitude,['double'],[nan]
smartbay_obs_hour_mean,longitude,['double'],[nan]
smartbay_obs_hour_mean,midgid,['String'],[nan]
smartbay_obs_hour_mean,pco2_corrected,['float'],[nan]
smartbay_obs_hour_mean,pco2_corrected_qc,['int'],[nan]
smartbay_obs_hour_mean,platform_category,['String'],[nan]
smartbay_obs_hour_mean,platform_category_code,['String'],[nan]
smartbay_obs_hour_mean,platform_name,['String'],[nan]
smartbay_obs_hour_mean,sbe16plus_conductivity,['float'],[nan]
smartbay_obs_hour_mean,sbe16plus_conductivity_qc,['int'],[nan]
smartbay_obs_hour_mean,sbe16plus_oxygen_conc_mll,['float'],[nan]
smartbay_obs_hour_mean,sbe16plus_oxygen_conc_mll_qc,['int'],[nan]
smartbay_obs_hour_mean,sbe16plus_oxygen_sat,['float'],[nan]
smartbay_obs_hour_mean,sbe16plus_oxygen_sat_qc,['int'],[nan]
smartbay_obs_hour_mean,sbe16plus_salinity,['float'],[nan]
smartbay_obs_hour_mean,sbe16plus_salinity_qc,['int'],[nan]
smartbay_obs_hour_mean,sbe16plus_soundvelocity,['float'],[nan]
smartbay_obs_hour_mean,sbe16plus_soundvelocity_qc,['int'],[nan]
smartbay_obs_hour_mean,sbe16plus_temperature,['float'],[nan]
smartbay_obs_hour_mean,sbe16plus_temperature_qc,['int'],[nan]
smartbay_obs_hour_mean,site_bathy_depth,['double'],[nan]
smartbay_obs_hour_mean,spl_1000hz,['float'],[nan]
smartbay_obs_hour_mean,spl_1000hz_qc,['int'],[nan]
smartbay_obs_hour_mean,spl_125hz,['float'],[nan]
smartbay_obs_hour_mean,spl_125hz_qc,['int'],[nan]
smartbay_obs_hour_mean,spl_2000hz,['float'],[nan]
smartbay_obs_hour_mean,spl_2000hz_qc,['int'],[nan]
smartbay_obs_hour_mean,spl_63hz,['float'],[nan]
smartbay_obs_hour_mean,spl_63hz_qc,['int'],[nan]
smartbay_obs_hour_mean,spl_full,['float'],[nan]
smartbay_obs_hour_mean,spl_full_qc,['int'],[nan]
smartbay_obs_hour_mean,station_id,['String'],[nan]
smartbay_obs_hour_mean,time,['double'],[nan]
smartbay_obs_hour_mean,transect,['String'],[nan]
smartbay_obs_hour_mean,turbidity_nominal,['float'],[nan]
smartbay_obs_hour_mean,turbidity_nominal_qc,['int'],[nan]
smartbay_obs_hour_mean,velocity_2D,['float'],[nan]
smartbay_obs_hour_mean,velocity_east,['float'],[nan]
smartbay_obs_hour_mean,velocity_east_qc,['int'],[nan]
smartbay_obs_hour_mean,velocity_north,['float'],[nan]
smartbay_obs_hour_mean,velocity_north_qc,['int'],[nan]
smartbay_obs_hour_mean,velocity_upward,['float'],[nan]
smartbay_obs_hour_mean,velocity_upward_qc,['int'],[nan]
smartbay_obs_pco2_contros,ICES_area,['String'],[nan]
smartbay_obs_pco2_contros,ICES_ecoregion,['String'],[nan]
smartbay_obs_pco2_contros,ICES_statistical_rectangle,['String'],[nan]
smartbay_obs_pco2_contros,MSFD_region,['String'],[nan]
smartbay_obs_pco2_contros,MSFD_subregion,['String'],[nan]
smartbay_obs_pco2_contros,SeaVox_SeaArea,['String'],[nan]
smartbay_obs_pco2_contros,SeaVox_SeaArea_urn,['String'],[nan]
smartbay_obs_pco2_contros,WFD_waterbody_name,['String'],[nan]
smartbay_obs_pco2_contros,WFD_waterbody_type,['String'],[nan]
smartbay_obs_pco2_contros,depth,['double'],[nan]
smartbay_obs_pco2_contros,instrument_id,['String'],[nan]
smartbay_obs_pco2_contros,latitude,['double'],[nan]
smartbay_obs_pco2_contros,longitude,['double'],[nan]
smartbay_obs_pco2_contros,midgid,['String'],[nan]
smartbay_obs_pco2_contros,pco2_corrected,['float'],[nan]
smartbay_obs_pco2_contros,pco2_corrected_qc,['int'],[nan]
smartbay_obs_pco2_contros,platform_category,['String'],[nan]
smartbay_obs_pco2_contros,platform_category_code,['String'],[nan]
smartbay_obs_pco2_contros,platform_name,['String'],[nan]
smartbay_obs_pco2_contros,site_bathy_depth,['double'],[nan]
smartbay_obs_pco2_contros,station_id,['String'],[nan]
smartbay_obs_pco2_contros,time,['double'],[nan]
smartbay_obs_pco2_contros,transect,['String'],[nan]
