datasetID,accessible,institution,dataStructure,cdm_data_type,class,title,minLongitude (degrees_east),maxLongitude (degrees_east),longitudeSpacing (degrees_east),minLatitude (degrees_north),maxLatitude (degrees_north),latitudeSpacing (degrees_north),minAltitude (m),maxAltitude (m),minTime (UTC),maxTime (UTC),timeSpacing (seconds),griddap,subset,tabledap,MakeAGraph,sos,wcs,wms,files,fgdc,iso19115,metadata,sourceUrl,infoUrl,rss,email,testOutOfDate,outOfDate,summary
allDatasets,public,Axiom Docker Install,table,Other,EDDTableFromAllDatasets,* The List of All Active Datasets in this ERDDAP *,,,,,,,,,,,,,https://erddap.emso.eu/erddap/tabledap/allDatasets.subset,https://erddap.emso.eu/erddap/tabledap/allDatasets,https://erddap.emso.eu/erddap/tabledap/allDatasets.graph,,,,,,,https://erddap.emso.eu/erddap/info/allDatasets/index,https://localhost:8443/erddap,https://erddap.emso.eu/erddap,https://erddap.emso.eu/erddap/rss/allDatasets.rss,https://erddap.emso.eu/erddap/subscriptions/add.html?datasetID=allDatasets&showErrors=false&email=,,,This dataset is a table which has a row of information for each dataset currently active in this ERDDAP.
EMSO_OBSEA_Buoy_Airmar_150WX_30min,public,Polytechnic University of Catalonia,table,Point,EDDTableFromErddap,Atmospheric data from an Airmar 150WX weather station at OBSEA Buoy (30min average),1.75257,1.75257,,41.18212,41.18212,,-0.0,-0.0,2011-10-06T11:00:00Z,2021-12-08T23:30:00Z,,,https://erddap.emso.eu/erddap/tabledap/EMSO_OBSEA_Buoy_Airmar_150WX_30min.subset,https://erddap.emso.eu/erddap/tabledap/EMSO_OBSEA_Buoy_Airmar_150WX_30min,https://erddap.emso.eu/erddap/tabledap/EMSO_OBSEA_Buoy_Airmar_150WX_30min.graph,,,,,https://erddap.emso.eu/erddap/metadata/fgdc/xml/EMSO_OBSEA_Buoy_Airmar_150WX_30min_fgdc.xml,https://erddap.emso.eu/erddap/metadata/iso19115/xml/EMSO_OBSEA_Buoy_Airmar_150WX_30min_iso19115.xml,https://erddap.emso.eu/erddap/info/EMSO_OBSEA_Buoy_Airmar_150WX_30min/index,(local files),https://edmo.seadatanet.org/report/2150,https://erddap.emso.eu/erddap/rss/EMSO_OBSEA_Buoy_Airmar_150WX_30min.rss,https://erddap.emso.eu/erddap/subscriptions/add.html?datasetID=EMSO_OBSEA_Buoy_Airmar_150WX_30min&showErrors=false&email=,,,Atmospheric data collected by an Airmar 150WX weather station at OBSEA Buoy averaged every 30min
EMSO_OBSEA_CTD_30min,public,Polytechnic University of Catalonia,table,Point,EDDTableFromErddap,CTD data at OBSEA Underwater Observatory (30min average),1.75257,1.75257,,41.18212,41.18212,,-20.0,-20.0,2009-05-29T18:30:00Z,2024-12-16T13:30:00Z,,,https://erddap.emso.eu/erddap/tabledap/EMSO_OBSEA_CTD_30min.subset,https://erddap.emso.eu/erddap/tabledap/EMSO_OBSEA_CTD_30min,https://erddap.emso.eu/erddap/tabledap/EMSO_OBSEA_CTD_30min.graph,,,,,https://erddap.emso.eu/erddap/metadata/fgdc/xml/EMSO_OBSEA_CTD_30min_fgdc.xml,https://erddap.emso.eu/erddap/metadata/iso19115/xml/EMSO_OBSEA_CTD_30min_iso19115.xml,https://erddap.emso.eu/erddap/info/EMSO_OBSEA_CTD_30min/index,(local files),https://edmo.seadatanet.org/report/2150,https://erddap.emso.eu/erddap/rss/EMSO_OBSEA_CTD_30min.rss,https://erddap.emso.eu/erddap/subscriptions/add.html?datasetID=EMSO_OBSEA_CTD_30min&showErrors=false&email=,,,CTD data measured at OBSEA underwater observatory
EMSO_OBSEA_CTD_full,public,Polytechnic University of Catalonia,table,Point,EDDTableFromErddap,CTD data at OBSEA Underwater Observatory (full data),1.75257,1.75257,,41.18212,41.18212,,-20.0,-20.0,2009-05-29T18:35:42Z,2024-12-16T14:29:54Z,,,https://erddap.emso.eu/erddap/tabledap/EMSO_OBSEA_CTD_full.subset,https://erddap.emso.eu/erddap/tabledap/EMSO_OBSEA_CTD_full,https://erddap.emso.eu/erddap/tabledap/EMSO_OBSEA_CTD_full.graph,,,,,https://erddap.emso.eu/erddap/metadata/fgdc/xml/EMSO_OBSEA_CTD_full_fgdc.xml,https://erddap.emso.eu/erddap/metadata/iso19115/xml/EMSO_OBSEA_CTD_full_iso19115.xml,https://erddap.emso.eu/erddap/info/EMSO_OBSEA_CTD_full/index,(local files),https://edmo.seadatanet.org/report/2150,https://erddap.emso.eu/erddap/rss/EMSO_OBSEA_CTD_full.rss,https://erddap.emso.eu/erddap/subscriptions/add.html?datasetID=EMSO_OBSEA_CTD_full&showErrors=false&email=,,,CTD data measured at OBSEA underwater observatory full data
EMSO_OBSEA_CTD_SBE37SI_UNCERT_full,public,Polytechnic University of Catalonia,table,Point,EDDTableFromErddap,CTD data at OBSEA Underwater Observatory (full data),1.75257,1.75257,,41.18212,41.18212,,-20.0,-20.0,2025-01-22T10:04:50Z,2025-05-08T06:35:45Z,,,https://erddap.emso.eu/erddap/tabledap/EMSO_OBSEA_CTD_SBE37SI_UNCERT_full.subset,https://erddap.emso.eu/erddap/tabledap/EMSO_OBSEA_CTD_SBE37SI_UNCERT_full,https://erddap.emso.eu/erddap/tabledap/EMSO_OBSEA_CTD_SBE37SI_UNCERT_full.graph,,,,,https://erddap.emso.eu/erddap/metadata/fgdc/xml/EMSO_OBSEA_CTD_SBE37SI_UNCERT_full_fgdc.xml,https://erddap.emso.eu/erddap/metadata/iso19115/xml/EMSO_OBSEA_CTD_SBE37SI_UNCERT_full_iso19115.xml,https://erddap.emso.eu/erddap/info/EMSO_OBSEA_CTD_SBE37SI_UNCERT_full/index,(local files),https://edmo.seadatanet.org/report/2150,https://erddap.emso.eu/erddap/rss/EMSO_OBSEA_CTD_SBE37SI_UNCERT_full.rss,https://erddap.emso.eu/erddap/subscriptions/add.html?datasetID=EMSO_OBSEA_CTD_SBE37SI_UNCERT_full&showErrors=false&email=,,,CTD data measured at OBSEA underwater observatory full data
EMSO_OBSEA_AWAC_currents_30min,public,Polytechnic University of Catalonia,table,Point,EDDTableFromErddap,Current data from an AWAC-AST 1 MHz ADCP at OBSEA (30min average),1.75257,1.75257,,41.18212,41.18212,,-0.0,-19.0,2010-04-08T10:30:00Z,2023-12-22T03:30:00Z,,,https://erddap.emso.eu/erddap/tabledap/EMSO_OBSEA_AWAC_currents_30min.subset,https://erddap.emso.eu/erddap/tabledap/EMSO_OBSEA_AWAC_currents_30min,https://erddap.emso.eu/erddap/tabledap/EMSO_OBSEA_AWAC_currents_30min.graph,,,,,https://erddap.emso.eu/erddap/metadata/fgdc/xml/EMSO_OBSEA_AWAC_currents_30min_fgdc.xml,https://erddap.emso.eu/erddap/metadata/iso19115/xml/EMSO_OBSEA_AWAC_currents_30min_iso19115.xml,https://erddap.emso.eu/erddap/info/EMSO_OBSEA_AWAC_currents_30min/index,(local files),https://edmo.seadatanet.org/report/2150,https://erddap.emso.eu/erddap/rss/EMSO_OBSEA_AWAC_currents_30min.rss,https://erddap.emso.eu/erddap/subscriptions/add.html?datasetID=EMSO_OBSEA_AWAC_currents_30min&showErrors=false&email=,,,Current data collected and processed by an AWAC-SN5931-AST 1 MHz at OBSEA (30min average)
EMSO_OBSEA_AWAC_currents_full,public,Polytechnic University of Catalonia,table,Point,EDDTableFromErddap,Current data from an AWAC-AST 1 MHz ADCP at OBSEA (full data),1.75257,1.75257,,41.18212,41.18212,,-0.0,-19.0,2010-04-08T10:29:46Z,2024-12-16T14:06:12Z,,,https://erddap.emso.eu/erddap/tabledap/EMSO_OBSEA_AWAC_currents_full.subset,https://erddap.emso.eu/erddap/tabledap/EMSO_OBSEA_AWAC_currents_full,https://erddap.emso.eu/erddap/tabledap/EMSO_OBSEA_AWAC_currents_full.graph,,,,,https://erddap.emso.eu/erddap/metadata/fgdc/xml/EMSO_OBSEA_AWAC_currents_full_fgdc.xml,https://erddap.emso.eu/erddap/metadata/iso19115/xml/EMSO_OBSEA_AWAC_currents_full_iso19115.xml,https://erddap.emso.eu/erddap/info/EMSO_OBSEA_AWAC_currents_full/index,(local files),https://edmo.seadatanet.org/report/2150,https://erddap.emso.eu/erddap/rss/EMSO_OBSEA_AWAC_currents_full.rss,https://erddap.emso.eu/erddap/subscriptions/add.html?datasetID=EMSO_OBSEA_AWAC_currents_full&showErrors=false&email=,,,Current data collected and processed by an AWAC-SN5931-AST 1 MHz at OBSEA (full data)
EMSO_OBSEA_Besos_Buoy_Airmar_200WX_30min,public,Polytechnic University of Catalonia,table,Point,EDDTableFromErddap,Data from Airmar 200 WX weather station deployed at OBSEA's Besos Buoy (30min average),1.75257,1.75257,,41.18212,41.18212,,-0.0,-0.0,2022-08-02T10:00:00Z,2024-08-29T11:00:00Z,,,https://erddap.emso.eu/erddap/tabledap/EMSO_OBSEA_Besos_Buoy_Airmar_200WX_30min.subset,https://erddap.emso.eu/erddap/tabledap/EMSO_OBSEA_Besos_Buoy_Airmar_200WX_30min,https://erddap.emso.eu/erddap/tabledap/EMSO_OBSEA_Besos_Buoy_Airmar_200WX_30min.graph,,,,,https://erddap.emso.eu/erddap/metadata/fgdc/xml/EMSO_OBSEA_Besos_Buoy_Airmar_200WX_30min_fgdc.xml,https://erddap.emso.eu/erddap/metadata/iso19115/xml/EMSO_OBSEA_Besos_Buoy_Airmar_200WX_30min_iso19115.xml,https://erddap.emso.eu/erddap/info/EMSO_OBSEA_Besos_Buoy_Airmar_200WX_30min/index,(local files),https://edmo.seadatanet.org/report/2150,https://erddap.emso.eu/erddap/rss/EMSO_OBSEA_Besos_Buoy_Airmar_200WX_30min.rss,https://erddap.emso.eu/erddap/subscriptions/add.html?datasetID=EMSO_OBSEA_Besos_Buoy_Airmar_200WX_30min&showErrors=false&email=,,,"Weather station from  an Airmar 200WX deployed at OBSEA's Besos Buoy, NW mediterranean sea"
EMSO_OBSEA_Besos_Buoy_Airmar_200WX_full,public,Polytechnic University of Catalonia,table,Point,EDDTableFromErddap,Data from Airmar 200 WX weather station deployed at OBSEA's Besos Buoy (full data),1.75257,1.75257,,41.18212,41.18212,,-0.0,-0.0,2022-08-02T10:29:20Z,2024-08-29T11:16:50Z,,,https://erddap.emso.eu/erddap/tabledap/EMSO_OBSEA_Besos_Buoy_Airmar_200WX_full.subset,https://erddap.emso.eu/erddap/tabledap/EMSO_OBSEA_Besos_Buoy_Airmar_200WX_full,https://erddap.emso.eu/erddap/tabledap/EMSO_OBSEA_Besos_Buoy_Airmar_200WX_full.graph,,,,,https://erddap.emso.eu/erddap/metadata/fgdc/xml/EMSO_OBSEA_Besos_Buoy_Airmar_200WX_full_fgdc.xml,https://erddap.emso.eu/erddap/metadata/iso19115/xml/EMSO_OBSEA_Besos_Buoy_Airmar_200WX_full_iso19115.xml,https://erddap.emso.eu/erddap/info/EMSO_OBSEA_Besos_Buoy_Airmar_200WX_full/index,(local files),https://edmo.seadatanet.org/report/2150,https://erddap.emso.eu/erddap/rss/EMSO_OBSEA_Besos_Buoy_Airmar_200WX_full.rss,https://erddap.emso.eu/erddap/subscriptions/add.html?datasetID=EMSO_OBSEA_Besos_Buoy_Airmar_200WX_full&showErrors=false&email=,,,"Weather station from  an Airmar 200WX deployed at OBSEA's Besos Buoy, NW mediterranean sea full sensor data"
OS_ESTOC_2014_D_pH_FixO3-surface,public,Oceanic Platform of the Canary Islands- PLOCAN,grid,TimeSeries,EDDGridFromErddap,"dm carbon-system, OS ESTOC 2014 D pH FixO3-surface (OceanSITES ESTOC in-situ data.)",,,,,,,-1.5,-1.5,2014-06-03T07:37:55Z,2014-10-22T19:04:48Z,40881.64816053496,https://erddap.emso.eu/erddap/griddap/OS_ESTOC_2014_D_pH_FixO3-surface,,,https://erddap.emso.eu/erddap/griddap/OS_ESTOC_2014_D_pH_FixO3-surface.graph,,,,,,,https://erddap.emso.eu/erddap/info/OS_ESTOC_2014_D_pH_FixO3-surface/index,http://data.plocan.eu/thredds/dodsC/estoc/buoy-surface/dm_ocean/dm_carbon-system/OS_ESTOC_2014_D_pH_FixO3-surface.nc,http://data.plocan.eu/thredds/PLOCAN-Observatory_Data-Policy_v2.pdf,https://erddap.emso.eu/erddap/rss/OS_ESTOC_2014_D_pH_FixO3-surface.rss,https://erddap.emso.eu/erddap/subscriptions/add.html?datasetID=OS_ESTOC_2014_D_pH_FixO3-surface&showErrors=false&email=,,,"OceanSITES ESTOC in-situ data. The European Station forTime-series in the Ocean, Canary Islands (ESTOC) is a sustained and multidisciplinary observatory located at the east central North Atlantic. The ESTOC goal is the creation of an Eulerian long time series on an inter- and multidisciplinary basis in order to monitor and help understand oceanic long-term variability in the North Atlantic subtropical gyre. ESTOC is providing hydrographic and biogeochemical time-series datasets from 1994. Activities include a ship-based observation program (observations of physical, chemical and biological parameters) and one moored structure with meteorological and oceanic surface observations, as well as in the water column."
OS_ESTOC_2015_D_pH_FixO3-surface-1,public,Oceanic Platform of the Canary Islands- PLOCAN,grid,TimeSeries,EDDGridFromErddap,"dm carbon-system, OS ESTOC 2015 D pH FixO3-surface-1 (OceanSITES ESTOC in-situ data.)",,,,,,,-1.5,-1.5,2015-05-19T12:02:52Z,2015-09-24T00:05:45Z,50765.77327188918,https://erddap.emso.eu/erddap/griddap/OS_ESTOC_2015_D_pH_FixO3-surface-1,,,https://erddap.emso.eu/erddap/griddap/OS_ESTOC_2015_D_pH_FixO3-surface-1.graph,,,,,,,https://erddap.emso.eu/erddap/info/OS_ESTOC_2015_D_pH_FixO3-surface-1/index,http://data.plocan.eu/thredds/dodsC/estoc/buoy-surface/dm_ocean/dm_carbon-system/OS_ESTOC_2015_D_pH_FixO3-surface-1.nc,http://data.plocan.eu/thredds/PLOCAN-Observatory_Data-Policy_v2.pdf,https://erddap.emso.eu/erddap/rss/OS_ESTOC_2015_D_pH_FixO3-surface-1.rss,https://erddap.emso.eu/erddap/subscriptions/add.html?datasetID=OS_ESTOC_2015_D_pH_FixO3-surface-1&showErrors=false&email=,,,"OceanSITES ESTOC in-situ data. The European Station forTime-series in the Ocean, Canary Islands (ESTOC) is a sustained and multidisciplinary observatory located at the east central North Atlantic. The ESTOC goal is the creation of an Eulerian long time series on an inter- and multidisciplinary basis in order to monitor and help understand oceanic long-term variability in the North Atlantic subtropical gyre. ESTOC is providing hydrographic and biogeochemical time-series datasets from 1994. Activities include a ship-based observation program (observations of physical, chemical and biological parameters) and one moored structure with meteorological and oceanic surface observations, as well as in the water column."
OS_ESTOC_2015_D_pH_FixO3-surface-2,public,Oceanic Platform of the Canary Islands- PLOCAN,grid,TimeSeries,EDDGridFromErddap,"dm carbon-system, OS ESTOC 2015 D pH FixO3-surface-2 (OceanSITES ESTOC in-situ data.)",,,,,,,-1.5,-1.5,2015-10-24T12:02:52Z,2016-06-07T12:05:45Z,57685.21411764692,https://erddap.emso.eu/erddap/griddap/OS_ESTOC_2015_D_pH_FixO3-surface-2,,,https://erddap.emso.eu/erddap/griddap/OS_ESTOC_2015_D_pH_FixO3-surface-2.graph,,,,,,,https://erddap.emso.eu/erddap/info/OS_ESTOC_2015_D_pH_FixO3-surface-2/index,http://data.plocan.eu/thredds/dodsC/estoc/buoy-surface/dm_ocean/dm_carbon-system/OS_ESTOC_2015_D_pH_FixO3-surface-2.nc,http://data.plocan.eu/thredds/PLOCAN-Observatory_Data-Policy_v2.pdf,https://erddap.emso.eu/erddap/rss/OS_ESTOC_2015_D_pH_FixO3-surface-2.rss,https://erddap.emso.eu/erddap/subscriptions/add.html?datasetID=OS_ESTOC_2015_D_pH_FixO3-surface-2&showErrors=false&email=,,,"OceanSITES ESTOC in-situ data. The European Station forTime-series in the Ocean, Canary Islands (ESTOC) is a sustained and multidisciplinary observatory located at the east central North Atlantic. The ESTOC goal is the creation of an Eulerian long time series on an inter- and multidisciplinary basis in order to monitor and help understand oceanic long-term variability in the North Atlantic subtropical gyre. ESTOC is providing hydrographic and biogeochemical time-series datasets from 1994. Activities include a ship-based observation program (observations of physical, chemical and biological parameters) and one moored structure with meteorological and oceanic surface observations, as well as in the water column."
OS_ESTOC_2016_D_buoy-ocean-1,public,Oceanic Platform of the Canary Islands- PLOCAN,grid,TimeSeries,EDDGridFromErddap,"dm carbon-system, OS ESTOC 2016 D buoy-ocean-1 (OceanSITES ESTOC in-situ data.)",,,,,,,1.0,1.0,2016-10-10T20:59:44Z,2016-10-20T12:00:00Z,3584.549357758514,https://erddap.emso.eu/erddap/griddap/OS_ESTOC_2016_D_buoy-ocean-1,,,https://erddap.emso.eu/erddap/griddap/OS_ESTOC_2016_D_buoy-ocean-1.graph,,,,,,,https://erddap.emso.eu/erddap/info/OS_ESTOC_2016_D_buoy-ocean-1/index,http://data.plocan.eu/thredds/dodsC/estoc/buoy-surface/dm_ocean/dm_carbon-system/OS_ESTOC_2016_D_buoy-ocean-1.nc,http://data.plocan.eu/thredds/PLOCAN-Observatory_Data-Policy_v2.pdf,https://erddap.emso.eu/erddap/rss/OS_ESTOC_2016_D_buoy-ocean-1.rss,https://erddap.emso.eu/erddap/subscriptions/add.html?datasetID=OS_ESTOC_2016_D_buoy-ocean-1&showErrors=false&email=,,,"OceanSITES ESTOC in-situ data. The European Station forTime-series in the Ocean, Canary Islands (ESTOC) is a sustained and multidisciplinary observatory located at the east central North Atlantic. The ESTOC goal is the creation of an Eulerian long time series on an inter- and multidisciplinary basis in order to monitor and help understand oceanic long-term variability in the North Atlantic subtropical gyre. ESTOC is providing hydrographic and biogeochemical time-series datasets from 1994. Activities include a ship-based observation program (observations of physical, chemical and biological parameters) and one moored structure with meteorological and oceanic surface observations, as well as in the water column."
OS_ESTOC_2016_D_buoy-ocean-2,public,Oceanic Platform of the Canary Islands- PLOCAN,grid,TimeSeries,EDDGridFromErddap,"dm carbon-system, OS ESTOC 2016 D buoy-ocean-2 (OceanSITES ESTOC in-situ data.)",,,,,,,1.0,1.0,2016-10-12T00:00:29Z,2016-12-06T12:00:00Z,3629.9546139289,https://erddap.emso.eu/erddap/griddap/OS_ESTOC_2016_D_buoy-ocean-2,,,https://erddap.emso.eu/erddap/griddap/OS_ESTOC_2016_D_buoy-ocean-2.graph,,,,,,,https://erddap.emso.eu/erddap/info/OS_ESTOC_2016_D_buoy-ocean-2/index,http://data.plocan.eu/thredds/dodsC/estoc/buoy-surface/dm_ocean/dm_carbon-system/OS_ESTOC_2016_D_buoy-ocean-2.nc,http://data.plocan.eu/thredds/PLOCAN-Observatory_Data-Policy_v2.pdf,https://erddap.emso.eu/erddap/rss/OS_ESTOC_2016_D_buoy-ocean-2.rss,https://erddap.emso.eu/erddap/subscriptions/add.html?datasetID=OS_ESTOC_2016_D_buoy-ocean-2&showErrors=false&email=,,,"OceanSITES ESTOC in-situ data. The European Station forTime-series in the Ocean, Canary Islands (ESTOC) is a sustained and multidisciplinary observatory located at the east central North Atlantic. The ESTOC goal is the creation of an Eulerian long time series on an inter- and multidisciplinary basis in order to monitor and help understand oceanic long-term variability in the North Atlantic subtropical gyre. ESTOC is providing hydrographic and biogeochemical time-series datasets from 1994. Activities include a ship-based observation program (observations of physical, chemical and biological parameters) and one moored structure with meteorological and oceanic surface observations, as well as in the water column."
OS_ESTOC_2017_D_buoy-ocean-1,public,Oceanic Platform of the Canary Islands- PLOCAN,grid,TimeSeries,EDDGridFromErddap,"dm carbon-system, OS ESTOC 2017 D buoy-ocean-1 (OceanSITES ESTOC in-situ data.)",,,,,,,1.0,1.0,2017-04-15T16:00:20Z,2017-09-27T12:00:00Z,3620.127064819498,https://erddap.emso.eu/erddap/griddap/OS_ESTOC_2017_D_buoy-ocean-1,,,https://erddap.emso.eu/erddap/griddap/OS_ESTOC_2017_D_buoy-ocean-1.graph,,,,,,,https://erddap.emso.eu/erddap/info/OS_ESTOC_2017_D_buoy-ocean-1/index,http://data.plocan.eu/thredds/dodsC/estoc/buoy-surface/dm_ocean/dm_carbon-system/OS_ESTOC_2017_D_buoy-ocean-1.nc,http://data.plocan.eu/thredds/PLOCAN-Observatory_Data-Policy_v2.pdf,https://erddap.emso.eu/erddap/rss/OS_ESTOC_2017_D_buoy-ocean-1.rss,https://erddap.emso.eu/erddap/subscriptions/add.html?datasetID=OS_ESTOC_2017_D_buoy-ocean-1&showErrors=false&email=,,,"OceanSITES ESTOC in-situ data. The European Station forTime-series in the Ocean, Canary Islands (ESTOC) is a sustained and multidisciplinary observatory located at the east central North Atlantic. The ESTOC goal is the creation of an Eulerian long time series on an inter- and multidisciplinary basis in order to monitor and help understand oceanic long-term variability in the North Atlantic subtropical gyre. ESTOC is providing hydrographic and biogeochemical time-series datasets from 1994. Activities include a ship-based observation program (observations of physical, chemical and biological parameters) and one moored structure with meteorological and oceanic surface observations, as well as in the water column."
OS_ESTOC_2017_D_buoy-ocean-2,public,Oceanic Platform of the Canary Islands- PLOCAN,grid,TimeSeries,EDDGridFromErddap,"dm carbon-system, OS ESTOC 2017 D buoy-ocean-2 (OceanSITES ESTOC in-situ data.)",,,,,,,1.0,1.0,2017-04-15T16:00:20Z,2017-09-27T12:00:00Z,3620.127064819498,https://erddap.emso.eu/erddap/griddap/OS_ESTOC_2017_D_buoy-ocean-2,,,https://erddap.emso.eu/erddap/griddap/OS_ESTOC_2017_D_buoy-ocean-2.graph,,,,,,,https://erddap.emso.eu/erddap/info/OS_ESTOC_2017_D_buoy-ocean-2/index,http://data.plocan.eu/thredds/dodsC/estoc/buoy-surface/dm_ocean/dm_carbon-system/OS_ESTOC_2017_D_buoy-ocean-2.nc,http://data.plocan.eu/thredds/PLOCAN-Observatory_Data-Policy_v2.pdf,https://erddap.emso.eu/erddap/rss/OS_ESTOC_2017_D_buoy-ocean-2.rss,https://erddap.emso.eu/erddap/subscriptions/add.html?datasetID=OS_ESTOC_2017_D_buoy-ocean-2&showErrors=false&email=,,,"OceanSITES ESTOC in-situ data. The European Station forTime-series in the Ocean, Canary Islands (ESTOC) is a sustained and multidisciplinary observatory located at the east central North Atlantic. The ESTOC goal is the creation of an Eulerian long time series on an inter- and multidisciplinary basis in order to monitor and help understand oceanic long-term variability in the North Atlantic subtropical gyre. ESTOC is providing hydrographic and biogeochemical time-series datasets from 1994. Activities include a ship-based observation program (observations of physical, chemical and biological parameters) and one moored structure with meteorological and oceanic surface observations, as well as in the water column."
OS_ESTOC_201704_D_PCO2_FixO3-surface,public,Oceanic Platform of the Canary Islands- PLOCAN,grid,TimeSeries,EDDGridFromErddap,"dm carbon-system, OS ESTOC 201704 D PCO2 FixO3-surface (OceanSITES ESTOC in-situ data.)",,,,,,,-1.5,-1.5,2017-04-14T18:00:00Z,2017-09-27T12:00:00Z,21632.62839879154,https://erddap.emso.eu/erddap/griddap/OS_ESTOC_201704_D_PCO2_FixO3-surface,,,https://erddap.emso.eu/erddap/griddap/OS_ESTOC_201704_D_PCO2_FixO3-surface.graph,,,,,,,https://erddap.emso.eu/erddap/info/OS_ESTOC_201704_D_PCO2_FixO3-surface/index,http://data.plocan.eu/thredds/dodsC/estoc/buoy-surface/dm_ocean/dm_carbon-system/OS_ESTOC_201704_D_PCO2_FixO3-surface.nc,http://data.plocan.eu/thredds/PLOCAN-Observatory_Data-Policy_v2.pdf,https://erddap.emso.eu/erddap/rss/OS_ESTOC_201704_D_PCO2_FixO3-surface.rss,https://erddap.emso.eu/erddap/subscriptions/add.html?datasetID=OS_ESTOC_201704_D_PCO2_FixO3-surface&showErrors=false&email=,,,"OceanSITES ESTOC in-situ data. The European Station forTime-series in the Ocean, Canary Islands (ESTOC) is a sustained and multidisciplinary observatory located at the east central North Atlantic. The ESTOC goal is the creation of an Eulerian long time series on an inter- and multidisciplinary basis in order to monitor and help understand oceanic long-term variability in the North Atlantic subtropical gyre. ESTOC is providing hydrographic and biogeochemical time-series datasets from 1994. Activities include a ship-based observation program (observations of physical, chemical and biological parameters) and one moored structure with meteorological and oceanic surface observations, as well as in the water column."
OS_ESTOC_201704_D_pH_FixO3-surface,public,Oceanic Platform of the Canary Islands- PLOCAN,grid,TimeSeries,EDDGridFromErddap,"dm carbon-system, OS ESTOC 201704 D pH FixO3-surface (OceanSITES ESTOC in-situ data.)",,,,,,,-1.5,-1.5,2017-04-14T17:57:00Z,2017-06-07T11:56:59Z,22220.095674641398,https://erddap.emso.eu/erddap/griddap/OS_ESTOC_201704_D_pH_FixO3-surface,,,https://erddap.emso.eu/erddap/griddap/OS_ESTOC_201704_D_pH_FixO3-surface.graph,,,,,,,https://erddap.emso.eu/erddap/info/OS_ESTOC_201704_D_pH_FixO3-surface/index,http://data.plocan.eu/thredds/dodsC/estoc/buoy-surface/dm_ocean/dm_carbon-system/OS_ESTOC_201704_D_pH_FixO3-surface.nc,http://data.plocan.eu/thredds/PLOCAN-Observatory_Data-Policy_v2.pdf,https://erddap.emso.eu/erddap/rss/OS_ESTOC_201704_D_pH_FixO3-surface.rss,https://erddap.emso.eu/erddap/subscriptions/add.html?datasetID=OS_ESTOC_201704_D_pH_FixO3-surface&showErrors=false&email=,,,"OceanSITES ESTOC in-situ data. The European Station forTime-series in the Ocean, Canary Islands (ESTOC) is a sustained and multidisciplinary observatory located at the east central North Atlantic. The ESTOC goal is the creation of an Eulerian long time series on an inter- and multidisciplinary basis in order to monitor and help understand oceanic long-term variability in the North Atlantic subtropical gyre. ESTOC is providing hydrographic and biogeochemical time-series datasets from 1994. Activities include a ship-based observation program (observations of physical, chemical and biological parameters) and one moored structure with meteorological and oceanic surface observations, as well as in the water column."
OS_ESTOC_201709_D_pCO2_FixO3-surface,public,Oceanic Platform of the Canary Islands- PLOCAN,grid,TimeSeries,EDDGridFromErddap,"dm carbon-system, OS ESTOC 201709 D pCO2 FixO3-surface (OceanSITES ESTOC in-situ data.)",,,,,,,-1.5,-1.5,2017-09-26T18:00:01Z,2017-12-28T06:00:00Z,23644.967449703865,https://erddap.emso.eu/erddap/griddap/OS_ESTOC_201709_D_pCO2_FixO3-surface,,,https://erddap.emso.eu/erddap/griddap/OS_ESTOC_201709_D_pCO2_FixO3-surface.graph,,,,,,,https://erddap.emso.eu/erddap/info/OS_ESTOC_201709_D_pCO2_FixO3-surface/index,http://data.plocan.eu/thredds/dodsC/estoc/buoy-surface/dm_ocean/dm_carbon-system/OS_ESTOC_201709_D_pCO2_FixO3-surface.nc,http://data.plocan.eu/thredds/PLOCAN-Observatory_Data-Policy_v2.pdf,https://erddap.emso.eu/erddap/rss/OS_ESTOC_201709_D_pCO2_FixO3-surface.rss,https://erddap.emso.eu/erddap/subscriptions/add.html?datasetID=OS_ESTOC_201709_D_pCO2_FixO3-surface&showErrors=false&email=,,,"OceanSITES ESTOC in-situ data. The European Station forTime-series in the Ocean, Canary Islands (ESTOC) is a sustained and multidisciplinary observatory located at the east central North Atlantic. The ESTOC goal is the creation of an Eulerian long time series on an inter- and multidisciplinary basis in order to monitor and help understand oceanic long-term variability in the North Atlantic subtropical gyre. ESTOC is providing hydrographic and biogeochemical time-series datasets from 1994. Activities include a ship-based observation program (observations of physical, chemical and biological parameters) and one moored structure with meteorological and oceanic surface observations, as well as in the water column."
OS_ESTOC_2018_D_pCO2_EMSO-surface,public,Oceanic Platform of the Canary Islands- PLOCAN,grid,TimeSeries,EDDGridFromErddap,"dm carbon-system, OS ESTOC 2018 D pCO2 EMSO-surface (OceanSITES ESTOC in-situ data.)",,,,,,,-1.5,-1.5,2018-05-22T18:00:00Z,2019-02-25T00:00:00Z,21619.424460431652,https://erddap.emso.eu/erddap/griddap/OS_ESTOC_2018_D_pCO2_EMSO-surface,,,https://erddap.emso.eu/erddap/griddap/OS_ESTOC_2018_D_pCO2_EMSO-surface.graph,,,,,,,https://erddap.emso.eu/erddap/info/OS_ESTOC_2018_D_pCO2_EMSO-surface/index,http://data.plocan.eu/thredds/dodsC/estoc/buoy-surface/dm_ocean/dm_carbon-system/OS_ESTOC_2018_D_pCO2_EMSO-surface.nc,http://data.plocan.eu/thredds/PLOCAN-Observatory_Data-Policy_v2.pdf,https://erddap.emso.eu/erddap/rss/OS_ESTOC_2018_D_pCO2_EMSO-surface.rss,https://erddap.emso.eu/erddap/subscriptions/add.html?datasetID=OS_ESTOC_2018_D_pCO2_EMSO-surface&showErrors=false&email=,,,"OceanSITES ESTOC in-situ data. The European Station forTime-series in the Ocean, Canary Islands (ESTOC) is a sustained and multidisciplinary observatory located at the east central North Atlantic. The ESTOC goal is the creation of an Eulerian long time series on an inter- and multidisciplinary basis in order to monitor and help understand oceanic long-term variability in the North Atlantic subtropical gyre. ESTOC is providing hydrographic and biogeochemical time-series datasets from 1994. Activities include a ship-based observation program (observations of physical, chemical and biological parameters) and one moored structure with meteorological and oceanic surface observations, as well as in the water column."
OS_ESTOC_2018_D_pH_EMSO-surface,public,Oceanic Platform of the Canary Islands- PLOCAN,grid,TimeSeries,EDDGridFromErddap,"dm carbon-system, OS ESTOC 2018 D pH EMSO-surface (OceanSITES ESTOC in-situ data.)",,,,,,,-1.5,-1.5,2018-05-31T12:11:00Z,2019-02-25T00:00:00Z,21599.38775510204,https://erddap.emso.eu/erddap/griddap/OS_ESTOC_2018_D_pH_EMSO-surface,,,https://erddap.emso.eu/erddap/griddap/OS_ESTOC_2018_D_pH_EMSO-surface.graph,,,,,,,https://erddap.emso.eu/erddap/info/OS_ESTOC_2018_D_pH_EMSO-surface/index,http://data.plocan.eu/thredds/dodsC/estoc/buoy-surface/dm_ocean/dm_carbon-system/OS_ESTOC_2018_D_pH_EMSO-surface.nc,http://data.plocan.eu/thredds/PLOCAN-Observatory_Data-Policy_v2.pdf,https://erddap.emso.eu/erddap/rss/OS_ESTOC_2018_D_pH_EMSO-surface.rss,https://erddap.emso.eu/erddap/subscriptions/add.html?datasetID=OS_ESTOC_2018_D_pH_EMSO-surface&showErrors=false&email=,,,"OceanSITES ESTOC in-situ data. The European Station forTime-series in the Ocean, Canary Islands (ESTOC) is a sustained and multidisciplinary observatory located at the east central North Atlantic. The ESTOC goal is the creation of an Eulerian long time series on an inter- and multidisciplinary basis in order to monitor and help understand oceanic long-term variability in the North Atlantic subtropical gyre. ESTOC is providing hydrographic and biogeochemical time-series datasets from 1994. Activities include a ship-based observation program (observations of physical, chemical and biological parameters) and one moored structure with meteorological and oceanic surface observations, as well as in the water column."
OS_ESTOC_2019_D_pH_EMSO-surface,public,Oceanic Platform of the Canary Islands- PLOCAN,grid,TimeSeries,EDDGridFromErddap,"dm carbon-system, OS ESTOC 2019 D pH EMSO-surface (OceanSITES ESTOC in-situ data.)",,,,,,,-1.5,-1.5,2019-02-24T18:00:00Z,2019-12-04T06:00:00Z,22896.81050656661,https://erddap.emso.eu/erddap/griddap/OS_ESTOC_2019_D_pH_EMSO-surface,,,https://erddap.emso.eu/erddap/griddap/OS_ESTOC_2019_D_pH_EMSO-surface.graph,,,,,,,https://erddap.emso.eu/erddap/info/OS_ESTOC_2019_D_pH_EMSO-surface/index,http://data.plocan.eu/thredds/dodsC/estoc/buoy-surface/dm_ocean/dm_carbon-system/OS_ESTOC_2019_D_pH_EMSO-surface.nc,http://data.plocan.eu/thredds/PLOCAN-Observatory_Data-Policy_v2.pdf,https://erddap.emso.eu/erddap/rss/OS_ESTOC_2019_D_pH_EMSO-surface.rss,https://erddap.emso.eu/erddap/subscriptions/add.html?datasetID=OS_ESTOC_2019_D_pH_EMSO-surface&showErrors=false&email=,,,"OceanSITES ESTOC in-situ data. The European Station forTime-series in the Ocean, Canary Islands (ESTOC) is a sustained and multidisciplinary observatory located at the east central North Atlantic. The ESTOC goal is the creation of an Eulerian long time series on an inter- and multidisciplinary basis in order to monitor and help understand oceanic long-term variability in the North Atlantic subtropical gyre. ESTOC is providing hydrographic and biogeochemical time-series datasets from 1994. Activities include a ship-based observation program (observations of physical, chemical and biological parameters) and one moored structure with meteorological and oceanic surface observations, as well as in the water column."
OS_ESTOC_2014_D_CTD-FIXO3-surface,public,Oceanic Platform of the Canary Islands- PLOCAN,grid,TimeSeries,EDDGridFromErddap,"dm ctd-do-flntu, OS ESTOC 2014 D CTD-FIXO3-surface (OceanSITES ESTOC in-situ data.)",,,,,,,-1.0,-1.0,2014-06-03T12:14:03Z,2015-03-04T15:14:03Z,900.0,https://erddap.emso.eu/erddap/griddap/OS_ESTOC_2014_D_CTD-FIXO3-surface,,,https://erddap.emso.eu/erddap/griddap/OS_ESTOC_2014_D_CTD-FIXO3-surface.graph,,,,,,,https://erddap.emso.eu/erddap/info/OS_ESTOC_2014_D_CTD-FIXO3-surface/index,http://data.plocan.eu/thredds/dodsC/estoc/buoy-surface/dm_ocean/dm_ctd-do-flntu/OS_ESTOC_2014_D_CTD-FIXO3-surface.nc,http://data.plocan.eu/thredds/PLOCAN-Observatory_Data-Policy_v2.pdf,https://erddap.emso.eu/erddap/rss/OS_ESTOC_2014_D_CTD-FIXO3-surface.rss,https://erddap.emso.eu/erddap/subscriptions/add.html?datasetID=OS_ESTOC_2014_D_CTD-FIXO3-surface&showErrors=false&email=,,,"OceanSITES ESTOC in-situ data. The European Station forTime-series in the Ocean, Canary Islands (ESTOC) is a sustained and multidisciplinary observatory located at the east central North Atlantic. The ESTOC goal is the creation of an Eulerian long time series on an inter- and multidisciplinary basis in order to monitor and help understand oceanic long-term variability in the North Atlantic subtropical gyre. ESTOC is providing hydrographic and biogeochemical time-series datasets from 1994. Activities include a ship-based observation program (observations of physical, chemical and biological parameters) and one moored structure with meteorological and oceanic surface observations, as well as in the water column."
OS_ESTOC_2014_D_SST-PSAL-DOXI-CPHL-TURB_FixO3-surface,public,Oceanic Platform of the Canary Islands- PLOCAN,grid,TimeSeries,EDDGridFromErddap,"dm ctd-do-flntu, OS ESTOC 2014 D SST-PSAL-DOXI-CPHL-TURB FixO3-surface",,,,,,,-3.0,-3.0,2014-06-02T15:28:07Z,2014-12-22T14:09:22Z,3604.208642137749,https://erddap.emso.eu/erddap/griddap/OS_ESTOC_2014_D_SST-PSAL-DOXI-CPHL-TURB_FixO3-surface,,,https://erddap.emso.eu/erddap/griddap/OS_ESTOC_2014_D_SST-PSAL-DOXI-CPHL-TURB_FixO3-surface.graph,,,,,,,https://erddap.emso.eu/erddap/info/OS_ESTOC_2014_D_SST-PSAL-DOXI-CPHL-TURB_FixO3-surface/index,http://data.plocan.eu/thredds/dodsC/estoc/buoy-surface/dm_ocean/dm_ctd-do-flntu/OS_ESTOC_2014_D_SST-PSAL-DOXI-CPHL-TURB_FixO3-surface.nc,http://data.plocan.eu/thredds/PLOCAN-Observatory_Data-Policy_v2.pdf,https://erddap.emso.eu/erddap/rss/OS_ESTOC_2014_D_SST-PSAL-DOXI-CPHL-TURB_FixO3-surface.rss,https://erddap.emso.eu/erddap/subscriptions/add.html?datasetID=OS_ESTOC_2014_D_SST-PSAL-DOXI-CPHL-TURB_FixO3-surface&showErrors=false&email=,,,"OceanSITES ESTOC in-situ data. The European Station forTime-series in the Ocean, Canary Islands (ESTOC) is a sustained and multidisciplinary observatory located at the east central North Atlantic. The ESTOC goal is the creation of an Eulerian long time series on an inter- and multidisciplinary basis in order to monitor and help understand oceanic long-term variability in the North Atlantic subtropical gyre. ESTOC is providing hydrographic and biogeochemical time-series datasets from 1994. Activities include a ship-based observation program (observations of physical, chemical and biological parameters) and one moored structure with meteorological and oceanic surface observations, as well as in the water column."
OS_ESTOC_2015_D_CTD-FIXO3-surface,public,Oceanic Platform of the Canary Islands- PLOCAN,grid,TimeSeries,EDDGridFromErddap,"dm ctd-do-flntu, OS ESTOC 2015 D CTD-FIXO3-surface (OceanSITES ESTOC in-situ data.)",,,,,,,-1.0,-1.0,2015-10-24T12:00:00Z,2016-06-08T12:14:03Z,899.9974302160903,https://erddap.emso.eu/erddap/griddap/OS_ESTOC_2015_D_CTD-FIXO3-surface,,,https://erddap.emso.eu/erddap/griddap/OS_ESTOC_2015_D_CTD-FIXO3-surface.graph,,,,,,,https://erddap.emso.eu/erddap/info/OS_ESTOC_2015_D_CTD-FIXO3-surface/index,http://data.plocan.eu/thredds/dodsC/estoc/buoy-surface/dm_ocean/dm_ctd-do-flntu/OS_ESTOC_2015_D_CTD-FIXO3-surface.nc,http://data.plocan.eu/thredds/PLOCAN-Observatory_Data-Policy_v2.pdf,https://erddap.emso.eu/erddap/rss/OS_ESTOC_2015_D_CTD-FIXO3-surface.rss,https://erddap.emso.eu/erddap/subscriptions/add.html?datasetID=OS_ESTOC_2015_D_CTD-FIXO3-surface&showErrors=false&email=,,,"OceanSITES ESTOC in-situ data. The European Station forTime-series in the Ocean, Canary Islands (ESTOC) is a sustained and multidisciplinary observatory located at the east central North Atlantic. The ESTOC goal is the creation of an Eulerian long time series on an inter- and multidisciplinary basis in order to monitor and help understand oceanic long-term variability in the North Atlantic subtropical gyre. ESTOC is providing hydrographic and biogeochemical time-series datasets from 1994. Activities include a ship-based observation program (observations of physical, chemical and biological parameters) and one moored structure with meteorological and oceanic surface observations, as well as in the water column."
OS_ESTOC_2015_D_SST-PSAL-DOXI-CPHL-TURB_FixO3-surface,public,Oceanic Platform of the Canary Islands- PLOCAN,grid,TimeSeries,EDDGridFromErddap,"dm ctd-do-flntu, OS ESTOC 2015 D SST-PSAL-DOXI-CPHL-TURB FixO3-surface",,,,,,,-3.0,-3.0,2015-05-19T14:09:22Z,2015-09-25T08:00:56Z,600.0050539942748,https://erddap.emso.eu/erddap/griddap/OS_ESTOC_2015_D_SST-PSAL-DOXI-CPHL-TURB_FixO3-surface,,,https://erddap.emso.eu/erddap/griddap/OS_ESTOC_2015_D_SST-PSAL-DOXI-CPHL-TURB_FixO3-surface.graph,,,,,,,https://erddap.emso.eu/erddap/info/OS_ESTOC_2015_D_SST-PSAL-DOXI-CPHL-TURB_FixO3-surface/index,http://data.plocan.eu/thredds/dodsC/estoc/buoy-surface/dm_ocean/dm_ctd-do-flntu/OS_ESTOC_2015_D_SST-PSAL-DOXI-CPHL-TURB_FixO3-surface.nc,http://data.plocan.eu/thredds/PLOCAN-Observatory_Data-Policy_v2.pdf,https://erddap.emso.eu/erddap/rss/OS_ESTOC_2015_D_SST-PSAL-DOXI-CPHL-TURB_FixO3-surface.rss,https://erddap.emso.eu/erddap/subscriptions/add.html?datasetID=OS_ESTOC_2015_D_SST-PSAL-DOXI-CPHL-TURB_FixO3-surface&showErrors=false&email=,,,"OceanSITES ESTOC in-situ data. The European Station forTime-series in the Ocean, Canary Islands (ESTOC) is a sustained and multidisciplinary observatory located at the east central North Atlantic. The ESTOC goal is the creation of an Eulerian long time series on an inter- and multidisciplinary basis in order to monitor and help understand oceanic long-term variability in the North Atlantic subtropical gyre. ESTOC is providing hydrographic and biogeochemical time-series datasets from 1994. Activities include a ship-based observation program (observations of physical, chemical and biological parameters) and one moored structure with meteorological and oceanic surface observations, as well as in the water column."
OS_ESTOC_2015_D_SST-PSAL-DOXI-DOXITEMP-CPHL_FixO3-surface,public,Oceanic Platform of the Canary Islands- PLOCAN,grid,TimeSeries,EDDGridFromErddap,"dm ctd-do-flntu, OS ESTOC 2015 D SST-PSAL-DOXI-DOXITEMP-CPHL FixO3-surface",,,,,,,-1.5,-1.5,2015-10-24T12:00:00Z,2016-06-08T12:00:00Z,600.0,https://erddap.emso.eu/erddap/griddap/OS_ESTOC_2015_D_SST-PSAL-DOXI-DOXITEMP-CPHL_FixO3-surface,,,https://erddap.emso.eu/erddap/griddap/OS_ESTOC_2015_D_SST-PSAL-DOXI-DOXITEMP-CPHL_FixO3-surface.graph,,,,,,,https://erddap.emso.eu/erddap/info/OS_ESTOC_2015_D_SST-PSAL-DOXI-DOXITEMP-CPHL_FixO3-surface/index,http://data.plocan.eu/thredds/dodsC/estoc/buoy-surface/dm_ocean/dm_ctd-do-flntu/OS_ESTOC_2015_D_SST-PSAL-DOXI-DOXITEMP-CPHL_FixO3-surface.nc,http://data.plocan.eu/thredds/PLOCAN-Observatory_Data-Policy_v2.pdf,https://erddap.emso.eu/erddap/rss/OS_ESTOC_2015_D_SST-PSAL-DOXI-DOXITEMP-CPHL_FixO3-surface.rss,https://erddap.emso.eu/erddap/subscriptions/add.html?datasetID=OS_ESTOC_2015_D_SST-PSAL-DOXI-DOXITEMP-CPHL_FixO3-surface&showErrors=false&email=,,,"OceanSITES ESTOC in-situ data. The European Station forTime-series in the Ocean, Canary Islands (ESTOC) is a sustained and multidisciplinary observatory located at the east central North Atlantic. The ESTOC goal is the creation of an Eulerian long time series on an inter- and multidisciplinary basis in order to monitor and help understand oceanic long-term variability in the North Atlantic subtropical gyre. ESTOC is providing hydrographic and biogeochemical time-series datasets from 1994. Activities include a ship-based observation program (observations of physical, chemical and biological parameters) and one moored structure with meteorological and oceanic surface observations, as well as in the water column."
OS_ESTOC_201505_D_FLNTU_FixO3-100m,public,Oceanic Platform of the Canary Islands- PLOCAN,grid,TimeSeries,EDDGridFromErddap,"dm ctd-do-flntu, OS ESTOC 201505 D FLNTU FixO3-100m (OceanSITES ESTOC in-situ data.)",,,,,,,-100.0,-100.0,2015-05-19T11:50:03Z,2015-09-25T17:11:35Z,900.9030903735846,https://erddap.emso.eu/erddap/griddap/OS_ESTOC_201505_D_FLNTU_FixO3-100m,,,https://erddap.emso.eu/erddap/griddap/OS_ESTOC_201505_D_FLNTU_FixO3-100m.graph,,,,,,,https://erddap.emso.eu/erddap/info/OS_ESTOC_201505_D_FLNTU_FixO3-100m/index,http://data.plocan.eu/thredds/dodsC/estoc/mooring-watercolumn/dm_ctd-do-flntu/OS_ESTOC_201505_D_FLNTU_FixO3-100m.nc,http://data.plocan.eu/thredds/PLOCAN-Observatory_Data-Policy_v2.pdf,https://erddap.emso.eu/erddap/rss/OS_ESTOC_201505_D_FLNTU_FixO3-100m.rss,https://erddap.emso.eu/erddap/subscriptions/add.html?datasetID=OS_ESTOC_201505_D_FLNTU_FixO3-100m&showErrors=false&email=,,,"OceanSITES ESTOC in-situ data. The European Station forTime-series in the Ocean, Canary Islands (ESTOC) is a sustained and multidisciplinary observatory located at the east central North Atlantic. The ESTOC goal is the creation of an Eulerian long time series on an inter- and multidisciplinary basis in order to monitor and help understand oceanic long-term variability in the North Atlantic subtropical gyre. ESTOC is providing hydrographic and biogeochemical time-series datasets from 1994. Activities include a ship-based observation program (observations of physical, chemical and biological parameters) and one moored structure with meteorological and oceanic surface observations, as well as in the water column."
OS_ESTOC_201505_D_FLNTU-FIX03-100m,public,Oceanic Platform of the Canary Islands- PLOCAN,grid,TimeSeries,EDDGridFromErddap,"dm ctd-do-flntu, OS ESTOC 201505 D FLNTU-FIX03-100m (OceanSITES ESTOC in-situ data.)",,,,,,,-100.0,-100.0,2015-05-19T11:50:03Z,2015-09-25T17:11:35Z,900.9030903735846,https://erddap.emso.eu/erddap/griddap/OS_ESTOC_201505_D_FLNTU-FIX03-100m,,,https://erddap.emso.eu/erddap/griddap/OS_ESTOC_201505_D_FLNTU-FIX03-100m.graph,,,,,,,https://erddap.emso.eu/erddap/info/OS_ESTOC_201505_D_FLNTU-FIX03-100m/index,http://data.plocan.eu/thredds/dodsC/estoc/mooring-watercolumn/dm_ctd-do-flntu/OS_ESTOC_201505_D_FLNTU-FIX03-100m.nc,http://data.plocan.eu/thredds/PLOCAN-Observatory_Data-Policy_v2.pdf,https://erddap.emso.eu/erddap/rss/OS_ESTOC_201505_D_FLNTU-FIX03-100m.rss,https://erddap.emso.eu/erddap/subscriptions/add.html?datasetID=OS_ESTOC_201505_D_FLNTU-FIX03-100m&showErrors=false&email=,,,"OceanSITES ESTOC in-situ data. The European Station forTime-series in the Ocean, Canary Islands (ESTOC) is a sustained and multidisciplinary observatory located at the east central North Atlantic. The ESTOC goal is the creation of an Eulerian long time series on an inter- and multidisciplinary basis in order to monitor and help understand oceanic long-term variability in the North Atlantic subtropical gyre. ESTOC is providing hydrographic and biogeochemical time-series datasets from 1994. Activities include a ship-based observation program (observations of physical, chemical and biological parameters) and one moored structure with meteorological and oceanic surface observations, as well as in the water column."
Canary_Islands_OS_ESTOC_201510_D_CTD-FixO3-100m,public,Oceanic Platform of the Canary Islands- PLOCAN,grid,TimeSeries,EDDGridFromErddap,"dm ctd-do-flntu, OS ESTOC 201510 D CTD-FixO3-100m (OceanSITES ESTOC in-situ data.)",,,,,,,-100.0,-100.0,2015-10-24T15:00:00Z,2016-06-08T12:14:03Z,899.9974288065091,https://erddap.emso.eu/erddap/griddap/Canary_Islands_OS_ESTOC_201510_D_CTD-FixO3-100m,,,https://erddap.emso.eu/erddap/griddap/Canary_Islands_OS_ESTOC_201510_D_CTD-FixO3-100m.graph,,,,,,,https://erddap.emso.eu/erddap/info/Canary_Islands_OS_ESTOC_201510_D_CTD-FixO3-100m/index,http://data.plocan.eu/thredds/dodsC/estoc/mooring-watercolumn/dm_ctd-do-flntu/OS_ESTOC_201510_D_CTD-FixO3-100m.nc,http://data.plocan.eu/thredds/PLOCAN-Observatory_Data-Policy_v2.pdf,https://erddap.emso.eu/erddap/rss/Canary_Islands_OS_ESTOC_201510_D_CTD-FixO3-100m.rss,https://erddap.emso.eu/erddap/subscriptions/add.html?datasetID=Canary_Islands_OS_ESTOC_201510_D_CTD-FixO3-100m&showErrors=false&email=,,,"OceanSITES ESTOC in-situ data. The European Station forTime-series in the Ocean, Canary Islands (ESTOC) is a sustained and multidisciplinary observatory located at the east central North Atlantic. The ESTOC goal is the creation of an Eulerian long time series on an inter- and multidisciplinary basis in order to monitor and help understand oceanic long-term variability in the North Atlantic subtropical gyre. ESTOC is providing hydrographic and biogeochemical time-series datasets from 1994. Activities include a ship-based observation program (observations of physical, chemical and biological parameters) and one moored structure with meteorological and oceanic surface observations, as well as in the water column."
OS_ESTOC_201510_D_CTD-FixO3-100m,public,Oceanic Platform of the Canary Islands- PLOCAN,grid,TimeSeries,EDDGridFromErddap,"dm ctd-do-flntu, OS ESTOC 201510 D CTD-FixO3-100m (OceanSITES ESTOC in-situ data.)",,,,,,,-100.0,-100.0,2015-10-24T15:00:00Z,2016-06-08T12:14:03Z,899.9974288065091,https://erddap.emso.eu/erddap/griddap/OS_ESTOC_201510_D_CTD-FixO3-100m,,,https://erddap.emso.eu/erddap/griddap/OS_ESTOC_201510_D_CTD-FixO3-100m.graph,,,,,,,https://erddap.emso.eu/erddap/info/OS_ESTOC_201510_D_CTD-FixO3-100m/index,http://data.plocan.eu/thredds/dodsC/estoc/mooring-watercolumn/dm_ctd-do-flntu/OS_ESTOC_201510_D_CTD-FixO3-100m.nc,http://data.plocan.eu/thredds/PLOCAN-Observatory_Data-Policy_v2.pdf,https://erddap.emso.eu/erddap/rss/OS_ESTOC_201510_D_CTD-FixO3-100m.rss,https://erddap.emso.eu/erddap/subscriptions/add.html?datasetID=OS_ESTOC_201510_D_CTD-FixO3-100m&showErrors=false&email=,,,"OceanSITES ESTOC in-situ data. The European Station forTime-series in the Ocean, Canary Islands (ESTOC) is a sustained and multidisciplinary observatory located at the east central North Atlantic. The ESTOC goal is the creation of an Eulerian long time series on an inter- and multidisciplinary basis in order to monitor and help understand oceanic long-term variability in the North Atlantic subtropical gyre. ESTOC is providing hydrographic and biogeochemical time-series datasets from 1994. Activities include a ship-based observation program (observations of physical, chemical and biological parameters) and one moored structure with meteorological and oceanic surface observations, as well as in the water column."
OS_ESTOC_2016_D_CTD_FixO3-1-surface,public,Oceanic Platform of the Canary Islands- PLOCAN,grid,TimeSeries,EDDGridFromErddap,"dm ctd-do-flntu, OS ESTOC 2016 D CTD FixO3-1-surface (OceanSITES ESTOC in-situ data.)",,,,,,,-1.0,-1.0,2016-10-11T15:59:04Z,2016-11-24T19:15:55Z,900.0263733773797,https://erddap.emso.eu/erddap/griddap/OS_ESTOC_2016_D_CTD_FixO3-1-surface,,,https://erddap.emso.eu/erddap/griddap/OS_ESTOC_2016_D_CTD_FixO3-1-surface.graph,,,,,,,https://erddap.emso.eu/erddap/info/OS_ESTOC_2016_D_CTD_FixO3-1-surface/index,http://data.plocan.eu/thredds/dodsC/estoc/buoy-surface/dm_ocean/dm_ctd-do-flntu/OS_ESTOC_2016_D_CTD_FixO3-1-surface.nc,http://data.plocan.eu/thredds/PLOCAN-Observatory_Data-Policy_v2.pdf,https://erddap.emso.eu/erddap/rss/OS_ESTOC_2016_D_CTD_FixO3-1-surface.rss,https://erddap.emso.eu/erddap/subscriptions/add.html?datasetID=OS_ESTOC_2016_D_CTD_FixO3-1-surface&showErrors=false&email=,,,"OceanSITES ESTOC in-situ data. The European Station forTime-series in the Ocean, Canary Islands (ESTOC) is a sustained and multidisciplinary observatory located at the east central North Atlantic. The ESTOC goal is the creation of an Eulerian long time series on an inter- and multidisciplinary basis in order to monitor and help understand oceanic long-term variability in the North Atlantic subtropical gyre. ESTOC is providing hydrographic and biogeochemical time-series datasets from 1994. Activities include a ship-based observation program (observations of physical, chemical and biological parameters) and one moored structure with meteorological and oceanic surface observations, as well as in the water column."
OS_ESTOC_2016_D_FLNTU_FixO3-surface,public,Oceanic Platform of the Canary Islands- PLOCAN,grid,TimeSeries,EDDGridFromErddap,"dm ctd-do-flntu, OS ESTOC 2016 D FLNTU FixO3-surface (OceanSITES ESTOC in-situ data.)",,,,,,,-1.0,-1.0,2016-10-11T15:58:53Z,2016-12-07T10:42:55Z,112.48061444457348,https://erddap.emso.eu/erddap/griddap/OS_ESTOC_2016_D_FLNTU_FixO3-surface,,,https://erddap.emso.eu/erddap/griddap/OS_ESTOC_2016_D_FLNTU_FixO3-surface.graph,,,,,,,https://erddap.emso.eu/erddap/info/OS_ESTOC_2016_D_FLNTU_FixO3-surface/index,http://data.plocan.eu/thredds/dodsC/estoc/buoy-surface/dm_ocean/dm_ctd-do-flntu/OS_ESTOC_2016_D_FLNTU_FixO3-surface.nc,http://data.plocan.eu/thredds/PLOCAN-Observatory_Data-Policy_v2.pdf,https://erddap.emso.eu/erddap/rss/OS_ESTOC_2016_D_FLNTU_FixO3-surface.rss,https://erddap.emso.eu/erddap/subscriptions/add.html?datasetID=OS_ESTOC_2016_D_FLNTU_FixO3-surface&showErrors=false&email=,,,"OceanSITES ESTOC in-situ data. The European Station forTime-series in the Ocean, Canary Islands (ESTOC) is a sustained and multidisciplinary observatory located at the east central North Atlantic. The ESTOC goal is the creation of an Eulerian long time series on an inter- and multidisciplinary basis in order to monitor and help understand oceanic long-term variability in the North Atlantic subtropical gyre. ESTOC is providing hydrographic and biogeochemical time-series datasets from 1994. Activities include a ship-based observation program (observations of physical, chemical and biological parameters) and one moored structure with meteorological and oceanic surface observations, as well as in the water column."
OS_ESTOC_2016_D_PCO2_FixO3-surface,public,Oceanic Platform of the Canary Islands- PLOCAN,grid,TimeSeries,EDDGridFromErddap,"dm ctd-do-flntu, OS ESTOC 2016 D PCO2 FixO3-surface (OceanSITES ESTOC in-situ data.)",,,,,,,-1.5,-1.5,2016-10-11T18:00:00Z,2016-12-07T06:00:00Z,21696.0,https://erddap.emso.eu/erddap/griddap/OS_ESTOC_2016_D_PCO2_FixO3-surface,,,https://erddap.emso.eu/erddap/griddap/OS_ESTOC_2016_D_PCO2_FixO3-surface.graph,,,,,,,https://erddap.emso.eu/erddap/info/OS_ESTOC_2016_D_PCO2_FixO3-surface/index,http://data.plocan.eu/thredds/dodsC/estoc/buoy-surface/dm_ocean/dm_ctd-do-flntu/OS_ESTOC_2016_D_PCO2_FixO3-surface.nc,http://data.plocan.eu/thredds/PLOCAN-Observatory_Data-Policy_v2.pdf,https://erddap.emso.eu/erddap/rss/OS_ESTOC_2016_D_PCO2_FixO3-surface.rss,https://erddap.emso.eu/erddap/subscriptions/add.html?datasetID=OS_ESTOC_2016_D_PCO2_FixO3-surface&showErrors=false&email=,,,"OceanSITES ESTOC in-situ data. The European Station forTime-series in the Ocean, Canary Islands (ESTOC) is a sustained and multidisciplinary observatory located at the east central North Atlantic. The ESTOC goal is the creation of an Eulerian long time series on an inter- and multidisciplinary basis in order to monitor and help understand oceanic long-term variability in the North Atlantic subtropical gyre. ESTOC is providing hydrographic and biogeochemical time-series datasets from 1994. Activities include a ship-based observation program (observations of physical, chemical and biological parameters) and one moored structure with meteorological and oceanic surface observations, as well as in the water column."
OS_ESTOC_2016_D_SST-PSAL-DOXI-DOXITEMP-CPHL-TURB_FixO3-surface,public,Oceanic Platform of the Canary Islands- PLOCAN,grid,TimeSeries,EDDGridFromErddap,"dm ctd-do-flntu, OS ESTOC 2016 D SST-PSAL-DOXI-DOXITEMP-CPHL-TURB FixO3-surface",,,,,,,-1.5,-1.5,2016-10-11T16:00:00Z,2016-12-07T10:30:00Z,900.0,https://erddap.emso.eu/erddap/griddap/OS_ESTOC_2016_D_SST-PSAL-DOXI-DOXITEMP-CPHL-TURB_FixO3-surface,,,https://erddap.emso.eu/erddap/griddap/OS_ESTOC_2016_D_SST-PSAL-DOXI-DOXITEMP-CPHL-TURB_FixO3-surface.graph,,,,,,,https://erddap.emso.eu/erddap/info/OS_ESTOC_2016_D_SST-PSAL-DOXI-DOXITEMP-CPHL-TURB_FixO3-surface/index,http://data.plocan.eu/thredds/dodsC/estoc/buoy-surface/dm_ocean/dm_ctd-do-flntu/OS_ESTOC_2016_D_SST-PSAL-DOXI-DOXITEMP-CPHL-TURB_FixO3-surface.nc,http://data.plocan.eu/thredds/PLOCAN-Observatory_Data-Policy_v2.pdf,https://erddap.emso.eu/erddap/rss/OS_ESTOC_2016_D_SST-PSAL-DOXI-DOXITEMP-CPHL-TURB_FixO3-surface.rss,https://erddap.emso.eu/erddap/subscriptions/add.html?datasetID=OS_ESTOC_2016_D_SST-PSAL-DOXI-DOXITEMP-CPHL-TURB_FixO3-surface&showErrors=false&email=,,,"OceanSITES ESTOC in-situ data. The European Station forTime-series in the Ocean, Canary Islands (ESTOC) is a sustained and multidisciplinary observatory located at the east central North Atlantic. The ESTOC goal is the creation of an Eulerian long time series on an inter- and multidisciplinary basis in order to monitor and help understand oceanic long-term variability in the North Atlantic subtropical gyre. ESTOC is providing hydrographic and biogeochemical time-series datasets from 1994. Activities include a ship-based observation program (observations of physical, chemical and biological parameters) and one moored structure with meteorological and oceanic surface observations, as well as in the water column."
OS_ESTOC_201609_D_CTD-DO-FIX03-80m,public,Oceanic Platform of the Canary Islands- PLOCAN,grid,TimeSeries,EDDGridFromErddap,"dm ctd-do-flntu, OS ESTOC 201609 D CTD-DO-FIX03-80m (OceanSITES ESTOC in-situ data.)",,,,,,,-80.0,-80.0,2016-10-11T15:00:00Z,2016-12-07T12:14:03Z,899.9896996887016,https://erddap.emso.eu/erddap/griddap/OS_ESTOC_201609_D_CTD-DO-FIX03-80m,,,https://erddap.emso.eu/erddap/griddap/OS_ESTOC_201609_D_CTD-DO-FIX03-80m.graph,,,,,,,https://erddap.emso.eu/erddap/info/OS_ESTOC_201609_D_CTD-DO-FIX03-80m/index,http://data.plocan.eu/thredds/dodsC/estoc/mooring-watercolumn/dm_ctd-do-flntu/OS_ESTOC_201609_D_CTD-DO-FIX03-80m.nc,http://data.plocan.eu/thredds/PLOCAN-Observatory_Data-Policy_v2.pdf,https://erddap.emso.eu/erddap/rss/OS_ESTOC_201609_D_CTD-DO-FIX03-80m.rss,https://erddap.emso.eu/erddap/subscriptions/add.html?datasetID=OS_ESTOC_201609_D_CTD-DO-FIX03-80m&showErrors=false&email=,,,"OceanSITES ESTOC in-situ data. The European Station forTime-series in the Ocean, Canary Islands (ESTOC) is a sustained and multidisciplinary observatory located at the east central North Atlantic. The ESTOC goal is the creation of an Eulerian long time series on an inter- and multidisciplinary basis in order to monitor and help understand oceanic long-term variability in the North Atlantic subtropical gyre. ESTOC is providing hydrographic and biogeochemical time-series datasets from 1994. Activities include a ship-based observation program (observations of physical, chemical and biological parameters) and one moored structure with meteorological and oceanic surface observations, as well as in the water column."
OS_ESTOC_201610_D_FLNTU_FixO3-140m,public,Oceanic Platform of the Canary Islands- PLOCAN,grid,TimeSeries,EDDGridFromErddap,"dm ctd-do-flntu, OS ESTOC 201610 D FLNTU FixO3-140m (OceanSITES ESTOC in-situ data.)",,,,,,,-140.0,-140.0,2016-10-11T16:20:21Z,2016-12-07T10:36:22Z,901.3344977026454,https://erddap.emso.eu/erddap/griddap/OS_ESTOC_201610_D_FLNTU_FixO3-140m,,,https://erddap.emso.eu/erddap/griddap/OS_ESTOC_201610_D_FLNTU_FixO3-140m.graph,,,,,,,https://erddap.emso.eu/erddap/info/OS_ESTOC_201610_D_FLNTU_FixO3-140m/index,http://data.plocan.eu/thredds/dodsC/estoc/mooring-watercolumn/dm_ctd-do-flntu/OS_ESTOC_201610_D_FLNTU_FixO3-140m.nc,http://data.plocan.eu/thredds/PLOCAN-Observatory_Data-Policy_v2.pdf,https://erddap.emso.eu/erddap/rss/OS_ESTOC_201610_D_FLNTU_FixO3-140m.rss,https://erddap.emso.eu/erddap/subscriptions/add.html?datasetID=OS_ESTOC_201610_D_FLNTU_FixO3-140m&showErrors=false&email=,,,"OceanSITES ESTOC in-situ data. The European Station forTime-series in the Ocean, Canary Islands (ESTOC) is a sustained and multidisciplinary observatory located at the east central North Atlantic. The ESTOC goal is the creation of an Eulerian long time series on an inter- and multidisciplinary basis in order to monitor and help understand oceanic long-term variability in the North Atlantic subtropical gyre. ESTOC is providing hydrographic and biogeochemical time-series datasets from 1994. Activities include a ship-based observation program (observations of physical, chemical and biological parameters) and one moored structure with meteorological and oceanic surface observations, as well as in the water column."
OS_ESTOC_2017_D_CTD_FixO3-1-surface,public,Oceanic Platform of the Canary Islands- PLOCAN,grid,TimeSeries,EDDGridFromErddap,"dm ctd-do-flntu, OS ESTOC 2017 D CTD FixO3-1-surface (OceanSITES ESTOC in-situ data.)",,,,,,,-1.0,-1.0,2017-04-05T11:45:56Z,2017-08-10T23:15:00Z,899.9954036607289,https://erddap.emso.eu/erddap/griddap/OS_ESTOC_2017_D_CTD_FixO3-1-surface,,,https://erddap.emso.eu/erddap/griddap/OS_ESTOC_2017_D_CTD_FixO3-1-surface.graph,,,,,,,https://erddap.emso.eu/erddap/info/OS_ESTOC_2017_D_CTD_FixO3-1-surface/index,http://data.plocan.eu/thredds/dodsC/estoc/buoy-surface/dm_ocean/dm_ctd-do-flntu/OS_ESTOC_2017_D_CTD_FixO3-1-surface.nc,http://data.plocan.eu/thredds/PLOCAN-Observatory_Data-Policy_v2.pdf,https://erddap.emso.eu/erddap/rss/OS_ESTOC_2017_D_CTD_FixO3-1-surface.rss,https://erddap.emso.eu/erddap/subscriptions/add.html?datasetID=OS_ESTOC_2017_D_CTD_FixO3-1-surface&showErrors=false&email=,,,"OceanSITES ESTOC in-situ data. The European Station forTime-series in the Ocean, Canary Islands (ESTOC) is a sustained and multidisciplinary observatory located at the east central North Atlantic. The ESTOC goal is the creation of an Eulerian long time series on an inter- and multidisciplinary basis in order to monitor and help understand oceanic long-term variability in the North Atlantic subtropical gyre. ESTOC is providing hydrographic and biogeochemical time-series datasets from 1994. Activities include a ship-based observation program (observations of physical, chemical and biological parameters) and one moored structure with meteorological and oceanic surface observations, as well as in the water column."
OS_ESTOC_2017_D_CTD_FixO3-2-surface,public,Oceanic Platform of the Canary Islands- PLOCAN,grid,TimeSeries,EDDGridFromErddap,"dm ctd-do-flntu, OS ESTOC 2017 D CTD FixO3-2-surface (OceanSITES ESTOC in-situ data.)",,,,,,,-1.0,-1.0,2017-04-05T11:45:56Z,2017-08-08T19:30:00Z,899.995324578173,https://erddap.emso.eu/erddap/griddap/OS_ESTOC_2017_D_CTD_FixO3-2-surface,,,https://erddap.emso.eu/erddap/griddap/OS_ESTOC_2017_D_CTD_FixO3-2-surface.graph,,,,,,,https://erddap.emso.eu/erddap/info/OS_ESTOC_2017_D_CTD_FixO3-2-surface/index,http://data.plocan.eu/thredds/dodsC/estoc/buoy-surface/dm_ocean/dm_ctd-do-flntu/OS_ESTOC_2017_D_CTD_FixO3-2-surface.nc,http://data.plocan.eu/thredds/PLOCAN-Observatory_Data-Policy_v2.pdf,https://erddap.emso.eu/erddap/rss/OS_ESTOC_2017_D_CTD_FixO3-2-surface.rss,https://erddap.emso.eu/erddap/subscriptions/add.html?datasetID=OS_ESTOC_2017_D_CTD_FixO3-2-surface&showErrors=false&email=,,,"OceanSITES ESTOC in-situ data. The European Station forTime-series in the Ocean, Canary Islands (ESTOC) is a sustained and multidisciplinary observatory located at the east central North Atlantic. The ESTOC goal is the creation of an Eulerian long time series on an inter- and multidisciplinary basis in order to monitor and help understand oceanic long-term variability in the North Atlantic subtropical gyre. ESTOC is providing hydrographic and biogeochemical time-series datasets from 1994. Activities include a ship-based observation program (observations of physical, chemical and biological parameters) and one moored structure with meteorological and oceanic surface observations, as well as in the water column."
OS_ESTOC_2017_D_FLNTU_FixO3-surface,public,Oceanic Platform of the Canary Islands- PLOCAN,grid,TimeSeries,EDDGridFromErddap,"dm ctd-do-flntu, OS ESTOC 2017 D FLNTU FixO3-surface (OceanSITES ESTOC in-situ data.)",,,,,,,-1.5,-1.5,2017-04-14T14:00:00Z,2018-09-23T03:46:40Z,800.0,https://erddap.emso.eu/erddap/griddap/OS_ESTOC_2017_D_FLNTU_FixO3-surface,,,https://erddap.emso.eu/erddap/griddap/OS_ESTOC_2017_D_FLNTU_FixO3-surface.graph,,,,,,,https://erddap.emso.eu/erddap/info/OS_ESTOC_2017_D_FLNTU_FixO3-surface/index,http://data.plocan.eu/thredds/dodsC/estoc/buoy-surface/dm_ocean/dm_ctd-do-flntu/OS_ESTOC_2017_D_FLNTU_FixO3-surface.nc,http://data.plocan.eu/thredds/PLOCAN-Observatory_Data-Policy_v2.pdf,https://erddap.emso.eu/erddap/rss/OS_ESTOC_2017_D_FLNTU_FixO3-surface.rss,https://erddap.emso.eu/erddap/subscriptions/add.html?datasetID=OS_ESTOC_2017_D_FLNTU_FixO3-surface&showErrors=false&email=,,,"OceanSITES ESTOC in-situ data. The European Station forTime-series in the Ocean, Canary Islands (ESTOC) is a sustained and multidisciplinary observatory located at the east central North Atlantic. The ESTOC goal is the creation of an Eulerian long time series on an inter- and multidisciplinary basis in order to monitor and help understand oceanic long-term variability in the North Atlantic subtropical gyre. ESTOC is providing hydrographic and biogeochemical time-series datasets from 1994. Activities include a ship-based observation program (observations of physical, chemical and biological parameters) and one moored structure with meteorological and oceanic surface observations, as well as in the water column."
OS_ESTOC_2017_D_SST-PSAL-DOXI-DOXITEMP-CPHL-TURB_FixO3-surface,public,Oceanic Platform of the Canary Islands- PLOCAN,grid,TimeSeries,EDDGridFromErddap,"dm ctd-do-flntu, OS ESTOC 2017 D SST-PSAL-DOXI-DOXITEMP-CPHL-TURB FixO3-surface",,,,,,,-1.5,-1.5,2017-04-14T14:00:00Z,2017-09-27T14:30:00Z,900.0,https://erddap.emso.eu/erddap/griddap/OS_ESTOC_2017_D_SST-PSAL-DOXI-DOXITEMP-CPHL-TURB_FixO3-surface,,,https://erddap.emso.eu/erddap/griddap/OS_ESTOC_2017_D_SST-PSAL-DOXI-DOXITEMP-CPHL-TURB_FixO3-surface.graph,,,,,,,https://erddap.emso.eu/erddap/info/OS_ESTOC_2017_D_SST-PSAL-DOXI-DOXITEMP-CPHL-TURB_FixO3-surface/index,http://data.plocan.eu/thredds/dodsC/estoc/buoy-surface/dm_ocean/dm_ctd-do-flntu/OS_ESTOC_2017_D_SST-PSAL-DOXI-DOXITEMP-CPHL-TURB_FixO3-surface.nc,http://data.plocan.eu/thredds/PLOCAN-Observatory_Data-Policy_v2.pdf,https://erddap.emso.eu/erddap/rss/OS_ESTOC_2017_D_SST-PSAL-DOXI-DOXITEMP-CPHL-TURB_FixO3-surface.rss,https://erddap.emso.eu/erddap/subscriptions/add.html?datasetID=OS_ESTOC_2017_D_SST-PSAL-DOXI-DOXITEMP-CPHL-TURB_FixO3-surface&showErrors=false&email=,,,"OceanSITES ESTOC in-situ data. The European Station forTime-series in the Ocean, Canary Islands (ESTOC) is a sustained and multidisciplinary observatory located at the east central North Atlantic. The ESTOC goal is the creation of an Eulerian long time series on an inter- and multidisciplinary basis in order to monitor and help understand oceanic long-term variability in the North Atlantic subtropical gyre. ESTOC is providing hydrographic and biogeochemical time-series datasets from 1994. Activities include a ship-based observation program (observations of physical, chemical and biological parameters) and one moored structure with meteorological and oceanic surface observations, as well as in the water column."
OS_ESTOC_201704_D_CTD-DO-FixO3-150m,public,Oceanic Platform of the Canary Islands- PLOCAN,grid,TimeSeries,EDDGridFromErddap,"dm ctd-do-flntu, OS ESTOC 201704 D CTD-DO-FixO3-150m (OceanSITES ESTOC in-situ data.)",,,,,,,-150.0,-150.0,2017-04-14T20:15:00Z,2017-09-27T14:00:56Z,953.5830225744156,https://erddap.emso.eu/erddap/griddap/OS_ESTOC_201704_D_CTD-DO-FixO3-150m,,,https://erddap.emso.eu/erddap/griddap/OS_ESTOC_201704_D_CTD-DO-FixO3-150m.graph,,,,,,,https://erddap.emso.eu/erddap/info/OS_ESTOC_201704_D_CTD-DO-FixO3-150m/index,http://data.plocan.eu/thredds/dodsC/estoc/mooring-watercolumn/dm_ctd-do-flntu/OS_ESTOC_201704_D_CTD-DO-FixO3-150m.nc,http://data.plocan.eu/thredds/PLOCAN-Observatory_Data-Policy_v2.pdf,https://erddap.emso.eu/erddap/rss/OS_ESTOC_201704_D_CTD-DO-FixO3-150m.rss,https://erddap.emso.eu/erddap/subscriptions/add.html?datasetID=OS_ESTOC_201704_D_CTD-DO-FixO3-150m&showErrors=false&email=,,,"OceanSITES ESTOC in-situ data. The European Station forTime-series in the Ocean, Canary Islands (ESTOC) is a sustained and multidisciplinary observatory located at the east central North Atlantic. The ESTOC goal is the creation of an Eulerian long time series on an inter- and multidisciplinary basis in order to monitor and help understand oceanic long-term variability in the North Atlantic subtropical gyre. ESTOC is providing hydrographic and biogeochemical time-series datasets from 1994. Activities include a ship-based observation program (observations of physical, chemical and biological parameters) and one moored structure with meteorological and oceanic surface observations, as well as in the water column."
OS_ESTOC_201704_D_CTD-DO-FixO3-80m,public,Oceanic Platform of the Canary Islands- PLOCAN,grid,TimeSeries,EDDGridFromErddap,"dm ctd-do-flntu, OS ESTOC 201704 D CTD-DO-FixO3-80m (OceanSITES ESTOC in-situ data.)",,,,,,,-80.0,-80.0,2017-04-14T20:15:00Z,2017-09-27T14:00:56Z,900.0035352900509,https://erddap.emso.eu/erddap/griddap/OS_ESTOC_201704_D_CTD-DO-FixO3-80m,,,https://erddap.emso.eu/erddap/griddap/OS_ESTOC_201704_D_CTD-DO-FixO3-80m.graph,,,,,,,https://erddap.emso.eu/erddap/info/OS_ESTOC_201704_D_CTD-DO-FixO3-80m/index,http://data.plocan.eu/thredds/dodsC/estoc/mooring-watercolumn/dm_ctd-do-flntu/OS_ESTOC_201704_D_CTD-DO-FixO3-80m.nc,http://data.plocan.eu/thredds/PLOCAN-Observatory_Data-Policy_v2.pdf,https://erddap.emso.eu/erddap/rss/OS_ESTOC_201704_D_CTD-DO-FixO3-80m.rss,https://erddap.emso.eu/erddap/subscriptions/add.html?datasetID=OS_ESTOC_201704_D_CTD-DO-FixO3-80m&showErrors=false&email=,,,"OceanSITES ESTOC in-situ data. The European Station forTime-series in the Ocean, Canary Islands (ESTOC) is a sustained and multidisciplinary observatory located at the east central North Atlantic. The ESTOC goal is the creation of an Eulerian long time series on an inter- and multidisciplinary basis in order to monitor and help understand oceanic long-term variability in the North Atlantic subtropical gyre. ESTOC is providing hydrographic and biogeochemical time-series datasets from 1994. Activities include a ship-based observation program (observations of physical, chemical and biological parameters) and one moored structure with meteorological and oceanic surface observations, as well as in the water column."
OS_ESTOC_201704_D_CTD-FixO3-1600m,public,Oceanic Platform of the Canary Islands- PLOCAN,grid,TimeSeries,EDDGridFromErddap,"dm ctd-do-flntu, OS ESTOC 201704 D CTD-FixO3-1600m (OceanSITES ESTOC in-situ data.)",,,,,,,-1600.0,-1600.0,2017-04-18T00:30:56Z,2017-09-27T07:30:00Z,899.9963896020539,https://erddap.emso.eu/erddap/griddap/OS_ESTOC_201704_D_CTD-FixO3-1600m,,,https://erddap.emso.eu/erddap/griddap/OS_ESTOC_201704_D_CTD-FixO3-1600m.graph,,,,,,,https://erddap.emso.eu/erddap/info/OS_ESTOC_201704_D_CTD-FixO3-1600m/index,http://data.plocan.eu/thredds/dodsC/estoc/mooring-watercolumn/dm_ctd-do-flntu/OS_ESTOC_201704_D_CTD-FixO3-1600m.nc,http://data.plocan.eu/thredds/PLOCAN-Observatory_Data-Policy_v2.pdf,https://erddap.emso.eu/erddap/rss/OS_ESTOC_201704_D_CTD-FixO3-1600m.rss,https://erddap.emso.eu/erddap/subscriptions/add.html?datasetID=OS_ESTOC_201704_D_CTD-FixO3-1600m&showErrors=false&email=,,,"OceanSITES ESTOC in-situ data. The European Station forTime-series in the Ocean, Canary Islands (ESTOC) is a sustained and multidisciplinary observatory located at the east central North Atlantic. The ESTOC goal is the creation of an Eulerian long time series on an inter- and multidisciplinary basis in order to monitor and help understand oceanic long-term variability in the North Atlantic subtropical gyre. ESTOC is providing hydrographic and biogeochemical time-series datasets from 1994. Activities include a ship-based observation program (observations of physical, chemical and biological parameters) and one moored structure with meteorological and oceanic surface observations, as well as in the water column."
OS_ESTOC_2018_D_SST-PSAL-DOXI-DOXITEMP-CPHL-TURB_EMSO-surface,public,Oceanic Platform of the Canary Islands- PLOCAN,grid,TimeSeries,EDDGridFromErddap,"dm ctd-do-flntu, OS ESTOC 2018 D SST-PSAL-DOXI-DOXITEMP-CPHL-TURB EMSO-surface",,,,,,,-1.5,-1.5,2018-05-22T16:00:00Z,2019-02-25T00:00:00Z,3600.0,https://erddap.emso.eu/erddap/griddap/OS_ESTOC_2018_D_SST-PSAL-DOXI-DOXITEMP-CPHL-TURB_EMSO-surface,,,https://erddap.emso.eu/erddap/griddap/OS_ESTOC_2018_D_SST-PSAL-DOXI-DOXITEMP-CPHL-TURB_EMSO-surface.graph,,,,,,,https://erddap.emso.eu/erddap/info/OS_ESTOC_2018_D_SST-PSAL-DOXI-DOXITEMP-CPHL-TURB_EMSO-surface/index,http://data.plocan.eu/thredds/dodsC/estoc/buoy-surface/dm_ocean/dm_ctd-do-flntu/OS_ESTOC_2018_D_SST-PSAL-DOXI-DOXITEMP-CPHL-TURB_EMSO-surface.nc,http://data.plocan.eu/thredds/PLOCAN-Observatory_Data-Policy_v2.pdf,https://erddap.emso.eu/erddap/rss/OS_ESTOC_2018_D_SST-PSAL-DOXI-DOXITEMP-CPHL-TURB_EMSO-surface.rss,https://erddap.emso.eu/erddap/subscriptions/add.html?datasetID=OS_ESTOC_2018_D_SST-PSAL-DOXI-DOXITEMP-CPHL-TURB_EMSO-surface&showErrors=false&email=,,,"OceanSITES ESTOC in-situ data. The European Station forTime-series in the Ocean, Canary Islands (ESTOC) is a sustained and multidisciplinary observatory located at the east central North Atlantic. The ESTOC goal is the creation of an Eulerian long time series on an inter- and multidisciplinary basis in order to monitor and help understand oceanic long-term variability in the North Atlantic subtropical gyre. ESTOC is providing hydrographic and biogeochemical time-series datasets from 1994. Activities include a ship-based observation program (observations of physical, chemical and biological parameters) and one moored structure with meteorological and oceanic surface observations, as well as in the water column."
OS_ESTOC_201805_D_CTD-DO_FixO3-150m,public,Oceanic Platform of the Canary Islands- PLOCAN,grid,TimeSeries,EDDGridFromErddap,"dm ctd-do-flntu, OS ESTOC 201805 D CTD-DO FixO3-150m (OceanSITES ESTOC in-situ data.)",,,,,,,-150.0,-150.0,2018-05-22T15:00:00Z,2018-09-06T00:45:00Z,1098.9122639254124,https://erddap.emso.eu/erddap/griddap/OS_ESTOC_201805_D_CTD-DO_FixO3-150m,,,https://erddap.emso.eu/erddap/griddap/OS_ESTOC_201805_D_CTD-DO_FixO3-150m.graph,,,,,,,https://erddap.emso.eu/erddap/info/OS_ESTOC_201805_D_CTD-DO_FixO3-150m/index,http://data.plocan.eu/thredds/dodsC/estoc/mooring-watercolumn/dm_ctd-do-flntu/OS_ESTOC_201805_D_CTD-DO_FixO3-150m.nc,http://data.plocan.eu/thredds/PLOCAN-Observatory_Data-Policy_v2.pdf,https://erddap.emso.eu/erddap/rss/OS_ESTOC_201805_D_CTD-DO_FixO3-150m.rss,https://erddap.emso.eu/erddap/subscriptions/add.html?datasetID=OS_ESTOC_201805_D_CTD-DO_FixO3-150m&showErrors=false&email=,,,"OceanSITES ESTOC in-situ data. The European Station forTime-series in the Ocean, Canary Islands (ESTOC) is a sustained and multidisciplinary observatory located at the east central North Atlantic. The ESTOC goal is the creation of an Eulerian long time series on an inter- and multidisciplinary basis in order to monitor and help understand oceanic long-term variability in the North Atlantic subtropical gyre. ESTOC is providing hydrographic and biogeochemical time-series datasets from 1994. Activities include a ship-based observation program (observations of physical, chemical and biological parameters) and one moored structure with meteorological and oceanic surface observations, as well as in the water column."
OS_ESTOC_201805_D_CTD-DO-EMSO-150m,public,Oceanic Platform of the Canary Islands- PLOCAN,grid,TimeSeries,EDDGridFromErddap,"dm ctd-do-flntu, OS ESTOC 201805 D CTD-DO-EMSO-150m (OceanSITES ESTOC in-situ data.)",,,,,,,-150.0,-150.0,2018-05-22T15:00:00Z,2018-09-06T00:45:00Z,1098.9122639254124,https://erddap.emso.eu/erddap/griddap/OS_ESTOC_201805_D_CTD-DO-EMSO-150m,,,https://erddap.emso.eu/erddap/griddap/OS_ESTOC_201805_D_CTD-DO-EMSO-150m.graph,,,,,,,https://erddap.emso.eu/erddap/info/OS_ESTOC_201805_D_CTD-DO-EMSO-150m/index,http://data.plocan.eu/thredds/dodsC/estoc/mooring-watercolumn/dm_ctd-do-flntu/OS_ESTOC_201805_D_CTD-DO-EMSO-150m.nc,http://data.plocan.eu/thredds/PLOCAN-Observatory_Data-Policy_v2.pdf,https://erddap.emso.eu/erddap/rss/OS_ESTOC_201805_D_CTD-DO-EMSO-150m.rss,https://erddap.emso.eu/erddap/subscriptions/add.html?datasetID=OS_ESTOC_201805_D_CTD-DO-EMSO-150m&showErrors=false&email=,,,"OceanSITES ESTOC in-situ data. The European Station forTime-series in the Ocean, Canary Islands (ESTOC) is a sustained and multidisciplinary observatory located at the east central North Atlantic. The ESTOC goal is the creation of an Eulerian long time series on an inter- and multidisciplinary basis in order to monitor and help understand oceanic long-term variability in the North Atlantic subtropical gyre. ESTOC is providing hydrographic and biogeochemical time-series datasets from 1994. Activities include a ship-based observation program (observations of physical, chemical and biological parameters) and one moored structure with meteorological and oceanic surface observations, as well as in the water column."
OS_ESTOC_201805_D_CTD-FixO3-1600m,public,Oceanic Platform of the Canary Islands- PLOCAN,grid,TimeSeries,EDDGridFromErddap,"dm ctd-do-flntu, OS ESTOC 201805 D CTD-FixO3-1600m (OceanSITES ESTOC in-situ data.)",,,,,,,-1600.0,-1600.0,2018-05-22T15:59:03Z,2019-02-27T12:00:00Z,900.0020864243323,https://erddap.emso.eu/erddap/griddap/OS_ESTOC_201805_D_CTD-FixO3-1600m,,,https://erddap.emso.eu/erddap/griddap/OS_ESTOC_201805_D_CTD-FixO3-1600m.graph,,,,,,,https://erddap.emso.eu/erddap/info/OS_ESTOC_201805_D_CTD-FixO3-1600m/index,http://data.plocan.eu/thredds/dodsC/estoc/mooring-watercolumn/dm_ctd-do-flntu/OS_ESTOC_201805_D_CTD-FixO3-1600m.nc,http://data.plocan.eu/thredds/PLOCAN-Observatory_Data-Policy_v2.pdf,https://erddap.emso.eu/erddap/rss/OS_ESTOC_201805_D_CTD-FixO3-1600m.rss,https://erddap.emso.eu/erddap/subscriptions/add.html?datasetID=OS_ESTOC_201805_D_CTD-FixO3-1600m&showErrors=false&email=,,,"OceanSITES ESTOC in-situ data. The European Station forTime-series in the Ocean, Canary Islands (ESTOC) is a sustained and multidisciplinary observatory located at the east central North Atlantic. The ESTOC goal is the creation of an Eulerian long time series on an inter- and multidisciplinary basis in order to monitor and help understand oceanic long-term variability in the North Atlantic subtropical gyre. ESTOC is providing hydrographic and biogeochemical time-series datasets from 1994. Activities include a ship-based observation program (observations of physical, chemical and biological parameters) and one moored structure with meteorological and oceanic surface observations, as well as in the water column."
OS_ESTOC_2019_D_EMSO_SST-PSAL-DOXI-DOXITEMP-CPHL-TURB_surface,public,Oceanic Platform of the Canary Islands- PLOCAN,grid,TimeSeries,EDDGridFromErddap,"dm ctd-do-flntu, OS ESTOC 2019 D EMSO SST-PSAL-DOXI-DOXITEMP-CPHL-TURB surface",,,,,,,-1.5,-1.5,2019-02-24T13:00:00Z,2019-12-04T07:59:59Z,899.9999787829596,https://erddap.emso.eu/erddap/griddap/OS_ESTOC_2019_D_EMSO_SST-PSAL-DOXI-DOXITEMP-CPHL-TURB_surface,,,https://erddap.emso.eu/erddap/griddap/OS_ESTOC_2019_D_EMSO_SST-PSAL-DOXI-DOXITEMP-CPHL-TURB_surface.graph,,,,,,,https://erddap.emso.eu/erddap/info/OS_ESTOC_2019_D_EMSO_SST-PSAL-DOXI-DOXITEMP-CPHL-TURB_surface/index,http://data.plocan.eu/thredds/dodsC/estoc/buoy-surface/dm_ocean/dm_ctd-do-flntu/OS_ESTOC_2019_D_EMSO_SST-PSAL-DOXI-DOXITEMP-CPHL-TURB_surface.nc,http://data.plocan.eu/thredds/PLOCAN-Observatory_Data-Policy_v2.pdf,https://erddap.emso.eu/erddap/rss/OS_ESTOC_2019_D_EMSO_SST-PSAL-DOXI-DOXITEMP-CPHL-TURB_surface.rss,https://erddap.emso.eu/erddap/subscriptions/add.html?datasetID=OS_ESTOC_2019_D_EMSO_SST-PSAL-DOXI-DOXITEMP-CPHL-TURB_surface&showErrors=false&email=,,,"OceanSITES ESTOC in-situ data. The European Station forTime-series in the Ocean, Canary Islands (ESTOC) is a sustained and multidisciplinary observatory located at the east central North Atlantic. The ESTOC goal is the creation of an Eulerian long time series on an inter- and multidisciplinary basis in order to monitor and help understand oceanic long-term variability in the North Atlantic subtropical gyre. ESTOC is providing hydrographic and biogeochemical time-series datasets from 1994. Activities include a ship-based observation program (observations of physical, chemical and biological parameters) and one moored structure with meteorological and oceanic surface observations, as well as in the water column."
OS_ESTOC_2019_D_EMSO-1-surface,public,Oceanic Platform of the Canary Islands- PLOCAN,grid,TimeSeries,EDDGridFromErddap,"dm ctd-do-flntu, OS ESTOC 2019 D EMSO-1-surface (OceanSITES ESTOC in-situ data.)",,,,,,,0.5,0.5,2019-02-25T10:01:52Z,2019-03-08T02:00:55Z,3686.173055999756,https://erddap.emso.eu/erddap/griddap/OS_ESTOC_2019_D_EMSO-1-surface,,,https://erddap.emso.eu/erddap/griddap/OS_ESTOC_2019_D_EMSO-1-surface.graph,,,,,,,https://erddap.emso.eu/erddap/info/OS_ESTOC_2019_D_EMSO-1-surface/index,http://data.plocan.eu/thredds/dodsC/estoc/buoy-surface/dm_ocean/dm_ctd-do-flntu/OS_ESTOC_2019_D_EMSO-1-surface.nc,http://data.plocan.eu/thredds/PLOCAN-Observatory_Data-Policy_v2.pdf,https://erddap.emso.eu/erddap/rss/OS_ESTOC_2019_D_EMSO-1-surface.rss,https://erddap.emso.eu/erddap/subscriptions/add.html?datasetID=OS_ESTOC_2019_D_EMSO-1-surface&showErrors=false&email=,,,"OceanSITES ESTOC in-situ data. The European Station forTime-series in the Ocean, Canary Islands (ESTOC) is a sustained and multidisciplinary observatory located at the east central North Atlantic. The ESTOC goal is the creation of an Eulerian long time series on an inter- and multidisciplinary basis in order to monitor and help understand oceanic long-term variability in the North Atlantic subtropical gyre. ESTOC is providing hydrographic and biogeochemical time-series datasets from 1994. Activities include a ship-based observation program (observations of physical, chemical and biological parameters) and one moored structure with meteorological and oceanic surface observations, as well as in the water column."
OS_ESTOC_2019_D_EMSO-2-surface,public,Oceanic Platform of the Canary Islands- PLOCAN,grid,TimeSeries,EDDGridFromErddap,"dm ctd-do-flntu, OS ESTOC 2019 D EMSO-2-surface (OceanSITES ESTOC in-situ data.)",,,,,,,0.5,0.5,2019-02-25T10:01:52Z,2019-12-03T14:00:55Z,3681.27644552204,https://erddap.emso.eu/erddap/griddap/OS_ESTOC_2019_D_EMSO-2-surface,,,https://erddap.emso.eu/erddap/griddap/OS_ESTOC_2019_D_EMSO-2-surface.graph,,,,,,,https://erddap.emso.eu/erddap/info/OS_ESTOC_2019_D_EMSO-2-surface/index,http://data.plocan.eu/thredds/dodsC/estoc/buoy-surface/dm_ocean/dm_ctd-do-flntu/OS_ESTOC_2019_D_EMSO-2-surface.nc,http://data.plocan.eu/thredds/PLOCAN-Observatory_Data-Policy_v2.pdf,https://erddap.emso.eu/erddap/rss/OS_ESTOC_2019_D_EMSO-2-surface.rss,https://erddap.emso.eu/erddap/subscriptions/add.html?datasetID=OS_ESTOC_2019_D_EMSO-2-surface&showErrors=false&email=,,,"OceanSITES ESTOC in-situ data. The European Station forTime-series in the Ocean, Canary Islands (ESTOC) is a sustained and multidisciplinary observatory located at the east central North Atlantic. The ESTOC goal is the creation of an Eulerian long time series on an inter- and multidisciplinary basis in order to monitor and help understand oceanic long-term variability in the North Atlantic subtropical gyre. ESTOC is providing hydrographic and biogeochemical time-series datasets from 1994. Activities include a ship-based observation program (observations of physical, chemical and biological parameters) and one moored structure with meteorological and oceanic surface observations, as well as in the water column."
OS_ESTOC_201902_D_CTD-DO-EMSO-150m,public,Oceanic Platform of the Canary Islands- PLOCAN,grid,TimeSeries,EDDGridFromErddap,"dm ctd-do-flntu, OS ESTOC 201902 D CTD-DO-EMSO-150m (OceanSITES ESTOC in-situ data.)",,,,,,,-150.0,-150.0,2019-02-25T09:45:00Z,2019-12-03T14:15:00Z,900.0,https://erddap.emso.eu/erddap/griddap/OS_ESTOC_201902_D_CTD-DO-EMSO-150m,,,https://erddap.emso.eu/erddap/griddap/OS_ESTOC_201902_D_CTD-DO-EMSO-150m.graph,,,,,,,https://erddap.emso.eu/erddap/info/OS_ESTOC_201902_D_CTD-DO-EMSO-150m/index,http://data.plocan.eu/thredds/dodsC/estoc/mooring-watercolumn/dm_ctd-do-flntu/OS_ESTOC_201902_D_CTD-DO-EMSO-150m.nc,http://data.plocan.eu/thredds/PLOCAN-Observatory_Data-Policy_v2.pdf,https://erddap.emso.eu/erddap/rss/OS_ESTOC_201902_D_CTD-DO-EMSO-150m.rss,https://erddap.emso.eu/erddap/subscriptions/add.html?datasetID=OS_ESTOC_201902_D_CTD-DO-EMSO-150m&showErrors=false&email=,,,"OceanSITES ESTOC in-situ data. The European Station forTime-series in the Ocean, Canary Islands (ESTOC) is a sustained and multidisciplinary observatory located at the east central North Atlantic. The ESTOC goal is the creation of an Eulerian long time series on an inter- and multidisciplinary basis in order to monitor and help understand oceanic long-term variability in the North Atlantic subtropical gyre. ESTOC is providing hydrographic and biogeochemical time-series datasets from 1994. Activities include a ship-based observation program (observations of physical, chemical and biological parameters) and one moored structure with meteorological and oceanic surface observations, as well as in the water column."
OS_ESTOC_201902_D_CTD-DO-EMSO-80m,public,Oceanic Platform of the Canary Islands- PLOCAN,grid,TimeSeries,EDDGridFromErddap,"dm ctd-do-flntu, OS ESTOC 201902 D CTD-DO-EMSO-80m (OceanSITES ESTOC in-situ data.)",,,,,,,80.0,80.0,2019-02-25T09:45:00Z,2019-12-03T14:15:00Z,900.0,https://erddap.emso.eu/erddap/griddap/OS_ESTOC_201902_D_CTD-DO-EMSO-80m,,,https://erddap.emso.eu/erddap/griddap/OS_ESTOC_201902_D_CTD-DO-EMSO-80m.graph,,,,,,,https://erddap.emso.eu/erddap/info/OS_ESTOC_201902_D_CTD-DO-EMSO-80m/index,http://data.plocan.eu/thredds/dodsC/estoc/mooring-watercolumn/dm_ctd-do-flntu/OS_ESTOC_201902_D_CTD-DO-EMSO-80m.nc,http://data.plocan.eu/thredds/PLOCAN-Observatory_Data-Policy_v2.pdf,https://erddap.emso.eu/erddap/rss/OS_ESTOC_201902_D_CTD-DO-EMSO-80m.rss,https://erddap.emso.eu/erddap/subscriptions/add.html?datasetID=OS_ESTOC_201902_D_CTD-DO-EMSO-80m&showErrors=false&email=,,,"OceanSITES ESTOC in-situ data. The European Station forTime-series in the Ocean, Canary Islands (ESTOC) is a sustained and multidisciplinary observatory located at the east central North Atlantic. The ESTOC goal is the creation of an Eulerian long time series on an inter- and multidisciplinary basis in order to monitor and help understand oceanic long-term variability in the North Atlantic subtropical gyre. ESTOC is providing hydrographic and biogeochemical time-series datasets from 1994. Activities include a ship-based observation program (observations of physical, chemical and biological parameters) and one moored structure with meteorological and oceanic surface observations, as well as in the water column."
OS_ESTOC-1_200311_D_CTD_ANIMATE-10m,public,MARUM,grid,TimeSeries,EDDGridFromErddap,"dm ctd-do-flntu, OS ESTOC-1 200311 D CTD ANIMATE-10m (OceanSITES ESTOC in-situ data)",,,,,,,-10.0,-10.0,2003-11-01T14:00:00Z,2004-04-22T09:00:00Z,3600.0,https://erddap.emso.eu/erddap/griddap/OS_ESTOC-1_200311_D_CTD_ANIMATE-10m,,,https://erddap.emso.eu/erddap/griddap/OS_ESTOC-1_200311_D_CTD_ANIMATE-10m.graph,,,,,,,https://erddap.emso.eu/erddap/info/OS_ESTOC-1_200311_D_CTD_ANIMATE-10m/index,http://data.plocan.eu/thredds/dodsC/estoc/mooring-watercolumn/dm_ctd-do-flntu/OS_ESTOC-1_200311_D_CTD_ANIMATE-10m.nc,http://data.plocan.eu/thredds/PLOCAN-Observatory_Data-Policy_v2.pdf,https://erddap.emso.eu/erddap/rss/OS_ESTOC-1_200311_D_CTD_ANIMATE-10m.rss,https://erddap.emso.eu/erddap/subscriptions/add.html?datasetID=OS_ESTOC-1_200311_D_CTD_ANIMATE-10m&showErrors=false&email=,,,"OceanSITES ESTOC in-situ data. The European Station forTime-series in the Ocean, Canary Islands (ESTOC) is a sustained and multidisciplinary observatory located at the east central North Atlantic. The ESTOC goal is the creation of an Eulerian long time series on an inter- and multidisciplinary basis in order to monitor and help understand oceanic long-term variability in the North Atlantic subtropical gyre. ESTOC is providing hydrographic and biogeochemical time-series datasets from 1994. Activities include a ship-based observation program (observations of physical, chemical and biological parameters) and one moored structure with meteorological and oceanic surface observations, as well as in the water column."
OS_ESTOC-1_200412_P_CTD_ANIMATE-MultipleDepths,public,"MARUM, University of Bremen",grid,TimeSeries,EDDGridFromErddap,"dm ctd-do-flntu, OS ESTOC-1 200412 P CTD ANIMATE-MultipleDepths (OceanSITES ESTOC in-situ data)",,,,,,,-10.0,-150.0,2004-12-15T16:30:01Z,2005-03-09T10:15:00Z,899.9998756064188,https://erddap.emso.eu/erddap/griddap/OS_ESTOC-1_200412_P_CTD_ANIMATE-MultipleDepths,,,https://erddap.emso.eu/erddap/griddap/OS_ESTOC-1_200412_P_CTD_ANIMATE-MultipleDepths.graph,,,,,,,https://erddap.emso.eu/erddap/info/OS_ESTOC-1_200412_P_CTD_ANIMATE-MultipleDepths/index,http://data.plocan.eu/thredds/dodsC/estoc/mooring-watercolumn/dm_ctd-do-flntu/OS_ESTOC-1_200412_P_CTD_ANIMATE-MultipleDepths.nc,http://data.plocan.eu/thredds/PLOCAN-Observatory_Data-Policy_v2.pdf,https://erddap.emso.eu/erddap/rss/OS_ESTOC-1_200412_P_CTD_ANIMATE-MultipleDepths.rss,https://erddap.emso.eu/erddap/subscriptions/add.html?datasetID=OS_ESTOC-1_200412_P_CTD_ANIMATE-MultipleDepths&showErrors=false&email=,,,"OceanSITES ESTOC in-situ data. The European Station forTime-series in the Ocean, Canary Islands (ESTOC) is a sustained and multidisciplinary observatory located at the east central North Atlantic. The ESTOC goal is the creation of an Eulerian long time series on an inter- and multidisciplinary basis in order to monitor and help understand oceanic long-term variability in the North Atlantic subtropical gyre. ESTOC is providing hydrographic and biogeochemical time-series datasets from 1994. Activities include a ship-based observation program (observations of physical, chemical and biological parameters) and one moored structure with meteorological and oceanic surface observations, as well as in the water column."
OS_ESTOC-1_200503_P_CTD_ANIMATE-MultipleDepths,public,"MARUM, University of Bremen",grid,TimeSeries,EDDGridFromErddap,"dm ctd-do-flntu, OS ESTOC-1 200503 P CTD ANIMATE-MultipleDepths (OceanSITES ESTOC in-situ data)",,,,,,,-10.0,-150.0,2005-03-17T12:00:01Z,2005-11-21T17:00:01Z,600.0,https://erddap.emso.eu/erddap/griddap/OS_ESTOC-1_200503_P_CTD_ANIMATE-MultipleDepths,,,https://erddap.emso.eu/erddap/griddap/OS_ESTOC-1_200503_P_CTD_ANIMATE-MultipleDepths.graph,,,,,,,https://erddap.emso.eu/erddap/info/OS_ESTOC-1_200503_P_CTD_ANIMATE-MultipleDepths/index,http://data.plocan.eu/thredds/dodsC/estoc/mooring-watercolumn/dm_ctd-do-flntu/OS_ESTOC-1_200503_P_CTD_ANIMATE-MultipleDepths.nc,http://data.plocan.eu/thredds/PLOCAN-Observatory_Data-Policy_v2.pdf,https://erddap.emso.eu/erddap/rss/OS_ESTOC-1_200503_P_CTD_ANIMATE-MultipleDepths.rss,https://erddap.emso.eu/erddap/subscriptions/add.html?datasetID=OS_ESTOC-1_200503_P_CTD_ANIMATE-MultipleDepths&showErrors=false&email=,,,"OceanSITES ESTOC in-situ data. The European Station forTime-series in the Ocean, Canary Islands (ESTOC) is a sustained and multidisciplinary observatory located at the east central North Atlantic. The ESTOC goal is the creation of an Eulerian long time series on an inter- and multidisciplinary basis in order to monitor and help understand oceanic long-term variability in the North Atlantic subtropical gyre. ESTOC is providing hydrographic and biogeochemical time-series datasets from 1994. Activities include a ship-based observation program (observations of physical, chemical and biological parameters) and one moored structure with meteorological and oceanic surface observations, as well as in the water column."
OS_ESTOC-1_200511_P_CTD_ANIMATE-MultipleDepths,public,"MARUM, University of Bremen",grid,TimeSeries,EDDGridFromErddap,"dm ctd-do-flntu, OS ESTOC-1 200511 P CTD ANIMATE-MultipleDepths (OceanSITES ESTOC in-situ data)",,,,,,,-1.0,-173.0,2005-11-27T17:57:08Z,2006-03-03T13:57:08Z,600.0,https://erddap.emso.eu/erddap/griddap/OS_ESTOC-1_200511_P_CTD_ANIMATE-MultipleDepths,,,https://erddap.emso.eu/erddap/griddap/OS_ESTOC-1_200511_P_CTD_ANIMATE-MultipleDepths.graph,,,,,,,https://erddap.emso.eu/erddap/info/OS_ESTOC-1_200511_P_CTD_ANIMATE-MultipleDepths/index,http://data.plocan.eu/thredds/dodsC/estoc/mooring-watercolumn/dm_ctd-do-flntu/OS_ESTOC-1_200511_P_CTD_ANIMATE-MultipleDepths.nc,http://data.plocan.eu/thredds/PLOCAN-Observatory_Data-Policy_v2.pdf,https://erddap.emso.eu/erddap/rss/OS_ESTOC-1_200511_P_CTD_ANIMATE-MultipleDepths.rss,https://erddap.emso.eu/erddap/subscriptions/add.html?datasetID=OS_ESTOC-1_200511_P_CTD_ANIMATE-MultipleDepths&showErrors=false&email=,,,"OceanSITES ESTOC in-situ data. The European Station forTime-series in the Ocean, Canary Islands (ESTOC) is a sustained and multidisciplinary observatory located at the east central North Atlantic. The ESTOC goal is the creation of an Eulerian long time series on an inter- and multidisciplinary basis in order to monitor and help understand oceanic long-term variability in the North Atlantic subtropical gyre. ESTOC is providing hydrographic and biogeochemical time-series datasets from 1994. Activities include a ship-based observation program (observations of physical, chemical and biological parameters) and one moored structure with meteorological and oceanic surface observations, as well as in the water column."
OS_ESTOC-1_200603_P_CTD_ANIMATE-MultipleDepths,public,"MARUM, University of Bremen",grid,TimeSeries,EDDGridFromErddap,"dm ctd-do-flntu, OS ESTOC-1 200603 P CTD ANIMATE-MultipleDepths (OceanSITES ESTOC in-situ data)",,,,,,,-1.0,-170.0,2006-03-08T23:00:01Z,2006-11-04T16:00:01Z,600.0,https://erddap.emso.eu/erddap/griddap/OS_ESTOC-1_200603_P_CTD_ANIMATE-MultipleDepths,,,https://erddap.emso.eu/erddap/griddap/OS_ESTOC-1_200603_P_CTD_ANIMATE-MultipleDepths.graph,,,,,,,https://erddap.emso.eu/erddap/info/OS_ESTOC-1_200603_P_CTD_ANIMATE-MultipleDepths/index,http://data.plocan.eu/thredds/dodsC/estoc/mooring-watercolumn/dm_ctd-do-flntu/OS_ESTOC-1_200603_P_CTD_ANIMATE-MultipleDepths.nc,http://data.plocan.eu/thredds/PLOCAN-Observatory_Data-Policy_v2.pdf,https://erddap.emso.eu/erddap/rss/OS_ESTOC-1_200603_P_CTD_ANIMATE-MultipleDepths.rss,https://erddap.emso.eu/erddap/subscriptions/add.html?datasetID=OS_ESTOC-1_200603_P_CTD_ANIMATE-MultipleDepths&showErrors=false&email=,,,"OceanSITES ESTOC in-situ data. The European Station forTime-series in the Ocean, Canary Islands (ESTOC) is a sustained and multidisciplinary observatory located at the east central North Atlantic. The ESTOC goal is the creation of an Eulerian long time series on an inter- and multidisciplinary basis in order to monitor and help understand oceanic long-term variability in the North Atlantic subtropical gyre. ESTOC is providing hydrographic and biogeochemical time-series datasets from 1994. Activities include a ship-based observation program (observations of physical, chemical and biological parameters) and one moored structure with meteorological and oceanic surface observations, as well as in the water column."
OS_ESTOC-1_200611_P_CTD_ANIMATE-MultipleDepths,public,"MARUM, University of Bremen",grid,TimeSeries,EDDGridFromErddap,"dm ctd-do-flntu, OS ESTOC-1 200611 P CTD ANIMATE-MultipleDepths (OceanSITES ESTOC in-situ data)",,,,,,,-1.0,-170.0,2006-11-10T18:00:01Z,2007-03-30T10:00:01Z,600.0,https://erddap.emso.eu/erddap/griddap/OS_ESTOC-1_200611_P_CTD_ANIMATE-MultipleDepths,,,https://erddap.emso.eu/erddap/griddap/OS_ESTOC-1_200611_P_CTD_ANIMATE-MultipleDepths.graph,,,,,,,https://erddap.emso.eu/erddap/info/OS_ESTOC-1_200611_P_CTD_ANIMATE-MultipleDepths/index,http://data.plocan.eu/thredds/dodsC/estoc/mooring-watercolumn/dm_ctd-do-flntu/OS_ESTOC-1_200611_P_CTD_ANIMATE-MultipleDepths.nc,http://data.plocan.eu/thredds/PLOCAN-Observatory_Data-Policy_v2.pdf,https://erddap.emso.eu/erddap/rss/OS_ESTOC-1_200611_P_CTD_ANIMATE-MultipleDepths.rss,https://erddap.emso.eu/erddap/subscriptions/add.html?datasetID=OS_ESTOC-1_200611_P_CTD_ANIMATE-MultipleDepths&showErrors=false&email=,,,"OceanSITES ESTOC in-situ data. The European Station forTime-series in the Ocean, Canary Islands (ESTOC) is a sustained and multidisciplinary observatory located at the east central North Atlantic. The ESTOC goal is the creation of an Eulerian long time series on an inter- and multidisciplinary basis in order to monitor and help understand oceanic long-term variability in the North Atlantic subtropical gyre. ESTOC is providing hydrographic and biogeochemical time-series datasets from 1994. Activities include a ship-based observation program (observations of physical, chemical and biological parameters) and one moored structure with meteorological and oceanic surface observations, as well as in the water column."
OS_ESTOC-1_200703_P_CTD_ANIMATE-MultipleDepths,public,"MARUM, University of Bremen",grid,TimeSeries,EDDGridFromErddap,"dm ctd-do-flntu, OS ESTOC-1 200703 P CTD ANIMATE-MultipleDepths (OceanSITES ESTOC in-situ data)",,,,,,,-1.0,-170.0,2007-03-31T22:00:01Z,2007-05-16T09:20:01Z,600.0,https://erddap.emso.eu/erddap/griddap/OS_ESTOC-1_200703_P_CTD_ANIMATE-MultipleDepths,,,https://erddap.emso.eu/erddap/griddap/OS_ESTOC-1_200703_P_CTD_ANIMATE-MultipleDepths.graph,,,,,,,https://erddap.emso.eu/erddap/info/OS_ESTOC-1_200703_P_CTD_ANIMATE-MultipleDepths/index,http://data.plocan.eu/thredds/dodsC/estoc/mooring-watercolumn/dm_ctd-do-flntu/OS_ESTOC-1_200703_P_CTD_ANIMATE-MultipleDepths.nc,http://data.plocan.eu/thredds/PLOCAN-Observatory_Data-Policy_v2.pdf,https://erddap.emso.eu/erddap/rss/OS_ESTOC-1_200703_P_CTD_ANIMATE-MultipleDepths.rss,https://erddap.emso.eu/erddap/subscriptions/add.html?datasetID=OS_ESTOC-1_200703_P_CTD_ANIMATE-MultipleDepths&showErrors=false&email=,,,"OceanSITES ESTOC in-situ data. The European Station forTime-series in the Ocean, Canary Islands (ESTOC) is a sustained and multidisciplinary observatory located at the east central North Atlantic. The ESTOC goal is the creation of an Eulerian long time series on an inter- and multidisciplinary basis in order to monitor and help understand oceanic long-term variability in the North Atlantic subtropical gyre. ESTOC is providing hydrographic and biogeochemical time-series datasets from 1994. Activities include a ship-based observation program (observations of physical, chemical and biological parameters) and one moored structure with meteorological and oceanic surface observations, as well as in the water column."
OS_ESTOC-1_200711_P_CTD_ANIMATE-MultipleDepths,public,"MARUM, University of Bremen",grid,TimeSeries,EDDGridFromErddap,"dm ctd-do-flntu, OS ESTOC-1 200711 P CTD ANIMATE-MultipleDepths (OceanSITES ESTOC in-situ data)",,,,,,,-1.0,-172.0,2007-11-05T14:00:01Z,2008-04-14T08:00:01Z,600.0,https://erddap.emso.eu/erddap/griddap/OS_ESTOC-1_200711_P_CTD_ANIMATE-MultipleDepths,,,https://erddap.emso.eu/erddap/griddap/OS_ESTOC-1_200711_P_CTD_ANIMATE-MultipleDepths.graph,,,,,,,https://erddap.emso.eu/erddap/info/OS_ESTOC-1_200711_P_CTD_ANIMATE-MultipleDepths/index,http://data.plocan.eu/thredds/dodsC/estoc/mooring-watercolumn/dm_ctd-do-flntu/OS_ESTOC-1_200711_P_CTD_ANIMATE-MultipleDepths.nc,http://data.plocan.eu/thredds/PLOCAN-Observatory_Data-Policy_v2.pdf,https://erddap.emso.eu/erddap/rss/OS_ESTOC-1_200711_P_CTD_ANIMATE-MultipleDepths.rss,https://erddap.emso.eu/erddap/subscriptions/add.html?datasetID=OS_ESTOC-1_200711_P_CTD_ANIMATE-MultipleDepths&showErrors=false&email=,,,"OceanSITES ESTOC in-situ data. The European Station forTime-series in the Ocean, Canary Islands (ESTOC) is a sustained and multidisciplinary observatory located at the east central North Atlantic. The ESTOC goal is the creation of an Eulerian long time series on an inter- and multidisciplinary basis in order to monitor and help understand oceanic long-term variability in the North Atlantic subtropical gyre. ESTOC is providing hydrographic and biogeochemical time-series datasets from 1994. Activities include a ship-based observation program (observations of physical, chemical and biological parameters) and one moored structure with meteorological and oceanic surface observations, as well as in the water column."
OS_ESTOC-2_200204_D_CTD_ANIMATE-MultipleDepths,public,MARUM,grid,TimeSeries,EDDGridFromErddap,"dm ctd-do-flntu, OS ESTOC-2 200204 D CTD ANIMATE-MultipleDepths (OceanSITES ESTOC in-situ data)",,,,,,,-10.0,-940.0,2002-04-16T21:00:00Z,2002-05-21T15:00:00Z,3600.0,https://erddap.emso.eu/erddap/griddap/OS_ESTOC-2_200204_D_CTD_ANIMATE-MultipleDepths,,,https://erddap.emso.eu/erddap/griddap/OS_ESTOC-2_200204_D_CTD_ANIMATE-MultipleDepths.graph,,,,,,,https://erddap.emso.eu/erddap/info/OS_ESTOC-2_200204_D_CTD_ANIMATE-MultipleDepths/index,http://data.plocan.eu/thredds/dodsC/estoc/mooring-watercolumn/dm_ctd-do-flntu/OS_ESTOC-2_200204_D_CTD_ANIMATE-MultipleDepths.nc,http://data.plocan.eu/thredds/PLOCAN-Observatory_Data-Policy_v2.pdf,https://erddap.emso.eu/erddap/rss/OS_ESTOC-2_200204_D_CTD_ANIMATE-MultipleDepths.rss,https://erddap.emso.eu/erddap/subscriptions/add.html?datasetID=OS_ESTOC-2_200204_D_CTD_ANIMATE-MultipleDepths&showErrors=false&email=,,,"OceanSITES ESTOC in-situ data. The European Station forTime-series in the Ocean, Canary Islands (ESTOC) is a sustained and multidisciplinary observatory located at the east central North Atlantic. The ESTOC goal is the creation of an Eulerian long time series on an inter- and multidisciplinary basis in order to monitor and help understand oceanic long-term variability in the North Atlantic subtropical gyre. ESTOC is providing hydrographic and biogeochemical time-series datasets from 1994. Activities include a ship-based observation program (observations of physical, chemical and biological parameters) and one moored structure with meteorological and oceanic surface observations, as well as in the water column."
OS_ESTOC-2_200304_D_CTD_ANIMATE-MultipleDepths,public,MARUM,grid,TimeSeries,EDDGridFromErddap,"dm ctd-do-flntu, OS ESTOC-2 200304 D CTD ANIMATE-MultipleDepths (OceanSITES ESTOC in-situ data)",,,,,,,-30.0,-945.0,2003-04-13T00:00:00Z,2003-10-29T07:00:00Z,3600.0,https://erddap.emso.eu/erddap/griddap/OS_ESTOC-2_200304_D_CTD_ANIMATE-MultipleDepths,,,https://erddap.emso.eu/erddap/griddap/OS_ESTOC-2_200304_D_CTD_ANIMATE-MultipleDepths.graph,,,,,,,https://erddap.emso.eu/erddap/info/OS_ESTOC-2_200304_D_CTD_ANIMATE-MultipleDepths/index,http://data.plocan.eu/thredds/dodsC/estoc/mooring-watercolumn/dm_ctd-do-flntu/OS_ESTOC-2_200304_D_CTD_ANIMATE-MultipleDepths.nc,http://data.plocan.eu/thredds/PLOCAN-Observatory_Data-Policy_v2.pdf,https://erddap.emso.eu/erddap/rss/OS_ESTOC-2_200304_D_CTD_ANIMATE-MultipleDepths.rss,https://erddap.emso.eu/erddap/subscriptions/add.html?datasetID=OS_ESTOC-2_200304_D_CTD_ANIMATE-MultipleDepths&showErrors=false&email=,,,"OceanSITES ESTOC in-situ data. The European Station forTime-series in the Ocean, Canary Islands (ESTOC) is a sustained and multidisciplinary observatory located at the east central North Atlantic. The ESTOC goal is the creation of an Eulerian long time series on an inter- and multidisciplinary basis in order to monitor and help understand oceanic long-term variability in the North Atlantic subtropical gyre. ESTOC is providing hydrographic and biogeochemical time-series datasets from 1994. Activities include a ship-based observation program (observations of physical, chemical and biological parameters) and one moored structure with meteorological and oceanic surface observations, as well as in the water column."
OS_ESTOC-2_200311_D_CTD_ANIMATE-MultipleDepths,public,MARUM,grid,TimeSeries,EDDGridFromErddap,"dm ctd-do-flntu, OS ESTOC-2 200311 D CTD ANIMATE-MultipleDepths (OceanSITES ESTOC in-situ data)",,,,,,,-10.0,-945.0,2003-11-01T14:00:00Z,2004-04-22T09:00:00Z,3600.0,https://erddap.emso.eu/erddap/griddap/OS_ESTOC-2_200311_D_CTD_ANIMATE-MultipleDepths,,,https://erddap.emso.eu/erddap/griddap/OS_ESTOC-2_200311_D_CTD_ANIMATE-MultipleDepths.graph,,,,,,,https://erddap.emso.eu/erddap/info/OS_ESTOC-2_200311_D_CTD_ANIMATE-MultipleDepths/index,http://data.plocan.eu/thredds/dodsC/estoc/mooring-watercolumn/dm_ctd-do-flntu/OS_ESTOC-2_200311_D_CTD_ANIMATE-MultipleDepths.nc,http://data.plocan.eu/thredds/PLOCAN-Observatory_Data-Policy_v2.pdf,https://erddap.emso.eu/erddap/rss/OS_ESTOC-2_200311_D_CTD_ANIMATE-MultipleDepths.rss,https://erddap.emso.eu/erddap/subscriptions/add.html?datasetID=OS_ESTOC-2_200311_D_CTD_ANIMATE-MultipleDepths&showErrors=false&email=,,,"OceanSITES ESTOC in-situ data. The European Station forTime-series in the Ocean, Canary Islands (ESTOC) is a sustained and multidisciplinary observatory located at the east central North Atlantic. The ESTOC goal is the creation of an Eulerian long time series on an inter- and multidisciplinary basis in order to monitor and help understand oceanic long-term variability in the North Atlantic subtropical gyre. ESTOC is providing hydrographic and biogeochemical time-series datasets from 1994. Activities include a ship-based observation program (observations of physical, chemical and biological parameters) and one moored structure with meteorological and oceanic surface observations, as well as in the water column."
OS_ESTOC-2_200404_R_CTD_ANIMATE-MultipleDepths,public,MARUM,grid,TimeSeries,EDDGridFromErddap,"dm ctd-do-flntu, OS ESTOC-2 200404 R CTD ANIMATE-MultipleDepths (OceanSITES ESTOC in-situ data)",,,,,,,-25.0,-148.0,2004-04-23T22:30:00Z,2004-11-17T06:30:00Z,7860.289600702063,https://erddap.emso.eu/erddap/griddap/OS_ESTOC-2_200404_R_CTD_ANIMATE-MultipleDepths,,,https://erddap.emso.eu/erddap/griddap/OS_ESTOC-2_200404_R_CTD_ANIMATE-MultipleDepths.graph,,,,,,,https://erddap.emso.eu/erddap/info/OS_ESTOC-2_200404_R_CTD_ANIMATE-MultipleDepths/index,http://data.plocan.eu/thredds/dodsC/estoc/mooring-watercolumn/dm_ctd-do-flntu/OS_ESTOC-2_200404_R_CTD_ANIMATE-MultipleDepths.nc,http://data.plocan.eu/thredds/PLOCAN-Observatory_Data-Policy_v2.pdf,https://erddap.emso.eu/erddap/rss/OS_ESTOC-2_200404_R_CTD_ANIMATE-MultipleDepths.rss,https://erddap.emso.eu/erddap/subscriptions/add.html?datasetID=OS_ESTOC-2_200404_R_CTD_ANIMATE-MultipleDepths&showErrors=false&email=,,,"OceanSITES ESTOC in-situ data. The European Station forTime-series in the Ocean, Canary Islands (ESTOC) is a sustained and multidisciplinary observatory located at the east central North Atlantic. The ESTOC goal is the creation of an Eulerian long time series on an inter- and multidisciplinary basis in order to monitor and help understand oceanic long-term variability in the North Atlantic subtropical gyre. ESTOC is providing hydrographic and biogeochemical time-series datasets from 1994. Activities include a ship-based observation program (observations of physical, chemical and biological parameters) and one moored structure with meteorological and oceanic surface observations, as well as in the water column."
OS_ESTOC_201505_D_ADCP_FixO3_80mUpward,public,Oceanic Platform of the Canary Islands- PLOCAN,grid,TimeSeries,EDDGridFromErddap,"dm currents, OS ESTOC 201505 D ADCP FixO3 80mUpward (OceanSITES ESTOC in-situ data.) [TIME][DEPTH]",,,,,,,-6.45,-81.45,2015-05-19T11:40:18Z,2015-09-25T09:42:11Z,3600.036360698125,https://erddap.emso.eu/erddap/griddap/OS_ESTOC_201505_D_ADCP_FixO3_80mUpward,,,https://erddap.emso.eu/erddap/griddap/OS_ESTOC_201505_D_ADCP_FixO3_80mUpward.graph,,,,,,,https://erddap.emso.eu/erddap/info/OS_ESTOC_201505_D_ADCP_FixO3_80mUpward/index,http://data.plocan.eu/thredds/dodsC/estoc/mooring-watercolumn/dm_currents/OS_ESTOC_201505_D_ADCP_FixO3_80mUpward.nc,http://data.plocan.eu/thredds/PLOCAN-Observatory_Data-Policy_v2.pdf,https://erddap.emso.eu/erddap/rss/OS_ESTOC_201505_D_ADCP_FixO3_80mUpward.rss,https://erddap.emso.eu/erddap/subscriptions/add.html?datasetID=OS_ESTOC_201505_D_ADCP_FixO3_80mUpward&showErrors=false&email=,,,"OceanSITES ESTOC in-situ data. The European Station forTime-series in the Ocean, Canary Islands (ESTOC) is a sustained and multidisciplinary observatory located at the east central North Atlantic. The ESTOC goal is the creation of an Eulerian long time series on an inter- and multidisciplinary basis in order to monitor and help understand oceanic long-term variability in the North Atlantic subtropical gyre. ESTOC is providing hydrographic and biogeochemical time-series datasets from 1994. Activities include a ship-based observation program (observations of physical, chemical and biological parameters) and one moored structure with meteorological and oceanic surface observations, as well as in the water column."
OS_ESTOC_201510_D_ADCP_FixO3_80mUpward,public,Oceanic Platform of the Canary Islands- PLOCAN,grid,TimeSeries,EDDGridFromErddap,"dm currents, OS ESTOC 201510 D ADCP FixO3 80mUpward (OceanSITES ESTOC in-situ data.) [TIME][DEPTH]",,,,,,,-6.0,-81.0,2015-10-24T15:00:00Z,2016-06-09T07:10:18Z,3603.395723144264,https://erddap.emso.eu/erddap/griddap/OS_ESTOC_201510_D_ADCP_FixO3_80mUpward,,,https://erddap.emso.eu/erddap/griddap/OS_ESTOC_201510_D_ADCP_FixO3_80mUpward.graph,,,,,,,https://erddap.emso.eu/erddap/info/OS_ESTOC_201510_D_ADCP_FixO3_80mUpward/index,http://data.plocan.eu/thredds/dodsC/estoc/mooring-watercolumn/dm_currents/OS_ESTOC_201510_D_ADCP_FixO3_80mUpward.nc,http://data.plocan.eu/thredds/PLOCAN-Observatory_Data-Policy_v2.pdf,https://erddap.emso.eu/erddap/rss/OS_ESTOC_201510_D_ADCP_FixO3_80mUpward.rss,https://erddap.emso.eu/erddap/subscriptions/add.html?datasetID=OS_ESTOC_201510_D_ADCP_FixO3_80mUpward&showErrors=false&email=,,,"OceanSITES ESTOC in-situ data. The European Station forTime-series in the Ocean, Canary Islands (ESTOC) is a sustained and multidisciplinary observatory located at the east central North Atlantic. The ESTOC goal is the creation of an Eulerian long time series on an inter- and multidisciplinary basis in order to monitor and help understand oceanic long-term variability in the North Atlantic subtropical gyre. ESTOC is providing hydrographic and biogeochemical time-series datasets from 1994. Activities include a ship-based observation program (observations of physical, chemical and biological parameters) and one moored structure with meteorological and oceanic surface observations, as well as in the water column."
OS_ESTOC_201610_D_ADCP_FixO3_100mUpward,public,Oceanic Platform of the Canary Islands- PLOCAN,grid,TimeSeries,EDDGridFromErddap,"dm currents, OS ESTOC 201610 D ADCP FixO3 100mUpward (OceanSITES ESTOC in-situ data.) [TIME][DEPTH]",,,,,,,-6.0,-81.0,2016-10-11T15:00:00Z,2016-12-03T00:00:00Z,3600.0,https://erddap.emso.eu/erddap/griddap/OS_ESTOC_201610_D_ADCP_FixO3_100mUpward,,,https://erddap.emso.eu/erddap/griddap/OS_ESTOC_201610_D_ADCP_FixO3_100mUpward.graph,,,,,,,https://erddap.emso.eu/erddap/info/OS_ESTOC_201610_D_ADCP_FixO3_100mUpward/index,http://data.plocan.eu/thredds/dodsC/estoc/mooring-watercolumn/dm_currents/OS_ESTOC_201610_D_ADCP_FixO3_100mUpward.nc,http://data.plocan.eu/thredds/PLOCAN-Observatory_Data-Policy_v2.pdf,https://erddap.emso.eu/erddap/rss/OS_ESTOC_201610_D_ADCP_FixO3_100mUpward.rss,https://erddap.emso.eu/erddap/subscriptions/add.html?datasetID=OS_ESTOC_201610_D_ADCP_FixO3_100mUpward&showErrors=false&email=,,,"OceanSITES ESTOC in-situ data. The European Station forTime-series in the Ocean, Canary Islands (ESTOC) is a sustained and multidisciplinary observatory located at the east central North Atlantic. The ESTOC goal is the creation of an Eulerian long time series on an inter- and multidisciplinary basis in order to monitor and help understand oceanic long-term variability in the North Atlantic subtropical gyre. ESTOC is providing hydrographic and biogeochemical time-series datasets from 1994. Activities include a ship-based observation program (observations of physical, chemical and biological parameters) and one moored structure with meteorological and oceanic surface observations, as well as in the water column."
OS_ESTOC_201610_D_ADCP_FixO3_80mUpward,public,Oceanic Platform of the Canary Islands- PLOCAN,grid,TimeSeries,EDDGridFromErddap,"dm currents, OS ESTOC 201610 D ADCP FixO3 80mUpward (OceanSITES ESTOC in-situ data.) [TIME][DEPTH]",,,,,,,-6.0,-81.0,2016-10-11T15:00:00Z,2016-12-03T00:00:00Z,3600.0,https://erddap.emso.eu/erddap/griddap/OS_ESTOC_201610_D_ADCP_FixO3_80mUpward,,,https://erddap.emso.eu/erddap/griddap/OS_ESTOC_201610_D_ADCP_FixO3_80mUpward.graph,,,,,,,https://erddap.emso.eu/erddap/info/OS_ESTOC_201610_D_ADCP_FixO3_80mUpward/index,http://data.plocan.eu/thredds/dodsC/estoc/mooring-watercolumn/dm_currents/OS_ESTOC_201610_D_ADCP_FixO3_80mUpward.nc,http://data.plocan.eu/thredds/PLOCAN-Observatory_Data-Policy_v2.pdf,https://erddap.emso.eu/erddap/rss/OS_ESTOC_201610_D_ADCP_FixO3_80mUpward.rss,https://erddap.emso.eu/erddap/subscriptions/add.html?datasetID=OS_ESTOC_201610_D_ADCP_FixO3_80mUpward&showErrors=false&email=,,,"OceanSITES ESTOC in-situ data. The European Station forTime-series in the Ocean, Canary Islands (ESTOC) is a sustained and multidisciplinary observatory located at the east central North Atlantic. The ESTOC goal is the creation of an Eulerian long time series on an inter- and multidisciplinary basis in order to monitor and help understand oceanic long-term variability in the North Atlantic subtropical gyre. ESTOC is providing hydrographic and biogeochemical time-series datasets from 1994. Activities include a ship-based observation program (observations of physical, chemical and biological parameters) and one moored structure with meteorological and oceanic surface observations, as well as in the water column."
OS_ESTOC_201610_D_Currentmeter_FixO3-150m,public,Oceanic Platform of the Canary Islands- PLOCAN,grid,TimeSeries,EDDGridFromErddap,"dm currents, OS ESTOC 201610 D Currentmeter FixO3-150m (OceanSITES ESTOC in-situ data.)",,,,,,,-150.0,-150.0,2016-10-11T15:30:00Z,2016-12-03T00:00:00Z,900.0,https://erddap.emso.eu/erddap/griddap/OS_ESTOC_201610_D_Currentmeter_FixO3-150m,,,https://erddap.emso.eu/erddap/griddap/OS_ESTOC_201610_D_Currentmeter_FixO3-150m.graph,,,,,,,https://erddap.emso.eu/erddap/info/OS_ESTOC_201610_D_Currentmeter_FixO3-150m/index,http://data.plocan.eu/thredds/dodsC/estoc/mooring-watercolumn/dm_currents/OS_ESTOC_201610_D_Currentmeter_FixO3-150m.nc,http://data.plocan.eu/thredds/PLOCAN-Observatory_Data-Policy_v2.pdf,https://erddap.emso.eu/erddap/rss/OS_ESTOC_201610_D_Currentmeter_FixO3-150m.rss,https://erddap.emso.eu/erddap/subscriptions/add.html?datasetID=OS_ESTOC_201610_D_Currentmeter_FixO3-150m&showErrors=false&email=,,,"OceanSITES ESTOC in-situ data. The European Station forTime-series in the Ocean, Canary Islands (ESTOC) is a sustained and multidisciplinary observatory located at the east central North Atlantic. The ESTOC goal is the creation of an Eulerian long time series on an inter- and multidisciplinary basis in order to monitor and help understand oceanic long-term variability in the North Atlantic subtropical gyre. ESTOC is providing hydrographic and biogeochemical time-series datasets from 1994. Activities include a ship-based observation program (observations of physical, chemical and biological parameters) and one moored structure with meteorological and oceanic surface observations, as well as in the water column."
OS_ESTOC_201704_D_ADCP_FixO3_80mUpward,public,Oceanic Platform of the Canary Islands- PLOCAN,grid,TimeSeries,EDDGridFromErddap,"dm currents, OS ESTOC 201704 D ADCP FixO3 80mUpward (OceanSITES ESTOC in-situ data.) [TIME][DEPTH]",,,,,,,-6.0,-81.0,2017-04-14T20:00:56Z,2017-09-28T06:59:03Z,3599.97183979975,https://erddap.emso.eu/erddap/griddap/OS_ESTOC_201704_D_ADCP_FixO3_80mUpward,,,https://erddap.emso.eu/erddap/griddap/OS_ESTOC_201704_D_ADCP_FixO3_80mUpward.graph,,,,,,,https://erddap.emso.eu/erddap/info/OS_ESTOC_201704_D_ADCP_FixO3_80mUpward/index,http://data.plocan.eu/thredds/dodsC/estoc/mooring-watercolumn/dm_currents/OS_ESTOC_201704_D_ADCP_FixO3_80mUpward.nc,http://data.plocan.eu/thredds/PLOCAN-Observatory_Data-Policy_v2.pdf,https://erddap.emso.eu/erddap/rss/OS_ESTOC_201704_D_ADCP_FixO3_80mUpward.rss,https://erddap.emso.eu/erddap/subscriptions/add.html?datasetID=OS_ESTOC_201704_D_ADCP_FixO3_80mUpward&showErrors=false&email=,,,"OceanSITES ESTOC in-situ data. The European Station forTime-series in the Ocean, Canary Islands (ESTOC) is a sustained and multidisciplinary observatory located at the east central North Atlantic. The ESTOC goal is the creation of an Eulerian long time series on an inter- and multidisciplinary basis in order to monitor and help understand oceanic long-term variability in the North Atlantic subtropical gyre. ESTOC is providing hydrographic and biogeochemical time-series datasets from 1994. Activities include a ship-based observation program (observations of physical, chemical and biological parameters) and one moored structure with meteorological and oceanic surface observations, as well as in the water column."
OS_ESTOC_201704_D_Currentmeter_FixO3-150m,public,Oceanic Platform of the Canary Islands- PLOCAN,grid,TimeSeries,EDDGridFromErddap,"dm currents, OS ESTOC 201704 D Currentmeter FixO3-150m (OceanSITES ESTOC in-situ data.)",,,,,,,-150.0,-150.0,2017-04-14T20:00:00Z,2017-09-27T12:30:00Z,1800.0,https://erddap.emso.eu/erddap/griddap/OS_ESTOC_201704_D_Currentmeter_FixO3-150m,,,https://erddap.emso.eu/erddap/griddap/OS_ESTOC_201704_D_Currentmeter_FixO3-150m.graph,,,,,,,https://erddap.emso.eu/erddap/info/OS_ESTOC_201704_D_Currentmeter_FixO3-150m/index,http://data.plocan.eu/thredds/dodsC/estoc/mooring-watercolumn/dm_currents/OS_ESTOC_201704_D_Currentmeter_FixO3-150m.nc,http://data.plocan.eu/thredds/PLOCAN-Observatory_Data-Policy_v2.pdf,https://erddap.emso.eu/erddap/rss/OS_ESTOC_201704_D_Currentmeter_FixO3-150m.rss,https://erddap.emso.eu/erddap/subscriptions/add.html?datasetID=OS_ESTOC_201704_D_Currentmeter_FixO3-150m&showErrors=false&email=,,,"OceanSITES ESTOC in-situ data. The European Station forTime-series in the Ocean, Canary Islands (ESTOC) is a sustained and multidisciplinary observatory located at the east central North Atlantic. The ESTOC goal is the creation of an Eulerian long time series on an inter- and multidisciplinary basis in order to monitor and help understand oceanic long-term variability in the North Atlantic subtropical gyre. ESTOC is providing hydrographic and biogeochemical time-series datasets from 1994. Activities include a ship-based observation program (observations of physical, chemical and biological parameters) and one moored structure with meteorological and oceanic surface observations, as well as in the water column."
OS_ESTOC_201805_D_ADCP_FixO3_1mdownward,public,Oceanic Platform of the Canary Islands- PLOCAN,grid,TimeSeries,EDDGridFromErddap,"dm currents, OS ESTOC 201805 D ADCP FixO3 1mdownward (OceanSITES ESTOC in-situ data.) [TIME][DEPTH]",,,,,,,-7.0,-82.0,2018-05-22T15:00:00Z,2019-02-26T08:00:55Z,3600.0083229554566,https://erddap.emso.eu/erddap/griddap/OS_ESTOC_201805_D_ADCP_FixO3_1mdownward,,,https://erddap.emso.eu/erddap/griddap/OS_ESTOC_201805_D_ADCP_FixO3_1mdownward.graph,,,,,,,https://erddap.emso.eu/erddap/info/OS_ESTOC_201805_D_ADCP_FixO3_1mdownward/index,http://data.plocan.eu/thredds/dodsC/estoc/mooring-watercolumn/dm_currents/OS_ESTOC_201805_D_ADCP_FixO3_1mdownward.nc,http://data.plocan.eu/thredds/PLOCAN-Observatory_Data-Policy_v2.pdf,https://erddap.emso.eu/erddap/rss/OS_ESTOC_201805_D_ADCP_FixO3_1mdownward.rss,https://erddap.emso.eu/erddap/subscriptions/add.html?datasetID=OS_ESTOC_201805_D_ADCP_FixO3_1mdownward&showErrors=false&email=,,,"OceanSITES ESTOC in-situ data. The European Station forTime-series in the Ocean, Canary Islands (ESTOC) is a sustained and multidisciplinary observatory located at the east central North Atlantic. The ESTOC goal is the creation of an Eulerian long time series on an inter- and multidisciplinary basis in order to monitor and help understand oceanic long-term variability in the North Atlantic subtropical gyre. ESTOC is providing hydrographic and biogeochemical time-series datasets from 1994. Activities include a ship-based observation program (observations of physical, chemical and biological parameters) and one moored structure with meteorological and oceanic surface observations, as well as in the water column."
OS_ESTOC_201805_D_ADCP_FixO3_80mUpward,public,Oceanic Platform of the Canary Islands- PLOCAN,grid,TimeSeries,EDDGridFromErddap,"dm currents, OS ESTOC 201805 D ADCP FixO3 80mUpward (OceanSITES ESTOC in-situ data.) [TIME][DEPTH]",,,,,,,-6.0,-81.0,2018-05-22T15:00:00Z,2019-02-26T08:00:55Z,3600.0083229554566,https://erddap.emso.eu/erddap/griddap/OS_ESTOC_201805_D_ADCP_FixO3_80mUpward,,,https://erddap.emso.eu/erddap/griddap/OS_ESTOC_201805_D_ADCP_FixO3_80mUpward.graph,,,,,,,https://erddap.emso.eu/erddap/info/OS_ESTOC_201805_D_ADCP_FixO3_80mUpward/index,http://data.plocan.eu/thredds/dodsC/estoc/mooring-watercolumn/dm_currents/OS_ESTOC_201805_D_ADCP_FixO3_80mUpward.nc,http://data.plocan.eu/thredds/PLOCAN-Observatory_Data-Policy_v2.pdf,https://erddap.emso.eu/erddap/rss/OS_ESTOC_201805_D_ADCP_FixO3_80mUpward.rss,https://erddap.emso.eu/erddap/subscriptions/add.html?datasetID=OS_ESTOC_201805_D_ADCP_FixO3_80mUpward&showErrors=false&email=,,,"OceanSITES ESTOC in-situ data. The European Station forTime-series in the Ocean, Canary Islands (ESTOC) is a sustained and multidisciplinary observatory located at the east central North Atlantic. The ESTOC goal is the creation of an Eulerian long time series on an inter- and multidisciplinary basis in order to monitor and help understand oceanic long-term variability in the North Atlantic subtropical gyre. ESTOC is providing hydrographic and biogeochemical time-series datasets from 1994. Activities include a ship-based observation program (observations of physical, chemical and biological parameters) and one moored structure with meteorological and oceanic surface observations, as well as in the water column."
OS_ESTOC_201805_D_Currentmeter_FixO3-150m,public,Oceanic Platform of the Canary Islands- PLOCAN,grid,TimeSeries,EDDGridFromErddap,"dm currents, OS ESTOC 201805 D Currentmeter FixO3-150m (OceanSITES ESTOC in-situ data.) [TIME]",,,,,,,,,2018-05-22T16:00:00Z,2019-02-26T10:00:00Z,1800.0,https://erddap.emso.eu/erddap/griddap/OS_ESTOC_201805_D_Currentmeter_FixO3-150m,,,https://erddap.emso.eu/erddap/griddap/OS_ESTOC_201805_D_Currentmeter_FixO3-150m.graph,,,,,,,https://erddap.emso.eu/erddap/info/OS_ESTOC_201805_D_Currentmeter_FixO3-150m/index,http://data.plocan.eu/thredds/dodsC/estoc/mooring-watercolumn/dm_currents/OS_ESTOC_201805_D_Currentmeter_FixO3-150m.nc,http://data.plocan.eu/thredds/PLOCAN-Observatory_Data-Policy_v2.pdf,https://erddap.emso.eu/erddap/rss/OS_ESTOC_201805_D_Currentmeter_FixO3-150m.rss,https://erddap.emso.eu/erddap/subscriptions/add.html?datasetID=OS_ESTOC_201805_D_Currentmeter_FixO3-150m&showErrors=false&email=,,,"OceanSITES ESTOC in-situ data. The European Station forTime-series in the Ocean, Canary Islands (ESTOC) is a sustained and multidisciplinary observatory located at the east central North Atlantic. The ESTOC goal is the creation of an Eulerian long time series on an inter- and multidisciplinary basis in order to monitor and help understand oceanic long-term variability in the North Atlantic subtropical gyre. ESTOC is providing hydrographic and biogeochemical time-series datasets from 1994. Activities include a ship-based observation program (observations of physical, chemical and biological parameters) and one moored structure with meteorological and oceanic surface observations, as well as in the water column."
OS_ESTOC_201902_D_ADCP_EMSO_80mUpward,public,Oceanic Platform of the Canary Islands- PLOCAN,grid,TimeSeries,EDDGridFromErddap,"dm currents, OS ESTOC 201902 D ADCP EMSO 80mUpward (OceanSITES ESTOC in-situ data.) [TIME][DEPTH]",,,,,,,-6.0,-81.0,2019-02-24T18:00:00Z,2019-12-04T08:00:55Z,3600.008238277791,https://erddap.emso.eu/erddap/griddap/OS_ESTOC_201902_D_ADCP_EMSO_80mUpward,,,https://erddap.emso.eu/erddap/griddap/OS_ESTOC_201902_D_ADCP_EMSO_80mUpward.graph,,,,,,,https://erddap.emso.eu/erddap/info/OS_ESTOC_201902_D_ADCP_EMSO_80mUpward/index,http://data.plocan.eu/thredds/dodsC/estoc/mooring-watercolumn/dm_currents/OS_ESTOC_201902_D_ADCP_EMSO_80mUpward.nc,http://data.plocan.eu/thredds/PLOCAN-Observatory_Data-Policy_v2.pdf,https://erddap.emso.eu/erddap/rss/OS_ESTOC_201902_D_ADCP_EMSO_80mUpward.rss,https://erddap.emso.eu/erddap/subscriptions/add.html?datasetID=OS_ESTOC_201902_D_ADCP_EMSO_80mUpward&showErrors=false&email=,,,"OceanSITES ESTOC in-situ data. The European Station forTime-series in the Ocean, Canary Islands (ESTOC) is a sustained and multidisciplinary observatory located at the east central North Atlantic. The ESTOC goal is the creation of an Eulerian long time series on an inter- and multidisciplinary basis in order to monitor and help understand oceanic long-term variability in the North Atlantic subtropical gyre. ESTOC is providing hydrographic and biogeochemical time-series datasets from 1994. Activities include a ship-based observation program (observations of physical, chemical and biological parameters) and one moored structure with meteorological and oceanic surface observations, as well as in the water column."
OS_ESTOC_201902_D_Currentmeter_EMSO_150m,public,Oceanic Platform of the Canary Islands- PLOCAN,grid,TimeSeries,EDDGridFromErddap,"dm currents, OS ESTOC 201902 D Currentmeter EMSO 150m (OceanSITES ESTOC in-situ data.)",,,,,,,-150.0,-150.0,2019-02-24T15:00:00Z,2019-12-04T08:00:00Z,900.0,https://erddap.emso.eu/erddap/griddap/OS_ESTOC_201902_D_Currentmeter_EMSO_150m,,,https://erddap.emso.eu/erddap/griddap/OS_ESTOC_201902_D_Currentmeter_EMSO_150m.graph,,,,,,,https://erddap.emso.eu/erddap/info/OS_ESTOC_201902_D_Currentmeter_EMSO_150m/index,http://data.plocan.eu/thredds/dodsC/estoc/mooring-watercolumn/dm_currents/OS_ESTOC_201902_D_Currentmeter_EMSO_150m.nc,http://data.plocan.eu/thredds/PLOCAN-Observatory_Data-Policy_v2.pdf,https://erddap.emso.eu/erddap/rss/OS_ESTOC_201902_D_Currentmeter_EMSO_150m.rss,https://erddap.emso.eu/erddap/subscriptions/add.html?datasetID=OS_ESTOC_201902_D_Currentmeter_EMSO_150m&showErrors=false&email=,,,"OceanSITES ESTOC in-situ data. The European Station forTime-series in the Ocean, Canary Islands (ESTOC) is a sustained and multidisciplinary observatory located at the east central North Atlantic. The ESTOC goal is the creation of an Eulerian long time series on an inter- and multidisciplinary basis in order to monitor and help understand oceanic long-term variability in the North Atlantic subtropical gyre. ESTOC is providing hydrographic and biogeochemical time-series datasets from 1994. Activities include a ship-based observation program (observations of physical, chemical and biological parameters) and one moored structure with meteorological and oceanic surface observations, as well as in the water column."
OS_ESTOC_PLOCAN_2003-2008_D_ANIMATE-MERSEA,public,Oceanic Platform of the Canary Islands- PLOCAN,grid,TimeSeries,EDDGridFromErddap,"dm meteo, OS ESTOC PLOCAN 2003-2008 D ANIMATE-MERSEA (OceanSITES ESTOC in-situ data.)",,,,,,,-3.0,-3.0,2003-04-07T02:02:17Z,2008-04-15T12:00:00Z,10938.050906883707,https://erddap.emso.eu/erddap/griddap/OS_ESTOC_PLOCAN_2003-2008_D_ANIMATE-MERSEA,,,https://erddap.emso.eu/erddap/griddap/OS_ESTOC_PLOCAN_2003-2008_D_ANIMATE-MERSEA.graph,,,,,,,https://erddap.emso.eu/erddap/info/OS_ESTOC_PLOCAN_2003-2008_D_ANIMATE-MERSEA/index,http://data.plocan.eu/thredds/dodsC/estoc/buoy-surface/dm_meteo/OS_ESTOC_PLOCAN_2003-2008_D_ANIMATE-MERSEA.nc,http://data.plocan.eu/thredds/PLOCAN-Observatory_Data-Policy_v2.pdf,https://erddap.emso.eu/erddap/rss/OS_ESTOC_PLOCAN_2003-2008_D_ANIMATE-MERSEA.rss,https://erddap.emso.eu/erddap/subscriptions/add.html?datasetID=OS_ESTOC_PLOCAN_2003-2008_D_ANIMATE-MERSEA&showErrors=false&email=,,,"OceanSITES ESTOC in-situ data. The European Station forTime-series in the Ocean, Canary Islands (ESTOC) is a sustained and multidisciplinary observatory located at the east central North Atlantic. The ESTOC goal is the creation of an Eulerian long time series on an inter- and multidisciplinary basis in order to monitor and help understand oceanic long-term variability in the North Atlantic subtropical gyre. ESTOC is providing hydrographic and biogeochemical time-series datasets from 1994. Activities include a ship-based observation program (observations of physical, chemical and biological parameters) and one moored structure with meteorological and oceanic surface observations, as well as in the water column."
OS_ESTOC-PLOCAN_2014_D_EuroSITES,public,Oceanic Platform of the Canary Islands- PLOCAN,grid,TimeSeries,EDDGridFromErddap,"dm meteo, OS ESTOC-PLOCAN 2014 D EuroSITES (OceanSITES ESTOC in-situ data.)",,,,,,,-3.0,-3.0,2014-06-02T05:28:39Z,2014-12-22T13:59:59Z,19719.28242424228,https://erddap.emso.eu/erddap/griddap/OS_ESTOC-PLOCAN_2014_D_EuroSITES,,,https://erddap.emso.eu/erddap/griddap/OS_ESTOC-PLOCAN_2014_D_EuroSITES.graph,,,,,,,https://erddap.emso.eu/erddap/info/OS_ESTOC-PLOCAN_2014_D_EuroSITES/index,http://data.plocan.eu/thredds/dodsC/estoc/buoy-surface/dm_meteo/OS_ESTOC-PLOCAN_2014_D_EuroSITES.nc,http://data.plocan.eu/thredds/PLOCAN-Observatory_Data-Policy_v2.pdf,https://erddap.emso.eu/erddap/rss/OS_ESTOC-PLOCAN_2014_D_EuroSITES.rss,https://erddap.emso.eu/erddap/subscriptions/add.html?datasetID=OS_ESTOC-PLOCAN_2014_D_EuroSITES&showErrors=false&email=,,,"OceanSITES ESTOC in-situ data. The European Station forTime-series in the Ocean, Canary Islands (ESTOC) is a sustained and multidisciplinary observatory located at the east central North Atlantic. The ESTOC goal is the creation of an Eulerian long time series on an inter- and multidisciplinary basis in order to monitor and help understand oceanic long-term variability in the North Atlantic subtropical gyre. ESTOC is providing hydrographic and biogeochemical time-series datasets from 1994. Activities include a ship-based observation program (observations of physical, chemical and biological parameters) and one moored structure with meteorological and oceanic surface observations, as well as in the water column."
OS_ESTOC-PLOCAN_2014_D_FIXO3,public,Oceanic Platform of the Canary Islands- PLOCAN,grid,TimeSeries,EDDGridFromErddap,"dm meteo, OS ESTOC-PLOCAN 2014 D FIXO3 (OceanSITES ESTOC in-situ data.)",,,,,,,,,2014-06-02T15:28:07Z,2014-12-22T14:09:22Z,3604.208642137749,https://erddap.emso.eu/erddap/griddap/OS_ESTOC-PLOCAN_2014_D_FIXO3,,,https://erddap.emso.eu/erddap/griddap/OS_ESTOC-PLOCAN_2014_D_FIXO3.graph,,,,,,,https://erddap.emso.eu/erddap/info/OS_ESTOC-PLOCAN_2014_D_FIXO3/index,http://data.plocan.eu/thredds/dodsC/estoc/buoy-surface/dm_meteo/OS_ESTOC-PLOCAN_2014_D_FIXO3.nc,http://data.plocan.eu/thredds/PLOCAN-Observatory_Data-Policy_v2.pdf,https://erddap.emso.eu/erddap/rss/OS_ESTOC-PLOCAN_2014_D_FIXO3.rss,https://erddap.emso.eu/erddap/subscriptions/add.html?datasetID=OS_ESTOC-PLOCAN_2014_D_FIXO3&showErrors=false&email=,,,"OceanSITES ESTOC in-situ data. The European Station forTime-series in the Ocean, Canary Islands (ESTOC) is a sustained and multidisciplinary observatory located at the east central North Atlantic. The ESTOC goal is the creation of an Eulerian long time series on an inter- and multidisciplinary basis in order to monitor and help understand oceanic long-term variability in the North Atlantic subtropical gyre. ESTOC is providing hydrographic and biogeochemical time-series datasets from 1994. Activities include a ship-based observation program (observations of physical, chemical and biological parameters) and one moored structure with meteorological and oceanic surface observations, as well as in the water column."
OS_ESTOC-PLOCAN_2015_D_FIXO3,public,Oceanic Platform of the Canary Islands- PLOCAN,grid,TimeSeries,EDDGridFromErddap,"dm meteo, OS ESTOC-PLOCAN 2015 D FIXO3 (OceanSITES ESTOC in-situ data.)",,,,,,,,,2015-05-19T14:09:22Z,2015-09-25T08:00:56Z,600.0050539942748,https://erddap.emso.eu/erddap/griddap/OS_ESTOC-PLOCAN_2015_D_FIXO3,,,https://erddap.emso.eu/erddap/griddap/OS_ESTOC-PLOCAN_2015_D_FIXO3.graph,,,,,,,https://erddap.emso.eu/erddap/info/OS_ESTOC-PLOCAN_2015_D_FIXO3/index,http://data.plocan.eu/thredds/dodsC/estoc/buoy-surface/dm_meteo/OS_ESTOC-PLOCAN_2015_D_FIXO3.nc,http://data.plocan.eu/thredds/PLOCAN-Observatory_Data-Policy_v2.pdf,https://erddap.emso.eu/erddap/rss/OS_ESTOC-PLOCAN_2015_D_FIXO3.rss,https://erddap.emso.eu/erddap/subscriptions/add.html?datasetID=OS_ESTOC-PLOCAN_2015_D_FIXO3&showErrors=false&email=,,,"OceanSITES ESTOC in-situ data. The European Station forTime-series in the Ocean, Canary Islands (ESTOC) is a sustained and multidisciplinary observatory located at the east central North Atlantic. The ESTOC goal is the creation of an Eulerian long time series on an inter- and multidisciplinary basis in order to monitor and help understand oceanic long-term variability in the North Atlantic subtropical gyre. ESTOC is providing hydrographic and biogeochemical time-series datasets from 1994. Activities include a ship-based observation program (observations of physical, chemical and biological parameters) and one moored structure with meteorological and oceanic surface observations, as well as in the water column."
OS_ESTOC-PLOCAN_2015-2016_D-FIXO3,public,Oceanic Platform of the Canary Islands- PLOCAN,grid,TimeSeries,EDDGridFromErddap,"dm meteo, OS ESTOC-PLOCAN 2015-2016 D-FIXO3 (OceanSITES ESTOC in-situ data.)",,,,,,,-3.0,-3.0,2015-10-24T12:10:00Z,2016-06-08T12:00:00Z,600.0182754188277,https://erddap.emso.eu/erddap/griddap/OS_ESTOC-PLOCAN_2015-2016_D-FIXO3,,,https://erddap.emso.eu/erddap/griddap/OS_ESTOC-PLOCAN_2015-2016_D-FIXO3.graph,,,,,,,https://erddap.emso.eu/erddap/info/OS_ESTOC-PLOCAN_2015-2016_D-FIXO3/index,http://data.plocan.eu/thredds/dodsC/estoc/buoy-surface/dm_meteo/OS_ESTOC-PLOCAN_2015-2016_D-FIXO3.nc,http://data.plocan.eu/thredds/PLOCAN-Observatory_Data-Policy_v2.pdf,https://erddap.emso.eu/erddap/rss/OS_ESTOC-PLOCAN_2015-2016_D-FIXO3.rss,https://erddap.emso.eu/erddap/subscriptions/add.html?datasetID=OS_ESTOC-PLOCAN_2015-2016_D-FIXO3&showErrors=false&email=,,,"OceanSITES ESTOC in-situ data. The European Station forTime-series in the Ocean, Canary Islands (ESTOC) is a sustained and multidisciplinary observatory located at the east central North Atlantic. The ESTOC goal is the creation of an Eulerian long time series on an inter- and multidisciplinary basis in order to monitor and help understand oceanic long-term variability in the North Atlantic subtropical gyre. ESTOC is providing hydrographic and biogeochemical time-series datasets from 1994. Activities include a ship-based observation program (observations of physical, chemical and biological parameters) and one moored structure with meteorological and oceanic surface observations, as well as in the water column."
OS_ESTOC-PLOCAN_2017_D-FIXO3,public,Oceanic Platform of the Canary Islands- PLOCAN,grid,TimeSeries,EDDGridFromErddap,"dm meteo, OS ESTOC-PLOCAN 2017 D-FIXO3 (OceanSITES ESTOC in-situ data.)",,,,,,,-3.0,-3.0,2017-04-14T14:00:56Z,2017-09-27T14:29:03Z,899.992941397917,https://erddap.emso.eu/erddap/griddap/OS_ESTOC-PLOCAN_2017_D-FIXO3,,,https://erddap.emso.eu/erddap/griddap/OS_ESTOC-PLOCAN_2017_D-FIXO3.graph,,,,,,,https://erddap.emso.eu/erddap/info/OS_ESTOC-PLOCAN_2017_D-FIXO3/index,http://data.plocan.eu/thredds/dodsC/estoc/buoy-surface/dm_meteo/OS_ESTOC-PLOCAN_2017_D-FIXO3.nc,http://data.plocan.eu/thredds/PLOCAN-Observatory_Data-Policy_v2.pdf,https://erddap.emso.eu/erddap/rss/OS_ESTOC-PLOCAN_2017_D-FIXO3.rss,https://erddap.emso.eu/erddap/subscriptions/add.html?datasetID=OS_ESTOC-PLOCAN_2017_D-FIXO3&showErrors=false&email=,,,"OceanSITES ESTOC in-situ data. The European Station forTime-series in the Ocean, Canary Islands (ESTOC) is a sustained and multidisciplinary observatory located at the east central North Atlantic. The ESTOC goal is the creation of an Eulerian long time series on an inter- and multidisciplinary basis in order to monitor and help understand oceanic long-term variability in the North Atlantic subtropical gyre. ESTOC is providing hydrographic and biogeochemical time-series datasets from 1994. Activities include a ship-based observation program (observations of physical, chemical and biological parameters) and one moored structure with meteorological and oceanic surface observations, as well as in the water column."
OS_ESTOC-PLOCAN_2017-2018_D-FIXO3,public,Oceanic Platform of the Canary Islands- PLOCAN,grid,TimeSeries,EDDGridFromErddap,"dm meteo, OS ESTOC-PLOCAN 2017-2018 D-FIXO3 (OceanSITES ESTOC in-situ data.)",,,,,,,-3.0,-3.0,2017-09-26T14:34:03Z,2018-03-03T13:14:59Z,2042.8827305389025,https://erddap.emso.eu/erddap/griddap/OS_ESTOC-PLOCAN_2017-2018_D-FIXO3,,,https://erddap.emso.eu/erddap/griddap/OS_ESTOC-PLOCAN_2017-2018_D-FIXO3.graph,,,,,,,https://erddap.emso.eu/erddap/info/OS_ESTOC-PLOCAN_2017-2018_D-FIXO3/index,http://data.plocan.eu/thredds/dodsC/estoc/buoy-surface/dm_meteo/OS_ESTOC-PLOCAN_2017-2018_D-FIXO3.nc,http://data.plocan.eu/thredds/PLOCAN-Observatory_Data-Policy_v2.pdf,https://erddap.emso.eu/erddap/rss/OS_ESTOC-PLOCAN_2017-2018_D-FIXO3.rss,https://erddap.emso.eu/erddap/subscriptions/add.html?datasetID=OS_ESTOC-PLOCAN_2017-2018_D-FIXO3&showErrors=false&email=,,,"OceanSITES ESTOC in-situ data. The European Station forTime-series in the Ocean, Canary Islands (ESTOC) is a sustained and multidisciplinary observatory located at the east central North Atlantic. The ESTOC goal is the creation of an Eulerian long time series on an inter- and multidisciplinary basis in order to monitor and help understand oceanic long-term variability in the North Atlantic subtropical gyre. ESTOC is providing hydrographic and biogeochemical time-series datasets from 1994. Activities include a ship-based observation program (observations of physical, chemical and biological parameters) and one moored structure with meteorological and oceanic surface observations, as well as in the water column."
OS_ESTOC-PLOCAN_2019_D_meteorology-surface,public,Oceanic Platform of the Canary Islands- PLOCAN,grid,TimeSeries,EDDGridFromErddap,"dm meteo, OS ESTOC-PLOCAN 2019 D meteorology-surface (OceanSITES ESTOC in-situ data.)",,,,,,,-3.0,-3.0,2019-02-24T13:14:59Z,2019-12-04T07:59:59Z,899.9668483866215,https://erddap.emso.eu/erddap/griddap/OS_ESTOC-PLOCAN_2019_D_meteorology-surface,,,https://erddap.emso.eu/erddap/griddap/OS_ESTOC-PLOCAN_2019_D_meteorology-surface.graph,,,,,,,https://erddap.emso.eu/erddap/info/OS_ESTOC-PLOCAN_2019_D_meteorology-surface/index,http://data.plocan.eu/thredds/dodsC/estoc/buoy-surface/dm_meteo/OS_ESTOC-PLOCAN_2019_D_meteorology-surface.nc,http://data.plocan.eu/thredds/PLOCAN-Observatory_Data-Policy_v2.pdf,https://erddap.emso.eu/erddap/rss/OS_ESTOC-PLOCAN_2019_D_meteorology-surface.rss,https://erddap.emso.eu/erddap/subscriptions/add.html?datasetID=OS_ESTOC-PLOCAN_2019_D_meteorology-surface&showErrors=false&email=,,,"OceanSITES ESTOC in-situ data. The European Station forTime-series in the Ocean, Canary Islands (ESTOC) is a sustained and multidisciplinary observatory located at the east central North Atlantic. The ESTOC goal is the creation of an Eulerian long time series on an inter- and multidisciplinary basis in order to monitor and help understand oceanic long-term variability in the North Atlantic subtropical gyre. ESTOC is providing hydrographic and biogeochemical time-series datasets from 1994. Activities include a ship-based observation program (observations of physical, chemical and biological parameters) and one moored structure with meteorological and oceanic surface observations, as well as in the water column."
E2M3A_METEO,public,"National Institute of Oceanography and Applied Geophysics - OGS, Division of Oceanography",table,TimeSeries,EDDTableFromErddap,"E2M3A METEO timeSeries, NRT in situ Observations",18.0824167,18.0824167,,41.5277,41.5277,,5.0,-1185.0,2024-01-01T00:00:00Z,,,,,https://erddap.emso.eu/erddap/tabledap/E2M3A_METEO,https://erddap.emso.eu/erddap/tabledap/E2M3A_METEO.graph,,,,,https://erddap.emso.eu/erddap/metadata/fgdc/xml/E2M3A_METEO_fgdc.xml,https://erddap.emso.eu/erddap/metadata/iso19115/xml/E2M3A_METEO_iso19115.xml,https://erddap.emso.eu/erddap/info/E2M3A_METEO/index,(source database),https://nodc.ogs.it,https://erddap.emso.eu/erddap/rss/E2M3A_METEO.rss,https://erddap.emso.eu/erddap/subscriptions/add.html?datasetID=E2M3A_METEO&showErrors=false&email=,,,"E2M3A METEO timeSeries, NRT in situ Observations"
E2M3A_MRDT,public,"National Institute of Oceanography and Applied Geophysics - OGS, Division of Oceanography",table,TimeSeries,EDDTableFromErddap,"E2M3A MRDT timeSeries, NRT in situ Observations",18.0824167,18.0824167,,41.5277,41.5277,,5.0,-1185.0,2024-01-01T00:00:00Z,,,,,https://erddap.emso.eu/erddap/tabledap/E2M3A_MRDT,https://erddap.emso.eu/erddap/tabledap/E2M3A_MRDT.graph,,,,,https://erddap.emso.eu/erddap/metadata/fgdc/xml/E2M3A_MRDT_fgdc.xml,https://erddap.emso.eu/erddap/metadata/iso19115/xml/E2M3A_MRDT_iso19115.xml,https://erddap.emso.eu/erddap/info/E2M3A_MRDT/index,(source database),https://nodc.ogs.it,https://erddap.emso.eu/erddap/rss/E2M3A_MRDT.rss,https://erddap.emso.eu/erddap/subscriptions/add.html?datasetID=E2M3A_MRDT&showErrors=false&email=,,,"E2M3A MRDT timeSeries, NRT in situ Observations"
E2M3A_PCO2PROA,public,"National Institute of Oceanography and Applied Geophysics - OGS, Division of Oceanography",table,TimeSeries,EDDTableFromErddap,"E2M3A PCO2PROA timeSeries, NRT in situ Observations",18.0824167,18.0824167,,41.5277,41.5277,,5.0,-1185.0,2021-01-01T00:00:00Z,,,,,https://erddap.emso.eu/erddap/tabledap/E2M3A_PCO2PROA,https://erddap.emso.eu/erddap/tabledap/E2M3A_PCO2PROA.graph,,,,,https://erddap.emso.eu/erddap/metadata/fgdc/xml/E2M3A_PCO2PROA_fgdc.xml,https://erddap.emso.eu/erddap/metadata/iso19115/xml/E2M3A_PCO2PROA_iso19115.xml,https://erddap.emso.eu/erddap/info/E2M3A_PCO2PROA/index,(source database),https://nodc.ogs.it,https://erddap.emso.eu/erddap/rss/E2M3A_PCO2PROA.rss,https://erddap.emso.eu/erddap/subscriptions/add.html?datasetID=E2M3A_PCO2PROA&showErrors=false&email=,,,"E2M3A PCO2PROA timeSeries, NRT in situ Observations"
E2M3A_PCO2PROW,public,"National Institute of Oceanography and Applied Geophysics - OGS, Division of Oceanography",table,TimeSeries,EDDTableFromErddap,"E2M3A PCO2PROW timeSeries, NRT in situ Observations",18.0824167,18.0824167,,41.5277,41.5277,,5.0,-1185.0,2021-01-01T00:00:00Z,,,,,https://erddap.emso.eu/erddap/tabledap/E2M3A_PCO2PROW,https://erddap.emso.eu/erddap/tabledap/E2M3A_PCO2PROW.graph,,,,,https://erddap.emso.eu/erddap/metadata/fgdc/xml/E2M3A_PCO2PROW_fgdc.xml,https://erddap.emso.eu/erddap/metadata/iso19115/xml/E2M3A_PCO2PROW_iso19115.xml,https://erddap.emso.eu/erddap/info/E2M3A_PCO2PROW/index,(source database),https://nodc.ogs.it,https://erddap.emso.eu/erddap/rss/E2M3A_PCO2PROW.rss,https://erddap.emso.eu/erddap/subscriptions/add.html?datasetID=E2M3A_PCO2PROW&showErrors=false&email=,,,"E2M3A PCO2PROW timeSeries, NRT in situ Observations"
E2M3A_SAMI,public,"National Institute of Oceanography and Applied Geophysics - OGS, Division of Oceanography",table,TimeSeries,EDDTableFromErddap,"E2M3A SAMI timeSeries, NRT in situ Observations",18.0824167,18.0824167,,41.5277,41.5277,,5.0,-1185.0,2021-01-01T00:00:00Z,,,,,https://erddap.emso.eu/erddap/tabledap/E2M3A_SAMI,https://erddap.emso.eu/erddap/tabledap/E2M3A_SAMI.graph,,,,,https://erddap.emso.eu/erddap/metadata/fgdc/xml/E2M3A_SAMI_fgdc.xml,https://erddap.emso.eu/erddap/metadata/iso19115/xml/E2M3A_SAMI_iso19115.xml,https://erddap.emso.eu/erddap/info/E2M3A_SAMI/index,(source database),https://nodc.ogs.it,https://erddap.emso.eu/erddap/rss/E2M3A_SAMI.rss,https://erddap.emso.eu/erddap/subscriptions/add.html?datasetID=E2M3A_SAMI&showErrors=false&email=,,,"E2M3A SAMI timeSeries, NRT in situ Observations"
E2M3A_SBE16PLS,public,"National Institute of Oceanography and Applied Geophysics - OGS, Division of Oceanography",table,TimeSeries,EDDTableFromErddap,"E2M3A SBE16PLS timeSeries, NRT in situ Observations",18.0824167,18.0824167,,41.5277,41.5277,,5.0,-1185.0,2021-01-01T00:00:00Z,,,,,https://erddap.emso.eu/erddap/tabledap/E2M3A_SBE16PLS,https://erddap.emso.eu/erddap/tabledap/E2M3A_SBE16PLS.graph,,,,,https://erddap.emso.eu/erddap/metadata/fgdc/xml/E2M3A_SBE16PLS_fgdc.xml,https://erddap.emso.eu/erddap/metadata/iso19115/xml/E2M3A_SBE16PLS_iso19115.xml,https://erddap.emso.eu/erddap/info/E2M3A_SBE16PLS/index,(source database),https://nodc.ogs.it,https://erddap.emso.eu/erddap/rss/E2M3A_SBE16PLS.rss,https://erddap.emso.eu/erddap/subscriptions/add.html?datasetID=E2M3A_SBE16PLS&showErrors=false&email=,,,"E2M3A SBE16PLS timeSeries, NRT in situ Observations"
E2M3A_SBE37O,public,"National Institute of Oceanography and Applied Geophysics - OGS, Division of Oceanography",table,TimeSeries,EDDTableFromErddap,"E2M3A SBE37O timeSeries, NRT in situ Observations",18.0824167,18.0824167,,41.5277,41.5277,,5.0,-1185.0,2021-01-01T00:00:00Z,,,,,https://erddap.emso.eu/erddap/tabledap/E2M3A_SBE37O,https://erddap.emso.eu/erddap/tabledap/E2M3A_SBE37O.graph,,,,,https://erddap.emso.eu/erddap/metadata/fgdc/xml/E2M3A_SBE37O_fgdc.xml,https://erddap.emso.eu/erddap/metadata/iso19115/xml/E2M3A_SBE37O_iso19115.xml,https://erddap.emso.eu/erddap/info/E2M3A_SBE37O/index,(source database),https://nodc.ogs.it,https://erddap.emso.eu/erddap/rss/E2M3A_SBE37O.rss,https://erddap.emso.eu/erddap/subscriptions/add.html?datasetID=E2M3A_SBE37O&showErrors=false&email=,,,"E2M3A SBE37O timeSeries, NRT in situ Observations"
E2M3A_CTD_meteo_CO2_pH_NRT,public,"National Institute of Oceanography and Applied Geophysics - OGS, Division of Oceanography",table,TimeSeries,EDDTableFromErddap,"E2M3A timeSeries ALL INSTRUMENTS, NRT in situ Observations",18.0824167,18.0824167,,41.5277,41.5277,,5.0,-1185.0,2021-01-01T00:00:00Z,,,,,https://erddap.emso.eu/erddap/tabledap/E2M3A_CTD_meteo_CO2_pH_NRT,https://erddap.emso.eu/erddap/tabledap/E2M3A_CTD_meteo_CO2_pH_NRT.graph,,,,,https://erddap.emso.eu/erddap/metadata/fgdc/xml/E2M3A_CTD_meteo_CO2_pH_NRT_fgdc.xml,https://erddap.emso.eu/erddap/metadata/iso19115/xml/E2M3A_CTD_meteo_CO2_pH_NRT_iso19115.xml,https://erddap.emso.eu/erddap/info/E2M3A_CTD_meteo_CO2_pH_NRT/index,(source database),https://nodc.ogs.it,https://erddap.emso.eu/erddap/rss/E2M3A_CTD_meteo_CO2_pH_NRT.rss,https://erddap.emso.eu/erddap/subscriptions/add.html?datasetID=E2M3A_CTD_meteo_CO2_pH_NRT&showErrors=false&email=,,,"E2M3A timeSeries ALL INSTRUMENTS, NRT in situ Observations"
E2M3A_2021_2022_TS,public,"National Institute of Oceanography and Applied Geophysics - OGS, Division of Oceanography",table,TimeSeries,EDDTableFromErddap,"E2M3A timeSeries, data collected from 2021 to 2022",18.0824167,18.0824167,,41.5277,41.5277,,5.0,-5.0,2021-01-01T00:00:00Z,2022-11-26T18:02:25Z,,,,https://erddap.emso.eu/erddap/tabledap/E2M3A_2021_2022_TS,https://erddap.emso.eu/erddap/tabledap/E2M3A_2021_2022_TS.graph,,,,,https://erddap.emso.eu/erddap/metadata/fgdc/xml/E2M3A_2021_2022_TS_fgdc.xml,https://erddap.emso.eu/erddap/metadata/iso19115/xml/E2M3A_2021_2022_TS_iso19115.xml,https://erddap.emso.eu/erddap/info/E2M3A_2021_2022_TS/index,(source database),https://nodc.ogs.it,https://erddap.emso.eu/erddap/rss/E2M3A_2021_2022_TS.rss,https://erddap.emso.eu/erddap/subscriptions/add.html?datasetID=E2M3A_2021_2022_TS&showErrors=false&email=,,,"E2M3A timeSeries, data collected from 2021 to 2022"
IBMA-CSV_EGIM_DO_D01_20220531_to_20221006_v002,public,"Portuguese Institute for Sea and Atmosphere(IPMA), Algarve Centre of Marine Sciences (CCMAR)",table,Point,EDDTableFromErddap,"EGIM Aanderaa Oxygen Data at 200m Jun-Oct 2022 in front of Cape St. Vincent, Sagres, PT",-8.927083,-8.927083,,36.84549,36.84549,,,,2022-05-31T23:15:01Z,2022-10-06T14:30:01Z,,,https://erddap.emso.eu/erddap/tabledap/IBMA-CSV_EGIM_DO_D01_20220531_to_20221006_v002.subset,https://erddap.emso.eu/erddap/tabledap/IBMA-CSV_EGIM_DO_D01_20220531_to_20221006_v002,https://erddap.emso.eu/erddap/tabledap/IBMA-CSV_EGIM_DO_D01_20220531_to_20221006_v002.graph,,,,,https://erddap.emso.eu/erddap/metadata/fgdc/xml/IBMA-CSV_EGIM_DO_D01_20220531_to_20221006_v002_fgdc.xml,https://erddap.emso.eu/erddap/metadata/iso19115/xml/IBMA-CSV_EGIM_DO_D01_20220531_to_20221006_v002_iso19115.xml,https://erddap.emso.eu/erddap/info/IBMA-CSV_EGIM_DO_D01_20220531_to_20221006_v002/index,(local files),https://www.ipma.pt/,https://erddap.emso.eu/erddap/rss/IBMA-CSV_EGIM_DO_D01_20220531_to_20221006_v002.rss,https://erddap.emso.eu/erddap/subscriptions/add.html?datasetID=IBMA-CSV_EGIM_DO_D01_20220531_to_20221006_v002&showErrors=false&email=,,,"The dataset contains water column (bottom) parameters acquired through set of sensors mounted on a fixe platform (EGIM): Aanderaa 4831dw (optical dissolved oxygen). Sampling period is:15 minutes. Measured channels: Temperature, Dissolved O2 concentration.Derived channels: Dissolved O2 saturation"
IBMA-CSV_EGIM_PRES_D01_20220531_to_20221006_v002,public,"Portuguese Institute for Sea and Atmosphere(IPMA), Algarve Centre of Marine Sciences (CCMAR)",table,Point,EDDTableFromErddap,"EGIM RBR Pressure Data at 200m June-Oct 2022 in front of Cape St. Vincent, Sagres, PT",-8.927083,-8.927083,,36.84549,36.84549,,-188.2952,-191.8026,2022-05-31T18:00:26Z,2022-10-06T13:48:36Z,,,https://erddap.emso.eu/erddap/tabledap/IBMA-CSV_EGIM_PRES_D01_20220531_to_20221006_v002.subset,https://erddap.emso.eu/erddap/tabledap/IBMA-CSV_EGIM_PRES_D01_20220531_to_20221006_v002,https://erddap.emso.eu/erddap/tabledap/IBMA-CSV_EGIM_PRES_D01_20220531_to_20221006_v002.graph,,,,,https://erddap.emso.eu/erddap/metadata/fgdc/xml/IBMA-CSV_EGIM_PRES_D01_20220531_to_20221006_v002_fgdc.xml,https://erddap.emso.eu/erddap/metadata/iso19115/xml/IBMA-CSV_EGIM_PRES_D01_20220531_to_20221006_v002_iso19115.xml,https://erddap.emso.eu/erddap/info/IBMA-CSV_EGIM_PRES_D01_20220531_to_20221006_v002/index,(local files),https://www.ipma.pt/,https://erddap.emso.eu/erddap/rss/IBMA-CSV_EGIM_PRES_D01_20220531_to_20221006_v002.rss,https://erddap.emso.eu/erddap/subscriptions/add.html?datasetID=IBMA-CSV_EGIM_PRES_D01_20220531_to_20221006_v002&showErrors=false&email=,,,"The dataset contains water column (bottom) parameters acquired through set of sensors mounted on a fixe platform (EGIM): RBR Quartz 3 BPR (absolute pressure). Sampling period is: 30 seconds. Measured channels: Temperature, Pressure. Derived channels: Sea pressure, Depth"
IBMA-CSV_EGIM_CT_D01_20220531_to_20221006_v002,public,"Portuguese Institute for Sea and Atmosphere(IPMA), Algarve Centre of Marine Sciences (CCMAR)",table,Point,EDDTableFromErddap,"EGIM Seabird CT Data at 200m Jun-Oct 2022 in front of Cape St. Vincent, Sagres, PT",-8.927083,-8.927083,,36.84549,36.84549,,,,2022-05-31T22:45:00Z,2022-10-06T14:30:00Z,,,https://erddap.emso.eu/erddap/tabledap/IBMA-CSV_EGIM_CT_D01_20220531_to_20221006_v002.subset,https://erddap.emso.eu/erddap/tabledap/IBMA-CSV_EGIM_CT_D01_20220531_to_20221006_v002,https://erddap.emso.eu/erddap/tabledap/IBMA-CSV_EGIM_CT_D01_20220531_to_20221006_v002.graph,,,,,https://erddap.emso.eu/erddap/metadata/fgdc/xml/IBMA-CSV_EGIM_CT_D01_20220531_to_20221006_v002_fgdc.xml,https://erddap.emso.eu/erddap/metadata/iso19115/xml/IBMA-CSV_EGIM_CT_D01_20220531_to_20221006_v002_iso19115.xml,https://erddap.emso.eu/erddap/info/IBMA-CSV_EGIM_CT_D01_20220531_to_20221006_v002/index,(local files),https://www.ipma.pt/,https://erddap.emso.eu/erddap/rss/IBMA-CSV_EGIM_CT_D01_20220531_to_20221006_v002.rss,https://erddap.emso.eu/erddap/subscriptions/add.html?datasetID=IBMA-CSV_EGIM_CT_D01_20220531_to_20221006_v002&showErrors=false&email=,,,"The dataset contains water column (bottom) parameters acquired through set of sensors mounted on a fixe platform (EGIM): SeaBird SBE37 (Conductivity, Temperature). Sampling period is: 15 minutes. Measured channels: Conductivity, Temperature. Derived channels: Salinity, Speed of sound"
IBMA-CSV_EGIM_TUR_D01_20220531_to_20221006_v002,public,"Portuguese Institute for Sea and Atmosphere(IPMA), Algarve Centre of Marine Sciences (CCMAR)",table,Point,EDDTableFromErddap,"EGIM WETlabs Turbidity Data at 200m June-Oct 2022 in front of Cape St. Vincent, Sagres, PT",-8.927083,-8.927083,,36.84549,36.84549,,,,2022-05-31T18:30:00Z,2022-10-06T15:00:01Z,,,https://erddap.emso.eu/erddap/tabledap/IBMA-CSV_EGIM_TUR_D01_20220531_to_20221006_v002.subset,https://erddap.emso.eu/erddap/tabledap/IBMA-CSV_EGIM_TUR_D01_20220531_to_20221006_v002,https://erddap.emso.eu/erddap/tabledap/IBMA-CSV_EGIM_TUR_D01_20220531_to_20221006_v002.graph,,,,,https://erddap.emso.eu/erddap/metadata/fgdc/xml/IBMA-CSV_EGIM_TUR_D01_20220531_to_20221006_v002_fgdc.xml,https://erddap.emso.eu/erddap/metadata/iso19115/xml/IBMA-CSV_EGIM_TUR_D01_20220531_to_20221006_v002_iso19115.xml,https://erddap.emso.eu/erddap/info/IBMA-CSV_EGIM_TUR_D01_20220531_to_20221006_v002/index,(local files),https://www.ipma.pt/,https://erddap.emso.eu/erddap/rss/IBMA-CSV_EGIM_TUR_D01_20220531_to_20221006_v002.rss,https://erddap.emso.eu/erddap/subscriptions/add.html?datasetID=IBMA-CSV_EGIM_TUR_D01_20220531_to_20221006_v002&showErrors=false&email=,,,The dataset contains water column (bottom) parameters acquired through set of sensors mounted on a fixe platform (EGIM): WETLabs ECO-Nephelometric Turbidity Units (NTU) (Turbidity). Sampling period is: 15 minutes. Sampling period is: 15 minutes. Measured channels:Turbidity.
IBMA-CSV_EGIM_ADCP_D01_20220531_to_20221006_v002,public,"Algarve Centre of Marine Sciences (CCMAR), Portuguese Institute for Sea and Atmosphere(IPMA)",table,Point,EDDTableFromErddap,"EGIM Workhorse ADCP Data at 200m Jun-Oct 2022 in front of Cape St. Vincent, Sagres, PT",-8.927083,-8.927083,,36.84549,36.84549,,,,2022-05-30T17:02:11Z,2022-10-06T16:10:00Z,,,https://erddap.emso.eu/erddap/tabledap/IBMA-CSV_EGIM_ADCP_D01_20220531_to_20221006_v002.subset,https://erddap.emso.eu/erddap/tabledap/IBMA-CSV_EGIM_ADCP_D01_20220531_to_20221006_v002,https://erddap.emso.eu/erddap/tabledap/IBMA-CSV_EGIM_ADCP_D01_20220531_to_20221006_v002.graph,,,,,https://erddap.emso.eu/erddap/metadata/fgdc/xml/IBMA-CSV_EGIM_ADCP_D01_20220531_to_20221006_v002_fgdc.xml,https://erddap.emso.eu/erddap/metadata/iso19115/xml/IBMA-CSV_EGIM_ADCP_D01_20220531_to_20221006_v002_iso19115.xml,https://erddap.emso.eu/erddap/info/IBMA-CSV_EGIM_ADCP_D01_20220531_to_20221006_v002/index,(local files),https://www.ccmar.ualg.pt/,https://erddap.emso.eu/erddap/rss/IBMA-CSV_EGIM_ADCP_D01_20220531_to_20221006_v002.rss,https://erddap.emso.eu/erddap/subscriptions/add.html?datasetID=IBMA-CSV_EGIM_ADCP_D01_20220531_to_20221006_v002&showErrors=false&email=,,,"The dataset contains water column (bottom) parameters acquired through set of sensors mounted on a fixe platform (EGIM):   Teledyne RDI 300kHz Workhorse\u00c2\u00a0Monitor direct-reading Acoustic Doppler Current Profiler (ADCP) (ocean currents) at 200 m\nSampling period is: 60 minutes (ADCP), 66 bins \u00c3\u00a1 3 m, Blank: 1.76 m"
Emso_Azores_Chemini_IRON,public,Ifremer Institut Francais de Recherche pour l'Exploitation de la Mer,table,TimeSeries,EDDTableFromErddap,EMSO Azores Seamon-East Chemini dissolved iron concentration,-32.275,-32.275,,37.289,37.289,,-1695.0,-1695.0,2013-09-01T18:00:00Z,2017-07-14T22:35:00Z,,,https://erddap.emso.eu/erddap/tabledap/Emso_Azores_Chemini_IRON.subset,https://erddap.emso.eu/erddap/tabledap/Emso_Azores_Chemini_IRON,https://erddap.emso.eu/erddap/tabledap/Emso_Azores_Chemini_IRON.graph,,,,,https://erddap.emso.eu/erddap/metadata/fgdc/xml/Emso_Azores_Chemini_IRON_fgdc.xml,https://erddap.emso.eu/erddap/metadata/iso19115/xml/Emso_Azores_Chemini_IRON_iso19115.xml,https://erddap.emso.eu/erddap/info/Emso_Azores_Chemini_IRON/index,(local files),http://www.oceansites.org,https://erddap.emso.eu/erddap/rss/Emso_Azores_Chemini_IRON.rss,https://erddap.emso.eu/erddap/subscriptions/add.html?datasetID=Emso_Azores_Chemini_IRON&showErrors=false&email=,,,"This dataset contains dissolved iron concentrations ((Fe(II) + Fe(III); \u00b5mol/l) acquired between September 2013 and July 2017 using the CHEMINI Fe, a CHEmical MINIaturized analyser (samples taken every 12 hours, with daily in situ calibration using a 20 \u00b5mol/l iron standard, Vuillemin et al., 2009). The sample inlet was positioned on the mussel bed at the base of the Tour Eiffel edifice of the Lucky Strike hydrothermal vent (1695 depth).CHEMINI Fe (CF2) was mounted on the TEMPO module which was itself connected to the SeaMON East node of the EMSO-Azores observatory. Measured properties: temperature and Total dissolved iron concentration"
EMSO-AZORES_TCM3-1_2016-2017,public,"IPGP ;Ifremer, Institut Fran\u00e7ais de Recherche pour l'Exploitation de la Mer",table,TimeSeries,EDDTableFromErddap,EMSO Azores TCM3-1 Ocean Bottom Tilt Current Meter : 2016-2017,-32.2757,-32.2757,,37.288,37.288,,-1700.0,-1700.0,2016-09-05T03:38:26Z,2017-07-19T12:47:26Z,,,https://erddap.emso.eu/erddap/tabledap/EMSO-AZORES_TCM3-1_2016-2017.subset,https://erddap.emso.eu/erddap/tabledap/EMSO-AZORES_TCM3-1_2016-2017,https://erddap.emso.eu/erddap/tabledap/EMSO-AZORES_TCM3-1_2016-2017.graph,,,,,https://erddap.emso.eu/erddap/metadata/fgdc/xml/EMSO-AZORES_TCM3-1_2016-2017_fgdc.xml,https://erddap.emso.eu/erddap/metadata/iso19115/xml/EMSO-AZORES_TCM3-1_2016-2017_iso19115.xml,https://erddap.emso.eu/erddap/info/EMSO-AZORES_TCM3-1_2016-2017/index,(local files),https://wwz.ifremer.fr/,https://erddap.emso.eu/erddap/rss/EMSO-AZORES_TCM3-1_2016-2017.rss,https://erddap.emso.eu/erddap/subscriptions/add.html?datasetID=EMSO-AZORES_TCM3-1_2016-2017&showErrors=false&email=,,,"The TCM-3 Ocean Bottom Tilt Current Meter from Lowell Instruments LLC (North Falmouth, MA, USA) measures current using the drag-tilt principle. The logger is buoyant and is anchored to the bottom via a short flexible tether. Drag from moving water tilts the logger in the direction of flow. The logger's accelerometer and magnetometer channels are used to record the amount of tilt and direction of tilt (compass bearing). The array currentmeters are deployed near the Tour Eiffel, Monts\u00c3\u00a9gur and White Castle hydrothermal vent sites. The array is not connected to an energy node. The currentmeter's internal clocks are set to UTC time before deployment. Clock drift after recovery is not implemented in data but added as metadata in the file"
EMSO-AZORES_TCM3-1_2017-2018,public,"IPGP ;Ifremer, Institut Fran\u00e7ais de Recherche pour l'Exploitation de la Mer",table,TimeSeries,EDDTableFromErddap,EMSO Azores TCM3-1 Ocean Bottom Tilt Current Meter : 2017-2018,-32.26394,-32.26394,,37.28936,37.28936,,-1696.0,-1696.0,2017-07-21T13:34:17Z,2018-08-16T08:04:17Z,,,https://erddap.emso.eu/erddap/tabledap/EMSO-AZORES_TCM3-1_2017-2018.subset,https://erddap.emso.eu/erddap/tabledap/EMSO-AZORES_TCM3-1_2017-2018,https://erddap.emso.eu/erddap/tabledap/EMSO-AZORES_TCM3-1_2017-2018.graph,,,,,https://erddap.emso.eu/erddap/metadata/fgdc/xml/EMSO-AZORES_TCM3-1_2017-2018_fgdc.xml,https://erddap.emso.eu/erddap/metadata/iso19115/xml/EMSO-AZORES_TCM3-1_2017-2018_iso19115.xml,https://erddap.emso.eu/erddap/info/EMSO-AZORES_TCM3-1_2017-2018/index,(local files),https://wwz.ifremer.fr/,https://erddap.emso.eu/erddap/rss/EMSO-AZORES_TCM3-1_2017-2018.rss,https://erddap.emso.eu/erddap/subscriptions/add.html?datasetID=EMSO-AZORES_TCM3-1_2017-2018&showErrors=false&email=,,,"The TCM-3 Ocean Bottom Tilt Current Meter from Lowell Instruments LLC (North Falmouth, MA, USA) measures current using the drag-tilt principle. The logger is buoyant and is anchored to the bottom via a short flexible tether. Drag from moving water tilts the logger in the direction of flow. The logger's accelerometer and magnetometer channels are used to record the amount of tilt and direction of tilt (compass bearing). The array currentmeters are deployed near the Tour Eiffel, Monts\u00c3\u00a9gur and White Castle hydrothermal vent sites. The array is not connected to an energy node. The currentmeter's internal clocks are set to UTC time before deployment. Clock drift after recovery is not implemented in data but added as metadata in the file"
EMSO-AZORES_TCM3-1_2018-2019,public,"IPGP ;Ifremer, Institut Fran\u00e7ais de Recherche pour l'Exploitation de la Mer",table,TimeSeries,EDDTableFromErddap,EMSO Azores TCM3-1 Ocean Bottom Tilt Current Meter : 2018-2019,-32.28247,-32.28247,,37.29063,37.29063,,-1721.0,-1721.0,2018-08-16T12:52:32Z,2019-06-20T14:43:32Z,,,https://erddap.emso.eu/erddap/tabledap/EMSO-AZORES_TCM3-1_2018-2019.subset,https://erddap.emso.eu/erddap/tabledap/EMSO-AZORES_TCM3-1_2018-2019,https://erddap.emso.eu/erddap/tabledap/EMSO-AZORES_TCM3-1_2018-2019.graph,,,,,https://erddap.emso.eu/erddap/metadata/fgdc/xml/EMSO-AZORES_TCM3-1_2018-2019_fgdc.xml,https://erddap.emso.eu/erddap/metadata/iso19115/xml/EMSO-AZORES_TCM3-1_2018-2019_iso19115.xml,https://erddap.emso.eu/erddap/info/EMSO-AZORES_TCM3-1_2018-2019/index,(local files),https://wwz.ifremer.fr/,https://erddap.emso.eu/erddap/rss/EMSO-AZORES_TCM3-1_2018-2019.rss,https://erddap.emso.eu/erddap/subscriptions/add.html?datasetID=EMSO-AZORES_TCM3-1_2018-2019&showErrors=false&email=,,,"The TCM-3 Ocean Bottom Tilt Current Meter from Lowell Instruments LLC (North Falmouth, MA, USA) measures current using the drag-tilt principle. The logger is buoyant and is anchored to the bottom via a short flexible tether. Drag from moving water tilts the logger in the direction of flow. The logger's accelerometer and magnetometer channels are used to record the amount of tilt and direction of tilt (compass bearing). The array currentmeters are deployed near the Tour Eiffel, Monts\u00c3\u00a9gur and White Castle hydrothermal vent sites. The array is not connected to an energy node. The currentmeter's internal clocks are set to UTC time before deployment. Clock drift after recovery is not implemented in data but added as metadata in the file"
EMSO-AZORES_TCM3-2_2017-2018,public,"IPGP ;Ifremer, Institut Fran\u00e7ais de Recherche pour l'Exploitation de la Mer",table,TimeSeries,EDDTableFromErddap,EMSO Azores TCM3-2 Ocean Bottom Tilt Current Meter : 2017-2018,-32.27583,-32.27583,,37.28803,37.28803,,-1701.0,-1701.0,2017-07-20T13:46:37Z,2018-08-16T09:26:37Z,,,https://erddap.emso.eu/erddap/tabledap/EMSO-AZORES_TCM3-2_2017-2018.subset,https://erddap.emso.eu/erddap/tabledap/EMSO-AZORES_TCM3-2_2017-2018,https://erddap.emso.eu/erddap/tabledap/EMSO-AZORES_TCM3-2_2017-2018.graph,,,,,https://erddap.emso.eu/erddap/metadata/fgdc/xml/EMSO-AZORES_TCM3-2_2017-2018_fgdc.xml,https://erddap.emso.eu/erddap/metadata/iso19115/xml/EMSO-AZORES_TCM3-2_2017-2018_iso19115.xml,https://erddap.emso.eu/erddap/info/EMSO-AZORES_TCM3-2_2017-2018/index,(local files),https://wwz.ifremer.fr/,https://erddap.emso.eu/erddap/rss/EMSO-AZORES_TCM3-2_2017-2018.rss,https://erddap.emso.eu/erddap/subscriptions/add.html?datasetID=EMSO-AZORES_TCM3-2_2017-2018&showErrors=false&email=,,,"The TCM-3 Ocean Bottom Tilt Current Meter from Lowell Instruments LLC (North Falmouth, MA, USA) measures current using the drag-tilt principle. The logger is buoyant and is anchored to the bottom via a short flexible tether. Drag from moving water tilts the logger in the direction of flow. The logger's accelerometer and magnetometer channels are used to record the amount of tilt and direction of tilt (compass bearing). The array currentmeters are deployed near the Tour Eiffel, Monts\u00c3\u00a9gur and White Castle hydrothermal vent sites. The array is not connected to an energy node. The currentmeter's internal clocks are set to UTC time before deployment. Clock drift after recovery is not implemented in data but added as metadata in the file"
EMSO-AZORES_TCM3-2_2018-2019,public,"IPGP ;Ifremer, Institut Fran\u00e7ais de Recherche pour l'Exploitation de la Mer",table,TimeSeries,EDDTableFromErddap,EMSO Azores TCM3-2 Ocean Bottom Tilt Current Meter : 2018-2019,-32.27575,-32.27575,,37.2881,37.2881,,-1703.0,-1703.0,2018-08-16T12:20:17Z,2019-06-26T16:49:17Z,,,https://erddap.emso.eu/erddap/tabledap/EMSO-AZORES_TCM3-2_2018-2019.subset,https://erddap.emso.eu/erddap/tabledap/EMSO-AZORES_TCM3-2_2018-2019,https://erddap.emso.eu/erddap/tabledap/EMSO-AZORES_TCM3-2_2018-2019.graph,,,,,https://erddap.emso.eu/erddap/metadata/fgdc/xml/EMSO-AZORES_TCM3-2_2018-2019_fgdc.xml,https://erddap.emso.eu/erddap/metadata/iso19115/xml/EMSO-AZORES_TCM3-2_2018-2019_iso19115.xml,https://erddap.emso.eu/erddap/info/EMSO-AZORES_TCM3-2_2018-2019/index,(local files),https://wwz.ifremer.fr/,https://erddap.emso.eu/erddap/rss/EMSO-AZORES_TCM3-2_2018-2019.rss,https://erddap.emso.eu/erddap/subscriptions/add.html?datasetID=EMSO-AZORES_TCM3-2_2018-2019&showErrors=false&email=,,,"The TCM-3 Ocean Bottom Tilt Current Meter from Lowell Instruments LLC (North Falmouth, MA, USA) measures current using the drag-tilt principle. The logger is buoyant and is anchored to the bottom via a short flexible tether. Drag from moving water tilts the logger in the direction of flow. The logger's accelerometer and magnetometer channels are used to record the amount of tilt and direction of tilt (compass bearing). The array currentmeters are deployed near the Tour Eiffel, Monts\u00c3\u00a9gur and White Castle hydrothermal vent sites. The array is not connected to an energy node. The currentmeter's internal clocks are set to UTC time before deployment. Clock drift after recovery is not implemented in data but added as metadata in the file"
EMSO-AZORES_TCM3-2_2019-2020,public,"IPGP ;Ifremer, Institut Fran\u00e7ais de Recherche pour l'Exploitation de la Mer",table,TimeSeries,EDDTableFromErddap,EMSO Azores TCM3-2 Ocean Bottom Tilt Current Meter : 2019-2020,-32.27598,-32.27598,,37.28887,37.28887,,-1699.0,-1699.0,2019-06-30T16:05:32Z,2020-09-21T16:09:32Z,,,https://erddap.emso.eu/erddap/tabledap/EMSO-AZORES_TCM3-2_2019-2020.subset,https://erddap.emso.eu/erddap/tabledap/EMSO-AZORES_TCM3-2_2019-2020,https://erddap.emso.eu/erddap/tabledap/EMSO-AZORES_TCM3-2_2019-2020.graph,,,,,https://erddap.emso.eu/erddap/metadata/fgdc/xml/EMSO-AZORES_TCM3-2_2019-2020_fgdc.xml,https://erddap.emso.eu/erddap/metadata/iso19115/xml/EMSO-AZORES_TCM3-2_2019-2020_iso19115.xml,https://erddap.emso.eu/erddap/info/EMSO-AZORES_TCM3-2_2019-2020/index,(local files),https://wwz.ifremer.fr/,https://erddap.emso.eu/erddap/rss/EMSO-AZORES_TCM3-2_2019-2020.rss,https://erddap.emso.eu/erddap/subscriptions/add.html?datasetID=EMSO-AZORES_TCM3-2_2019-2020&showErrors=false&email=,,,"The TCM-3 Ocean Bottom Tilt Current Meter from Lowell Instruments LLC (North Falmouth, MA, USA) measures current using the drag-tilt principle. The logger is buoyant and is anchored to the bottom via a short flexible tether. Drag from moving water tilts the logger in the direction of flow. The logger's accelerometer and magnetometer channels are used to record the amount of tilt and direction of tilt (compass bearing). The array currentmeters are deployed near the Tour Eiffel, Monts\u00c3\u00a9gur and White Castle hydrothermal vent sites. The array is not connected to an energy node. The currentmeter's internal clocks are set to UTC time before deployment. Clock drift after recovery is not implemented in data but added as metadata in the file"
EMSO-AZORES_TCM3-2_2020-2021,public,"IPGP ;Ifremer, Institut Fran\u00e7ais de Recherche pour l'Exploitation de la Mer",table,TimeSeries,EDDTableFromErddap,EMSO Azores TCM3-2 Ocean Bottom Tilt Current Meter : 2020-2021,-32.2757,-32.2757,,37.28842,37.28842,,-1702.0,-1702.0,2020-09-21T18:32:02Z,2021-02-19T05:17:02Z,,,https://erddap.emso.eu/erddap/tabledap/EMSO-AZORES_TCM3-2_2020-2021.subset,https://erddap.emso.eu/erddap/tabledap/EMSO-AZORES_TCM3-2_2020-2021,https://erddap.emso.eu/erddap/tabledap/EMSO-AZORES_TCM3-2_2020-2021.graph,,,,,https://erddap.emso.eu/erddap/metadata/fgdc/xml/EMSO-AZORES_TCM3-2_2020-2021_fgdc.xml,https://erddap.emso.eu/erddap/metadata/iso19115/xml/EMSO-AZORES_TCM3-2_2020-2021_iso19115.xml,https://erddap.emso.eu/erddap/info/EMSO-AZORES_TCM3-2_2020-2021/index,(local files),https://wwz.ifremer.fr/,https://erddap.emso.eu/erddap/rss/EMSO-AZORES_TCM3-2_2020-2021.rss,https://erddap.emso.eu/erddap/subscriptions/add.html?datasetID=EMSO-AZORES_TCM3-2_2020-2021&showErrors=false&email=,,,"The TCM-3 Ocean Bottom Tilt Current Meter from Lowell Instruments LLC (North Falmouth, MA, USA) measures current using the drag-tilt principle. The logger is buoyant and is anchored to the bottom via a short flexible tether. Drag from moving water tilts the logger in the direction of flow. The logger's accelerometer and magnetometer channels are used to record the amount of tilt and direction of tilt (compass bearing). The array currentmeters are deployed near the Tour Eiffel, Monts\u00c3\u00a9gur and White Castle hydrothermal vent sites. The array is not connected to an energy node. The currentmeter's internal clocks are set to UTC time before deployment. Clock drift after recovery is not implemented in data but added as metadata in the file"
EMSO-AZORES_TCM3-3_2016-2017,public,"IPGP ;Ifremer, Institut Fran\u00e7ais de Recherche pour l'Exploitation de la Mer",table,TimeSeries,EDDTableFromErddap,EMSO Azores TCM3-3 Ocean Bottom Tilt Current Meter : 2016-2017,-32.27568,-32.27568,,37.28883,37.28883,,-1697.0,-1697.0,2016-09-09T14:57:04Z,2017-07-19T10:01:04Z,,,https://erddap.emso.eu/erddap/tabledap/EMSO-AZORES_TCM3-3_2016-2017.subset,https://erddap.emso.eu/erddap/tabledap/EMSO-AZORES_TCM3-3_2016-2017,https://erddap.emso.eu/erddap/tabledap/EMSO-AZORES_TCM3-3_2016-2017.graph,,,,,https://erddap.emso.eu/erddap/metadata/fgdc/xml/EMSO-AZORES_TCM3-3_2016-2017_fgdc.xml,https://erddap.emso.eu/erddap/metadata/iso19115/xml/EMSO-AZORES_TCM3-3_2016-2017_iso19115.xml,https://erddap.emso.eu/erddap/info/EMSO-AZORES_TCM3-3_2016-2017/index,(local files),https://wwz.ifremer.fr/,https://erddap.emso.eu/erddap/rss/EMSO-AZORES_TCM3-3_2016-2017.rss,https://erddap.emso.eu/erddap/subscriptions/add.html?datasetID=EMSO-AZORES_TCM3-3_2016-2017&showErrors=false&email=,,,"The TCM-3 Ocean Bottom Tilt Current Meter from Lowell Instruments LLC (North Falmouth, MA, USA) measures current using the drag-tilt principle. The logger is buoyant and is anchored to the bottom via a short flexible tether. Drag from moving water tilts the logger in the direction of flow. The logger's accelerometer and magnetometer channels are used to record the amount of tilt and direction of tilt (compass bearing). The array currentmeters are deployed near the Tour Eiffel, Monts\u00c3\u00a9gur and White Castle hydrothermal vent sites. The array is not connected to an energy node. The currentmeter's internal clocks are set to UTC time before deployment. Clock drift after recovery is not implemented in data but added as metadata in the file"
EMSO-AZORES_TCM3-3_2017-2018,public,"IPGP ;Ifremer, Institut Fran\u00e7ais de Recherche pour l'Exploitation de la Mer",table,TimeSeries,EDDTableFromErddap,EMSO Azores TCM3-3 Ocean Bottom Tilt Current Meter : 2017-2018,-32.282,-32.282,,37.29075,37.29075,,-1721.0,-1721.0,2017-07-20T13:38:32Z,2018-08-17T10:23:32Z,,,https://erddap.emso.eu/erddap/tabledap/EMSO-AZORES_TCM3-3_2017-2018.subset,https://erddap.emso.eu/erddap/tabledap/EMSO-AZORES_TCM3-3_2017-2018,https://erddap.emso.eu/erddap/tabledap/EMSO-AZORES_TCM3-3_2017-2018.graph,,,,,https://erddap.emso.eu/erddap/metadata/fgdc/xml/EMSO-AZORES_TCM3-3_2017-2018_fgdc.xml,https://erddap.emso.eu/erddap/metadata/iso19115/xml/EMSO-AZORES_TCM3-3_2017-2018_iso19115.xml,https://erddap.emso.eu/erddap/info/EMSO-AZORES_TCM3-3_2017-2018/index,(local files),https://wwz.ifremer.fr/,https://erddap.emso.eu/erddap/rss/EMSO-AZORES_TCM3-3_2017-2018.rss,https://erddap.emso.eu/erddap/subscriptions/add.html?datasetID=EMSO-AZORES_TCM3-3_2017-2018&showErrors=false&email=,,,"The TCM-3 Ocean Bottom Tilt Current Meter from Lowell Instruments LLC (North Falmouth, MA, USA) measures current using the drag-tilt principle. The logger is buoyant and is anchored to the bottom via a short flexible tether. Drag from moving water tilts the logger in the direction of flow. The logger's accelerometer and magnetometer channels are used to record the amount of tilt and direction of tilt (compass bearing). The array currentmeters are deployed near the Tour Eiffel, Monts\u00c3\u00a9gur and White Castle hydrothermal vent sites. The array is not connected to an energy node. The currentmeter's internal clocks are set to UTC time before deployment. Clock drift after recovery is not implemented in data but added as metadata in the file"
EMSO-AZORES_TCM3-3_2018-2019,public,"IPGP ;Ifremer, Institut Fran\u00e7ais de Recherche pour l'Exploitation de la Mer",table,TimeSeries,EDDTableFromErddap,EMSO Azores TCM3-3 Ocean Bottom Tilt Current Meter : 2018-2019,-32.27597,-32.27597,,37.28908,37.28908,,-1694.0,-1694.0,2018-08-23T08:42:43Z,2019-06-20T16:10:43Z,,,https://erddap.emso.eu/erddap/tabledap/EMSO-AZORES_TCM3-3_2018-2019.subset,https://erddap.emso.eu/erddap/tabledap/EMSO-AZORES_TCM3-3_2018-2019,https://erddap.emso.eu/erddap/tabledap/EMSO-AZORES_TCM3-3_2018-2019.graph,,,,,https://erddap.emso.eu/erddap/metadata/fgdc/xml/EMSO-AZORES_TCM3-3_2018-2019_fgdc.xml,https://erddap.emso.eu/erddap/metadata/iso19115/xml/EMSO-AZORES_TCM3-3_2018-2019_iso19115.xml,https://erddap.emso.eu/erddap/info/EMSO-AZORES_TCM3-3_2018-2019/index,(local files),https://wwz.ifremer.fr/,https://erddap.emso.eu/erddap/rss/EMSO-AZORES_TCM3-3_2018-2019.rss,https://erddap.emso.eu/erddap/subscriptions/add.html?datasetID=EMSO-AZORES_TCM3-3_2018-2019&showErrors=false&email=,,,"The TCM-3 Ocean Bottom Tilt Current Meter from Lowell Instruments LLC (North Falmouth, MA, USA) measures current using the drag-tilt principle. The logger is buoyant and is anchored to the bottom via a short flexible tether. Drag from moving water tilts the logger in the direction of flow. The logger's accelerometer and magnetometer channels are used to record the amount of tilt and direction of tilt (compass bearing). The array currentmeters are deployed near the Tour Eiffel, Monts\u00c3\u00a9gur and White Castle hydrothermal vent sites. The array is not connected to an energy node. The currentmeter's internal clocks are set to UTC time before deployment. Clock drift after recovery is not implemented in data but added as metadata in the file"
EMSO-AZORES_TCM3-3_2019-2020,public,"IPGP ;Ifremer, Institut Fran\u00e7ais de Recherche pour l'Exploitation de la Mer",table,TimeSeries,EDDTableFromErddap,EMSO Azores TCM3-3 Ocean Bottom Tilt Current Meter : 2019-2020,-32.27567,-32.27567,,37.28876,37.28876,,-1698.0,-1698.0,2019-06-24T17:25:32Z,2020-09-20T10:55:32Z,,,https://erddap.emso.eu/erddap/tabledap/EMSO-AZORES_TCM3-3_2019-2020.subset,https://erddap.emso.eu/erddap/tabledap/EMSO-AZORES_TCM3-3_2019-2020,https://erddap.emso.eu/erddap/tabledap/EMSO-AZORES_TCM3-3_2019-2020.graph,,,,,https://erddap.emso.eu/erddap/metadata/fgdc/xml/EMSO-AZORES_TCM3-3_2019-2020_fgdc.xml,https://erddap.emso.eu/erddap/metadata/iso19115/xml/EMSO-AZORES_TCM3-3_2019-2020_iso19115.xml,https://erddap.emso.eu/erddap/info/EMSO-AZORES_TCM3-3_2019-2020/index,(local files),https://wwz.ifremer.fr/,https://erddap.emso.eu/erddap/rss/EMSO-AZORES_TCM3-3_2019-2020.rss,https://erddap.emso.eu/erddap/subscriptions/add.html?datasetID=EMSO-AZORES_TCM3-3_2019-2020&showErrors=false&email=,,,"The TCM-3 Ocean Bottom Tilt Current Meter from Lowell Instruments LLC (North Falmouth, MA, USA) measures current using the drag-tilt principle. The logger is buoyant and is anchored to the bottom via a short flexible tether. Drag from moving water tilts the logger in the direction of flow. The logger's accelerometer and magnetometer channels are used to record the amount of tilt and direction of tilt (compass bearing). The array currentmeters are deployed near the Tour Eiffel, Monts\u00c3\u00a9gur and White Castle hydrothermal vent sites. The array is not connected to an energy node. The currentmeter's internal clocks are set to UTC time before deployment. Clock drift after recovery is not implemented in data but added as metadata in the file"
EMSO-AZORES_TCM3-3_2020-2021,public,"IPGP ;Ifremer, Institut Fran\u00e7ais de Recherche pour l'Exploitation de la Mer",table,TimeSeries,EDDTableFromErddap,EMSO Azores TCM3-3 Ocean Bottom Tilt Current Meter : 2020-2021,-32.28192,-32.28192,,37.2908,37.2908,,-1724.0,-1724.0,2020-09-20T10:56:32Z,2020-10-15T09:30:32Z,,,https://erddap.emso.eu/erddap/tabledap/EMSO-AZORES_TCM3-3_2020-2021.subset,https://erddap.emso.eu/erddap/tabledap/EMSO-AZORES_TCM3-3_2020-2021,https://erddap.emso.eu/erddap/tabledap/EMSO-AZORES_TCM3-3_2020-2021.graph,,,,,https://erddap.emso.eu/erddap/metadata/fgdc/xml/EMSO-AZORES_TCM3-3_2020-2021_fgdc.xml,https://erddap.emso.eu/erddap/metadata/iso19115/xml/EMSO-AZORES_TCM3-3_2020-2021_iso19115.xml,https://erddap.emso.eu/erddap/info/EMSO-AZORES_TCM3-3_2020-2021/index,(local files),https://wwz.ifremer.fr/,https://erddap.emso.eu/erddap/rss/EMSO-AZORES_TCM3-3_2020-2021.rss,https://erddap.emso.eu/erddap/subscriptions/add.html?datasetID=EMSO-AZORES_TCM3-3_2020-2021&showErrors=false&email=,,,"The TCM-3 Ocean Bottom Tilt Current Meter from Lowell Instruments LLC (North Falmouth, MA, USA) measures current using the drag-tilt principle. The logger is buoyant and is anchored to the bottom via a short flexible tether. Drag from moving water tilts the logger in the direction of flow. The logger's accelerometer and magnetometer channels are used to record the amount of tilt and direction of tilt (compass bearing). The array currentmeters are deployed near the Tour Eiffel, Monts\u00c3\u00a9gur and White Castle hydrothermal vent sites. The array is not connected to an energy node. The currentmeter's internal clocks are set to UTC time before deployment. Clock drift after recovery is not implemented in data but added as metadata in the file"
EMSO-AZORES_TCM3-A_2020-2021,public,"IPGP ;Ifremer, Institut Fran\u00e7ais de Recherche pour l'Exploitation de la Mer",table,TimeSeries,EDDTableFromErddap,EMSO Azores TCM3-A Ocean Bottom Tilt Current Meter : 2020-2021,-32.27573,-32.27573,,37.28912,37.28912,,-1693.0,-1693.0,2020-09-11T14:46:12Z,2021-06-03T16:06:12Z,,,https://erddap.emso.eu/erddap/tabledap/EMSO-AZORES_TCM3-A_2020-2021.subset,https://erddap.emso.eu/erddap/tabledap/EMSO-AZORES_TCM3-A_2020-2021,https://erddap.emso.eu/erddap/tabledap/EMSO-AZORES_TCM3-A_2020-2021.graph,,,,,https://erddap.emso.eu/erddap/metadata/fgdc/xml/EMSO-AZORES_TCM3-A_2020-2021_fgdc.xml,https://erddap.emso.eu/erddap/metadata/iso19115/xml/EMSO-AZORES_TCM3-A_2020-2021_iso19115.xml,https://erddap.emso.eu/erddap/info/EMSO-AZORES_TCM3-A_2020-2021/index,(local files),https://wwz.ifremer.fr/,https://erddap.emso.eu/erddap/rss/EMSO-AZORES_TCM3-A_2020-2021.rss,https://erddap.emso.eu/erddap/subscriptions/add.html?datasetID=EMSO-AZORES_TCM3-A_2020-2021&showErrors=false&email=,,,"The TCM-3 Ocean Bottom Tilt Current Meter from Lowell Instruments LLC (North Falmouth, MA, USA) measures current using the drag-tilt principle. The logger is buoyant and is anchored to the bottom via a short flexible tether. Drag from moving water tilts the logger in the direction of flow. The logger's accelerometer and magnetometer channels are used to record the amount of tilt and direction of tilt (compass bearing). The array currentmeters are deployed near the Tour Eiffel, Monts\u00c3\u00a9gur and White Castle hydrothermal vent sites. The array is not connected to an energy node. The currentmeter's internal clocks are set to UTC time before deployment. Clock drift after recovery is not implemented in data but added as metadata in the file"
EMSO-AZORES_TCM3-B_2020-2021,public,"IPGP ;Ifremer, Institut Fran\u00e7ais de Recherche pour l'Exploitation de la Mer",table,TimeSeries,EDDTableFromErddap,EMSO Azores TCM3-B Ocean Bottom Tilt Current Meter : 2020-2021,-32.27563,-32.27563,,37.28905,37.28905,,-1689.0,-1689.0,2020-09-11T15:08:33Z,2021-06-03T15:58:33Z,,,https://erddap.emso.eu/erddap/tabledap/EMSO-AZORES_TCM3-B_2020-2021.subset,https://erddap.emso.eu/erddap/tabledap/EMSO-AZORES_TCM3-B_2020-2021,https://erddap.emso.eu/erddap/tabledap/EMSO-AZORES_TCM3-B_2020-2021.graph,,,,,https://erddap.emso.eu/erddap/metadata/fgdc/xml/EMSO-AZORES_TCM3-B_2020-2021_fgdc.xml,https://erddap.emso.eu/erddap/metadata/iso19115/xml/EMSO-AZORES_TCM3-B_2020-2021_iso19115.xml,https://erddap.emso.eu/erddap/info/EMSO-AZORES_TCM3-B_2020-2021/index,(local files),https://wwz.ifremer.fr/,https://erddap.emso.eu/erddap/rss/EMSO-AZORES_TCM3-B_2020-2021.rss,https://erddap.emso.eu/erddap/subscriptions/add.html?datasetID=EMSO-AZORES_TCM3-B_2020-2021&showErrors=false&email=,,,"The TCM-3 Ocean Bottom Tilt Current Meter from Lowell Instruments LLC (North Falmouth, MA, USA) measures current using the drag-tilt principle. The logger is buoyant and is anchored to the bottom via a short flexible tether. Drag from moving water tilts the logger in the direction of flow. The logger's accelerometer and magnetometer channels are used to record the amount of tilt and direction of tilt (compass bearing). The array currentmeters are deployed near the Tour Eiffel, Monts\u00c3\u00a9gur and White Castle hydrothermal vent sites. The array is not connected to an energy node. The currentmeter's internal clocks are set to UTC time before deployment. Clock drift after recovery is not implemented in data but added as metadata in the file"
EMSO-AZORES_TCM3-C_2020-2021,public,"IPGP ;Ifremer, Institut Fran\u00e7ais de Recherche pour l'Exploitation de la Mer",table,TimeSeries,EDDTableFromErddap,EMSO Azores TCM3-C Ocean Bottom Tilt Current Meter : 2020-2021,-32.27552,-32.27552,,37.28913,37.28913,,-1688.0,-1688.0,2020-09-11T16:53:13Z,2021-06-03T16:13:13Z,,,https://erddap.emso.eu/erddap/tabledap/EMSO-AZORES_TCM3-C_2020-2021.subset,https://erddap.emso.eu/erddap/tabledap/EMSO-AZORES_TCM3-C_2020-2021,https://erddap.emso.eu/erddap/tabledap/EMSO-AZORES_TCM3-C_2020-2021.graph,,,,,https://erddap.emso.eu/erddap/metadata/fgdc/xml/EMSO-AZORES_TCM3-C_2020-2021_fgdc.xml,https://erddap.emso.eu/erddap/metadata/iso19115/xml/EMSO-AZORES_TCM3-C_2020-2021_iso19115.xml,https://erddap.emso.eu/erddap/info/EMSO-AZORES_TCM3-C_2020-2021/index,(local files),https://wwz.ifremer.fr/,https://erddap.emso.eu/erddap/rss/EMSO-AZORES_TCM3-C_2020-2021.rss,https://erddap.emso.eu/erddap/subscriptions/add.html?datasetID=EMSO-AZORES_TCM3-C_2020-2021&showErrors=false&email=,,,"The TCM-3 Ocean Bottom Tilt Current Meter from Lowell Instruments LLC (North Falmouth, MA, USA) measures current using the drag-tilt principle. The logger is buoyant and is anchored to the bottom via a short flexible tether. Drag from moving water tilts the logger in the direction of flow. The logger's accelerometer and magnetometer channels are used to record the amount of tilt and direction of tilt (compass bearing). The array currentmeters are deployed near the Tour Eiffel, Monts\u00c3\u00a9gur and White Castle hydrothermal vent sites. The array is not connected to an energy node. The currentmeter's internal clocks are set to UTC time before deployment. Clock drift after recovery is not implemented in data but added as metadata in the file"
EMSO-AZORES_TCM3-D_2020-2021,public,"IPGP ;Ifremer, Institut Fran\u00e7ais de Recherche pour l'Exploitation de la Mer",table,TimeSeries,EDDTableFromErddap,EMSO Azores TCM3-D Ocean Bottom Tilt Current Meter : 2020-2021,-32.27548,-32.27548,,37.28912,37.28912,,-1691.0,-1691.0,2020-09-11T17:01:32Z,2021-06-04T21:36:32Z,,,https://erddap.emso.eu/erddap/tabledap/EMSO-AZORES_TCM3-D_2020-2021.subset,https://erddap.emso.eu/erddap/tabledap/EMSO-AZORES_TCM3-D_2020-2021,https://erddap.emso.eu/erddap/tabledap/EMSO-AZORES_TCM3-D_2020-2021.graph,,,,,https://erddap.emso.eu/erddap/metadata/fgdc/xml/EMSO-AZORES_TCM3-D_2020-2021_fgdc.xml,https://erddap.emso.eu/erddap/metadata/iso19115/xml/EMSO-AZORES_TCM3-D_2020-2021_iso19115.xml,https://erddap.emso.eu/erddap/info/EMSO-AZORES_TCM3-D_2020-2021/index,(local files),https://wwz.ifremer.fr/,https://erddap.emso.eu/erddap/rss/EMSO-AZORES_TCM3-D_2020-2021.rss,https://erddap.emso.eu/erddap/subscriptions/add.html?datasetID=EMSO-AZORES_TCM3-D_2020-2021&showErrors=false&email=,,,"The TCM-3 Ocean Bottom Tilt Current Meter from Lowell Instruments LLC (North Falmouth, MA, USA) measures current using the drag-tilt principle. The logger is buoyant and is anchored to the bottom via a short flexible tether. Drag from moving water tilts the logger in the direction of flow. The logger's accelerometer and magnetometer channels are used to record the amount of tilt and direction of tilt (compass bearing). The array currentmeters are deployed near the Tour Eiffel, Monts\u00c3\u00a9gur and White Castle hydrothermal vent sites. The array is not connected to an energy node. The currentmeter's internal clocks are set to UTC time before deployment. Clock drift after recovery is not implemented in data but added as metadata in the file"
BB_567_SBE56,public,"CNR, National Research Council, Institute of Polar Science (CNR - ISP)",table,TimeSeries,EDDTableFromErddap,EMSO BB 567 SBE56,17.19337,17.19408,,41.34077,41.34197,,-567.0,-567.0,2012-12-13T00:00:00Z,2023-04-10T00:00:00Z,,,,https://erddap.emso.eu/erddap/tabledap/BB_567_SBE56,https://erddap.emso.eu/erddap/tabledap/BB_567_SBE56.graph,,,,,https://erddap.emso.eu/erddap/metadata/fgdc/xml/BB_567_SBE56_fgdc.xml,https://erddap.emso.eu/erddap/metadata/iso19115/xml/BB_567_SBE56_iso19115.xml,https://erddap.emso.eu/erddap/info/BB_567_SBE56/index,(local files),https://www.isp.cnr.it/index.php/en/science/other-activities/adriatic-sea#mooring-southern-adriatic-msa,https://erddap.emso.eu/erddap/rss/BB_567_SBE56.rss,https://erddap.emso.eu/erddap/subscriptions/add.html?datasetID=BB_567_SBE56&showErrors=false&email=,,,Oceanographic mooring data from deployment of BB mooring at the Southern Adriatic Sea (Mediterranean Sea). Mesured properties: sea-water temperature
BB_584_SBE56,public,"CNR, National Research Council, Institute of Polar Science (CNR - ISP)",table,TimeSeries,EDDTableFromErddap,EMSO BB 584 SBE56,17.19375,17.19375,,41.34125,41.34125,,-584.0,-584.0,2012-03-08T08:50:00Z,2012-06-21T11:30:00Z,,,,https://erddap.emso.eu/erddap/tabledap/BB_584_SBE56,https://erddap.emso.eu/erddap/tabledap/BB_584_SBE56.graph,,,,,https://erddap.emso.eu/erddap/metadata/fgdc/xml/BB_584_SBE56_fgdc.xml,https://erddap.emso.eu/erddap/metadata/iso19115/xml/BB_584_SBE56_iso19115.xml,https://erddap.emso.eu/erddap/info/BB_584_SBE56/index,(local files),https://www.isp.cnr.it/index.php/en/science/other-activities/adriatic-sea#mooring-southern-adriatic-msa,https://erddap.emso.eu/erddap/rss/BB_584_SBE56.rss,https://erddap.emso.eu/erddap/subscriptions/add.html?datasetID=BB_584_SBE56&showErrors=false&email=,,,Oceanographic mooring data from deployment of BB mooring at the Southern Adriatic Sea (Mediterranean Sea). Mesured properties: sea-water temperature
BB_591_SBE56,public,"CNR, National Research Council, Institute of Polar Science (CNR - ISP)",table,TimeSeries,EDDTableFromErddap,EMSO BB 591 SBE56,17.193517,17.193517,,41.3413,41.3413,,-591.0,-591.0,2012-06-29T02:20:00Z,2012-11-06T04:00:00Z,,,,https://erddap.emso.eu/erddap/tabledap/BB_591_SBE56,https://erddap.emso.eu/erddap/tabledap/BB_591_SBE56.graph,,,,,https://erddap.emso.eu/erddap/metadata/fgdc/xml/BB_591_SBE56_fgdc.xml,https://erddap.emso.eu/erddap/metadata/iso19115/xml/BB_591_SBE56_iso19115.xml,https://erddap.emso.eu/erddap/info/BB_591_SBE56/index,(local files),https://www.isp.cnr.it/index.php/en/science/other-activities/adriatic-sea#mooring-southern-adriatic-msa,https://erddap.emso.eu/erddap/rss/BB_591_SBE56.rss,https://erddap.emso.eu/erddap/subscriptions/add.html?datasetID=BB_591_SBE56&showErrors=false&email=,,,Oceanographic mooring data from deployment of BB mooring at the Southern Adriatic Sea (Mediterranean Sea). Mesured properties: sea-water temperature
FF_700_SBE56,public,"CNR, National Research Council, Institute of Polar Science (CNR - ISP)",table,TimeSeries,EDDTableFromErddap,EMSO FF 700 SBE56,17.036333,17.039183,,41.803733,41.806783,,-700.0,-700.0,2012-11-09T03:30:31Z,2023-04-12T10:10:03Z,,,,https://erddap.emso.eu/erddap/tabledap/FF_700_SBE56,https://erddap.emso.eu/erddap/tabledap/FF_700_SBE56.graph,,,,,https://erddap.emso.eu/erddap/metadata/fgdc/xml/FF_700_SBE56_fgdc.xml,https://erddap.emso.eu/erddap/metadata/iso19115/xml/FF_700_SBE56_iso19115.xml,https://erddap.emso.eu/erddap/info/FF_700_SBE56/index,(local files),https://www.isp.cnr.it/index.php/en/research/other-activities/adriatic-sea#description-of-southern-adriatic-sea-observing-site,https://erddap.emso.eu/erddap/rss/FF_700_SBE56.rss,https://erddap.emso.eu/erddap/subscriptions/add.html?datasetID=FF_700_SBE56&showErrors=false&email=,,,Oceanographic mooring data from deployment of FF mooring at the Southern Adriatic Sea (Mediterranean Sea). Mesured properties: sea-water temperature
FF_717_SBE56,public,"CNR, National Research Council, Institute of Polar Science (CNR - ISP)",table,TimeSeries,EDDTableFromErddap,EMSO FF 717 SBE56,17.036333,17.039183,,41.805267,41.806783,,-717.0,-717.0,2012-03-08T00:20:10Z,2023-04-12T10:32:00Z,,,,https://erddap.emso.eu/erddap/tabledap/FF_717_SBE56,https://erddap.emso.eu/erddap/tabledap/FF_717_SBE56.graph,,,,,https://erddap.emso.eu/erddap/metadata/fgdc/xml/FF_717_SBE56_fgdc.xml,https://erddap.emso.eu/erddap/metadata/iso19115/xml/FF_717_SBE56_iso19115.xml,https://erddap.emso.eu/erddap/info/FF_717_SBE56/index,(local files),https://www.isp.cnr.it/index.php/en/research/other-activities/adriatic-sea#description-of-southern-adriatic-sea-observing-site,https://erddap.emso.eu/erddap/rss/FF_717_SBE56.rss,https://erddap.emso.eu/erddap/subscriptions/add.html?datasetID=FF_717_SBE56&showErrors=false&email=,,,Oceanographic mooring data from deployment of FF mooring at the Southern Adriatic Sea (Mediterranean Sea). Mesured properties: sea-water temperature
Emso_Ligure_Dyfamed_FCO2TW,public,LOV Laboratoire Oceanographique de Villefranche,table,TimeSeries,EDDTableFromErddap,EMSO Ligure Dyfamed carbon data,7.86667,7.86667,,43.41667,43.41667,,10.0,-2.0,1995-06-12T00:00:00Z,1997-12-28T23:02:24Z,,,https://erddap.emso.eu/erddap/tabledap/Emso_Ligure_Dyfamed_FCO2TW.subset,https://erddap.emso.eu/erddap/tabledap/Emso_Ligure_Dyfamed_FCO2TW,https://erddap.emso.eu/erddap/tabledap/Emso_Ligure_Dyfamed_FCO2TW.graph,,,,,https://erddap.emso.eu/erddap/metadata/fgdc/xml/Emso_Ligure_Dyfamed_FCO2TW_fgdc.xml,https://erddap.emso.eu/erddap/metadata/iso19115/xml/Emso_Ligure_Dyfamed_FCO2TW_iso19115.xml,https://erddap.emso.eu/erddap/info/Emso_Ligure_Dyfamed_FCO2TW/index,(local files),http://www.obs-vlfr.fr/sodyf,https://erddap.emso.eu/erddap/rss/Emso_Ligure_Dyfamed_FCO2TW.rss,https://erddap.emso.eu/erddap/subscriptions/add.html?datasetID=Emso_Ligure_Dyfamed_FCO2TW&showErrors=false&email=,,,Data collected from Global Telecommunications System (GTS) buoy messages
Emso_Ligure_Dyfamed_TSCTD,public,Observatoire Oc\u00e9anologique de Villefranche-sur-Mer,table,TimeSeries,EDDTableFromErddap,EMSO Ligure Dyfamed mooring CTD data,,,,,,,-73.0,-2349.0,2009-08-03T14:30:01Z,2024-06-29T08:30:00Z,,,https://erddap.emso.eu/erddap/tabledap/Emso_Ligure_Dyfamed_TSCTD.subset,https://erddap.emso.eu/erddap/tabledap/Emso_Ligure_Dyfamed_TSCTD,https://erddap.emso.eu/erddap/tabledap/Emso_Ligure_Dyfamed_TSCTD.graph,,,,,https://erddap.emso.eu/erddap/metadata/fgdc/xml/Emso_Ligure_Dyfamed_TSCTD_fgdc.xml,https://erddap.emso.eu/erddap/metadata/iso19115/xml/Emso_Ligure_Dyfamed_TSCTD_iso19115.xml,https://erddap.emso.eu/erddap/info/Emso_Ligure_Dyfamed_TSCTD/index,(local files),http://www.insu.cnrs.fr/environnement/atmosphere/moose-mediterranean-ocean-observing-system-on-environment,https://erddap.emso.eu/erddap/rss/Emso_Ligure_Dyfamed_TSCTD.rss,https://erddap.emso.eu/erddap/subscriptions/add.html?datasetID=Emso_Ligure_Dyfamed_TSCTD&showErrors=false&email=,,,"Temperature, conductivity and pressure data collected from OceanSites/EMSO moorings"
Emso_Ligure_Dyfamed_TScurrents,public,Observatoire Oc\u00e9anologique de Villefranche-sur-Mer,table,TimeSeries,EDDTableFromErddap,EMSO Ligure Dyfamed mooring currentmeter data,,,,,,,-200.0,-1000.0,2009-08-03T12:25:00Z,2016-05-20T10:00:00Z,,,https://erddap.emso.eu/erddap/tabledap/Emso_Ligure_Dyfamed_TScurrents.subset,https://erddap.emso.eu/erddap/tabledap/Emso_Ligure_Dyfamed_TScurrents,https://erddap.emso.eu/erddap/tabledap/Emso_Ligure_Dyfamed_TScurrents.graph,,,,,https://erddap.emso.eu/erddap/metadata/fgdc/xml/Emso_Ligure_Dyfamed_TScurrents_fgdc.xml,https://erddap.emso.eu/erddap/metadata/iso19115/xml/Emso_Ligure_Dyfamed_TScurrents_iso19115.xml,https://erddap.emso.eu/erddap/info/Emso_Ligure_Dyfamed_TScurrents/index,(local files),http://www.insu.cnrs.fr/environnement/atmosphere/moose-mediterranean-ocean-observing-system-on-environment,https://erddap.emso.eu/erddap/rss/Emso_Ligure_Dyfamed_TScurrents.rss,https://erddap.emso.eu/erddap/subscriptions/add.html?datasetID=Emso_Ligure_Dyfamed_TScurrents&showErrors=false&email=,,,"Temperature, conductivity and pressure data collected from MOOSE moorings"
Emso_Ligure_Dyfamed_SedimentTrap,public,Observatoire Oc\u00e9anologique de Villefranche-sur-Mer,table,TimeSeries,EDDTableFromErddap,EMSO Ligure Dyfamed mooring sediment traps,,,,,,,-200.0,-1000.0,2009-08-05T00:00:00Z,2013-05-08T00:00:00Z,,,https://erddap.emso.eu/erddap/tabledap/Emso_Ligure_Dyfamed_SedimentTrap.subset,https://erddap.emso.eu/erddap/tabledap/Emso_Ligure_Dyfamed_SedimentTrap,https://erddap.emso.eu/erddap/tabledap/Emso_Ligure_Dyfamed_SedimentTrap.graph,,,,,https://erddap.emso.eu/erddap/metadata/fgdc/xml/Emso_Ligure_Dyfamed_SedimentTrap_fgdc.xml,https://erddap.emso.eu/erddap/metadata/iso19115/xml/Emso_Ligure_Dyfamed_SedimentTrap_iso19115.xml,https://erddap.emso.eu/erddap/info/Emso_Ligure_Dyfamed_SedimentTrap/index,(local files),http://www.insu.cnrs.fr/environnement/atmosphere/moose-mediterranean-ocean-observing-system-on-environment,https://erddap.emso.eu/erddap/rss/Emso_Ligure_Dyfamed_SedimentTrap.rss,https://erddap.emso.eu/erddap/subscriptions/add.html?datasetID=Emso_Ligure_Dyfamed_SedimentTrap&showErrors=false&email=,,,"Temperature, conductivity and pressure data collected from MOOSE moorings"
Emso_Ligure_Dyfamed_TSO2,public,IMEV Villefranche-sur-mer,table,Point,EDDTableFromErddap,EMSO Ligure Dyfamed oxygen data,7.90296,7.90296,,43.41853,43.41853,,,,1994-04-08T12:07:47Z,2014-12-10T12:33:20Z,,,https://erddap.emso.eu/erddap/tabledap/Emso_Ligure_Dyfamed_TSO2.subset,https://erddap.emso.eu/erddap/tabledap/Emso_Ligure_Dyfamed_TSO2,https://erddap.emso.eu/erddap/tabledap/Emso_Ligure_Dyfamed_TSO2.graph,,,,,https://erddap.emso.eu/erddap/metadata/fgdc/xml/Emso_Ligure_Dyfamed_TSO2_fgdc.xml,https://erddap.emso.eu/erddap/metadata/iso19115/xml/Emso_Ligure_Dyfamed_TSO2_iso19115.xml,https://erddap.emso.eu/erddap/info/Emso_Ligure_Dyfamed_TSO2/index,(local files),???,https://erddap.emso.eu/erddap/rss/Emso_Ligure_Dyfamed_TSO2.rss,https://erddap.emso.eu/erddap/subscriptions/add.html?datasetID=Emso_Ligure_Dyfamed_TSO2&showErrors=false&email=,,,"DYFAMED Time Series from 1994 to 2014 (43\u00b025N - 7\u00b052E). In the framework of the French MOOSE program, a fixed point observatory in the Ligurian Sea (so called DYFAMED) performs since 1991 physical, biogeochemical and biological observations of the water column structure. This observatory is hosted and managed by the Oceanological Observatory in Villefranche-sur-Mer (CNRS-SU)"
Emso_Ligure_Dyfamed_TSOF,public,LABORATOIRE OCEANOGRAPHIQUE DE VILLEFRANCHE,table,TimeSeries,EDDTableFromErddap,EMSO Ligure Dyfamed oxygen/fluorescence data,,,,,,,,,1998-02-05T19:18:52Z,2007-12-14T12:55:00Z,,,https://erddap.emso.eu/erddap/tabledap/Emso_Ligure_Dyfamed_TSOF.subset,https://erddap.emso.eu/erddap/tabledap/Emso_Ligure_Dyfamed_TSOF,https://erddap.emso.eu/erddap/tabledap/Emso_Ligure_Dyfamed_TSOF.graph,,,,,https://erddap.emso.eu/erddap/metadata/fgdc/xml/Emso_Ligure_Dyfamed_TSOF_fgdc.xml,https://erddap.emso.eu/erddap/metadata/iso19115/xml/Emso_Ligure_Dyfamed_TSOF_iso19115.xml,https://erddap.emso.eu/erddap/info/Emso_Ligure_Dyfamed_TSOF/index,(local files),http://www.eurosites.info,https://erddap.emso.eu/erddap/rss/Emso_Ligure_Dyfamed_TSOF.rss,https://erddap.emso.eu/erddap/subscriptions/add.html?datasetID=Emso_Ligure_Dyfamed_TSOF&showErrors=false&email=,,,LABORATOIRE OCEANOGRAPHIQUE DE VILLEFRANCHE data from a local source.
Emso_Western_Ligurian_Albatross_Aquadopp_NetCDF_2014,public,MIO UMR 7294 CNRS / OSU Pytheas,table,TimeSeries,EDDTableFromErddap,"EMSO Western Ligurian : Albatross mooring, AQUADOPP sensor (NetCDF 2014-2015)",6.05,6.05,,42.791,42.791,,,,2014-09-13T09:00:00Z,2015-04-22T05:00:00Z,,,https://erddap.emso.eu/erddap/tabledap/Emso_Western_Ligurian_Albatross_Aquadopp_NetCDF_2014.subset,https://erddap.emso.eu/erddap/tabledap/Emso_Western_Ligurian_Albatross_Aquadopp_NetCDF_2014,https://erddap.emso.eu/erddap/tabledap/Emso_Western_Ligurian_Albatross_Aquadopp_NetCDF_2014.graph,,,,,https://erddap.emso.eu/erddap/metadata/fgdc/xml/Emso_Western_Ligurian_Albatross_Aquadopp_NetCDF_2014_fgdc.xml,https://erddap.emso.eu/erddap/metadata/iso19115/xml/Emso_Western_Ligurian_Albatross_Aquadopp_NetCDF_2014_iso19115.xml,https://erddap.emso.eu/erddap/info/Emso_Western_Ligurian_Albatross_Aquadopp_NetCDF_2014/index,(local files),http://www.emso-fr.org/EMSO-France,https://erddap.emso.eu/erddap/rss/Emso_Western_Ligurian_Albatross_Aquadopp_NetCDF_2014.rss,https://erddap.emso.eu/erddap/subscriptions/add.html?datasetID=Emso_Western_Ligurian_Albatross_Aquadopp_NetCDF_2014&showErrors=false&email=,,,"The European Multidisciplinary Seafloor and water column Observatory (EMSO) is a research infrastructure distributed throughout Europe for seabed and water column observatories. It aims to further explore the oceans, better understand the phenomena that occur on the seabed, and elucidate the critical role that these phenomena play in global Earth systems. This observatory is based on observation sites (or nodes) that have been deployed in strategic locations in European seas, from the Arctic to the Atlantic, from the Mediterranean to the Black Sea. There are currently eleven deep water nodes plus four shallow water test nodes. EMSO Western Ligurian is one of these permanent underwater observatories located in the Ligurian Sea and is deployed off Toulon, France. This region was chosen for its particular scientific interests such as: seismicity, topography, turbidity, biodiversity, water mass dynamics and organic matter flow. This underwater observation network is also part of KM3NeT (https://www.km3net.org/) which has a modular topology designed to connect up to 120 neutrino detection units. Earth and Sea Science (ESS) instrumentation connected to KM3NeT is based on two complementary components: an instrumented interface module (MII) and an autonomous instrumented line (ALBATROSS). The ALBATROSS line is an inductive line (2000 m) composed of an acoustic communication system, two inductive cables equipped with Conductivity, Temperature, Depth (CTD)-O2 sensors, current meters and two instrumented buoys. This line is deployed at a distance of 2-3 kilometers from the MII, and communication on land is done by an acoustic link with the MII, and electro-optical cable via the KM3NeT node."
Emso_Western_Ligurian_Albatross_Aquadopp_NetCDF_2015,public,MIO UMR 7294 CNRS / OSU Pytheas,table,TimeSeries,EDDTableFromErddap,"EMSO Western Ligurian : Albatross mooring, AQUADOPP sensor (NetCDF 2015-2016)",6.058,6.058,,42.8,42.8,,,,2015-06-05T07:00:00Z,2016-06-05T05:00:00Z,,,https://erddap.emso.eu/erddap/tabledap/Emso_Western_Ligurian_Albatross_Aquadopp_NetCDF_2015.subset,https://erddap.emso.eu/erddap/tabledap/Emso_Western_Ligurian_Albatross_Aquadopp_NetCDF_2015,https://erddap.emso.eu/erddap/tabledap/Emso_Western_Ligurian_Albatross_Aquadopp_NetCDF_2015.graph,,,,,https://erddap.emso.eu/erddap/metadata/fgdc/xml/Emso_Western_Ligurian_Albatross_Aquadopp_NetCDF_2015_fgdc.xml,https://erddap.emso.eu/erddap/metadata/iso19115/xml/Emso_Western_Ligurian_Albatross_Aquadopp_NetCDF_2015_iso19115.xml,https://erddap.emso.eu/erddap/info/Emso_Western_Ligurian_Albatross_Aquadopp_NetCDF_2015/index,(local files),http://www.emso-fr.org/EMSO-France,https://erddap.emso.eu/erddap/rss/Emso_Western_Ligurian_Albatross_Aquadopp_NetCDF_2015.rss,https://erddap.emso.eu/erddap/subscriptions/add.html?datasetID=Emso_Western_Ligurian_Albatross_Aquadopp_NetCDF_2015&showErrors=false&email=,,,"The European Multidisciplinary Seafloor and water column Observatory (EMSO) is a research infrastructure distributed throughout Europe for seabed and water column observatories. It aims to further explore the oceans, better understand the phenomena that occur on the seabed, and elucidate the critical role that these phenomena play in global Earth systems. This observatory is based on observation sites (or nodes) that have been deployed in strategic locations in European seas, from the Arctic to the Atlantic, from the Mediterranean to the Black Sea. There are currently eleven deep water nodes plus four shallow water test nodes. EMSO Western Ligurian is one of these permanent underwater observatories located in the Ligurian Sea and is deployed off Toulon, France. This region was chosen for its particular scientific interests such as: seismicity, topography, turbidity, biodiversity, water mass dynamics and organic matter flow. This underwater observation network is also part of KM3NeT (https://www.km3net.org/) which has a modular topology designed to connect up to 120 neutrino detection units. Earth and Sea Science (ESS) instrumentation connected to KM3NeT is based on two complementary components: an instrumented interface module (MII) and an autonomous instrumented line (ALBATROSS). The ALBATROSS line is an inductive line (2000 m) composed of an acoustic communication system, two inductive cables equipped with Conductivity, Temperature, Depth (CTD)-O2 sensors, current meters and two instrumented buoys. This line is deployed at a distance of 2-3 kilometers from the MII, and communication on land is done by an acoustic link with the MII, and electro-optical cable via the KM3NeT node."
Emso_Western_Ligurian_Albatross_Aquadopp_NetCDF_2016,public,MIO UMR 7294 CNRS / OSU Pytheas,table,TimeSeries,EDDTableFromErddap,"EMSO Western Ligurian : Albatross mooring, AQUADOPP sensor (NetCDF 2016-2017)",6.05,6.05,,42.803,42.803,,,,2016-10-28T11:00:00Z,2017-11-24T09:00:00Z,,,https://erddap.emso.eu/erddap/tabledap/Emso_Western_Ligurian_Albatross_Aquadopp_NetCDF_2016.subset,https://erddap.emso.eu/erddap/tabledap/Emso_Western_Ligurian_Albatross_Aquadopp_NetCDF_2016,https://erddap.emso.eu/erddap/tabledap/Emso_Western_Ligurian_Albatross_Aquadopp_NetCDF_2016.graph,,,,,https://erddap.emso.eu/erddap/metadata/fgdc/xml/Emso_Western_Ligurian_Albatross_Aquadopp_NetCDF_2016_fgdc.xml,https://erddap.emso.eu/erddap/metadata/iso19115/xml/Emso_Western_Ligurian_Albatross_Aquadopp_NetCDF_2016_iso19115.xml,https://erddap.emso.eu/erddap/info/Emso_Western_Ligurian_Albatross_Aquadopp_NetCDF_2016/index,(local files),http://www.emso-fr.org/EMSO-France,https://erddap.emso.eu/erddap/rss/Emso_Western_Ligurian_Albatross_Aquadopp_NetCDF_2016.rss,https://erddap.emso.eu/erddap/subscriptions/add.html?datasetID=Emso_Western_Ligurian_Albatross_Aquadopp_NetCDF_2016&showErrors=false&email=,,,"The European Multidisciplinary Seafloor and water column Observatory (EMSO) is a research infrastructure distributed throughout Europe for seabed and water column observatories. It aims to further explore the oceans, better understand the phenomena that occur on the seabed, and elucidate the critical role that these phenomena play in global Earth systems. This observatory is based on observation sites (or nodes) that have been deployed in strategic locations in European seas, from the Arctic to the Atlantic, from the Mediterranean to the Black Sea. There are currently eleven deep water nodes plus four shallow water test nodes. EMSO Western Ligurian is one of these permanent underwater observatories located in the Ligurian Sea and is deployed off Toulon, France. This region was chosen for its particular scientific interests such as: seismicity, topography, turbidity, biodiversity, water mass dynamics and organic matter flow. This underwater observation network is also part of KM3NeT (https://www.km3net.org/) which has a modular topology designed to connect up to 120 neutrino detection units. Earth and Sea Science (ESS) instrumentation connected to KM3NeT is based on two complementary components: an instrumented interface module (MII) and an autonomous instrumented line (ALBATROSS). The ALBATROSS line is an inductive line (2000 m) composed of an acoustic communication system, two inductive cables equipped with Conductivity, Temperature, Depth (CTD)-O2 sensors, current meters and two instrumented buoys. This line is deployed at a distance of 2-3 kilometers from the MII, and communication on land is done by an acoustic link with the MII, and electro-optical cable via the KM3NeT node."
Emso_Western_Ligurian_Albatross_Aquadopp_NetCDF_2018,public,MIO UMR 7294 CNRS / OSU Pytheas,table,TimeSeries,EDDTableFromErddap,"EMSO Western Ligurian : Albatross mooring, AQUADOPP sensor (NetCDF 2018-2019)",6.043,6.043,,42.79,42.79,,,,2018-05-19T10:00:00Z,2019-05-17T04:00:00Z,,,https://erddap.emso.eu/erddap/tabledap/Emso_Western_Ligurian_Albatross_Aquadopp_NetCDF_2018.subset,https://erddap.emso.eu/erddap/tabledap/Emso_Western_Ligurian_Albatross_Aquadopp_NetCDF_2018,https://erddap.emso.eu/erddap/tabledap/Emso_Western_Ligurian_Albatross_Aquadopp_NetCDF_2018.graph,,,,,https://erddap.emso.eu/erddap/metadata/fgdc/xml/Emso_Western_Ligurian_Albatross_Aquadopp_NetCDF_2018_fgdc.xml,https://erddap.emso.eu/erddap/metadata/iso19115/xml/Emso_Western_Ligurian_Albatross_Aquadopp_NetCDF_2018_iso19115.xml,https://erddap.emso.eu/erddap/info/Emso_Western_Ligurian_Albatross_Aquadopp_NetCDF_2018/index,(local files),http://www.emso-fr.org/EMSO-France,https://erddap.emso.eu/erddap/rss/Emso_Western_Ligurian_Albatross_Aquadopp_NetCDF_2018.rss,https://erddap.emso.eu/erddap/subscriptions/add.html?datasetID=Emso_Western_Ligurian_Albatross_Aquadopp_NetCDF_2018&showErrors=false&email=,,,"The European Multidisciplinary Seafloor and water column Observatory (EMSO) is a research infrastructure distributed throughout Europe for seabed and water column observatories. It aims to further explore the oceans, better understand the phenomena that occur on the seabed, and elucidate the critical role that these phenomena play in global Earth systems. This observatory is based on observation sites (or nodes) that have been deployed in strategic locations in European seas, from the Arctic to the Atlantic, from the Mediterranean to the Black Sea. There are currently eleven deep water nodes plus four shallow water test nodes. EMSO Western Ligurian is one of these permanent underwater observatories located in the Ligurian Sea and is deployed off Toulon, France. This region was chosen for its particular scientific interests such as: seismicity, topography, turbidity, biodiversity, water mass dynamics and organic matter flow. This underwater observation network is also part of KM3NeT (https://www.km3net.org/) which has a modular topology designed to connect up to 120 neutrino detection units. Earth and Sea Science (ESS) instrumentation connected to KM3NeT is based on two complementary components: an instrumented interface module (MII) and an autonomous instrumented line (ALBATROSS). The ALBATROSS line is an inductive line (2000 m) composed of an acoustic communication system, two inductive cables equipped with Conductivity, Temperature, Depth (CTD)-O2 sensors, current meters and two instrumented buoys. This line is deployed at a distance of 2-3 kilometers from the MII, and communication on land is done by an acoustic link with the MII, and electro-optical cable via the KM3NeT node."
Emso_Western_Ligurian_Albatross_Aquadopp_NetCDF_2021,public,MIO UMR 7294 CNRS / OSU Pytheas,table,TimeSeries,EDDTableFromErddap,"EMSO Western Ligurian : Albatross mooring, AQUADOPP sensor (NetCDF files 2021-07 to 2023-05)",6.0312,6.0312,,42.79,42.79,,,,2021-07-18T00:00:00Z,2023-05-16T11:30:00Z,,,https://erddap.emso.eu/erddap/tabledap/Emso_Western_Ligurian_Albatross_Aquadopp_NetCDF_2021.subset,https://erddap.emso.eu/erddap/tabledap/Emso_Western_Ligurian_Albatross_Aquadopp_NetCDF_2021,https://erddap.emso.eu/erddap/tabledap/Emso_Western_Ligurian_Albatross_Aquadopp_NetCDF_2021.graph,,,,,https://erddap.emso.eu/erddap/metadata/fgdc/xml/Emso_Western_Ligurian_Albatross_Aquadopp_NetCDF_2021_fgdc.xml,https://erddap.emso.eu/erddap/metadata/iso19115/xml/Emso_Western_Ligurian_Albatross_Aquadopp_NetCDF_2021_iso19115.xml,https://erddap.emso.eu/erddap/info/Emso_Western_Ligurian_Albatross_Aquadopp_NetCDF_2021/index,(local files),http://www.emso-fr.org/EMSO-France,https://erddap.emso.eu/erddap/rss/Emso_Western_Ligurian_Albatross_Aquadopp_NetCDF_2021.rss,https://erddap.emso.eu/erddap/subscriptions/add.html?datasetID=Emso_Western_Ligurian_Albatross_Aquadopp_NetCDF_2021&showErrors=false&email=,,,"The European Multidisciplinary Seafloor and water column Observatory (EMSO) is a research infrastructure distributed throughout Europe for seabed and water column observatories. It aims to further explore the oceans, better understand the phenomena that occur on the seabed, and elucidate the critical role that these phenomena play in global Earth systems. This observatory is based on observation sites (or nodes) that have been deployed in strategic locations in European seas, from the Arctic to the Atlantic, from the Mediterranean to the Black Sea. There are currently eleven deep water nodes plus four shallow water test nodes. EMSO Western Ligurian is one of these permanent underwater observatories located in the Ligurian Sea and is deployed off Toulon, France. This region was chosen for its particular scientific interests such as: seismicity, topography, turbidity, biodiversity, water mass dynamics and organic matter flow. This underwater observation network is also part of KM3NeT (https://www.km3net.org/) which has a modular topology designed to connect up to 120 neutrino detection units. Earth and Sea Science (ESS) instrumentation connected to KM3NeT is based on two complementary components: an instrumented interface module (MII) and an autonomous instrumented line (ALBATROSS). The ALBATROSS line is an inductive line (2000 m) composed of an acoustic communication system, two inductive cables equipped with Conductivity, Temperature, Depth (CTD)-O2 sensors, current meters and two instrumented buoys. This line is deployed at a distance of 2-3 kilometers from the MII, and communication on land is done by an acoustic link with the MII, and electro-optical cable via the KM3NeT node."
Emso_Western_Ligurian_Albatross_Aquadopp_NetCDF_2024,public,MIO UMR 7294 CNRS / OSU Pytheas,table,TimeSeries,EDDTableFromErddap,"EMSO Western Ligurian : Albatross mooring, AQUADOPP sensor (NetCDF files from 2024-03)",6.1019,6.1019,,42.9611,42.9611,,,,2024-02-08T00:00:00Z,2024-12-06T23:00:00Z,,,https://erddap.emso.eu/erddap/tabledap/Emso_Western_Ligurian_Albatross_Aquadopp_NetCDF_2024.subset,https://erddap.emso.eu/erddap/tabledap/Emso_Western_Ligurian_Albatross_Aquadopp_NetCDF_2024,https://erddap.emso.eu/erddap/tabledap/Emso_Western_Ligurian_Albatross_Aquadopp_NetCDF_2024.graph,,,,,https://erddap.emso.eu/erddap/metadata/fgdc/xml/Emso_Western_Ligurian_Albatross_Aquadopp_NetCDF_2024_fgdc.xml,https://erddap.emso.eu/erddap/metadata/iso19115/xml/Emso_Western_Ligurian_Albatross_Aquadopp_NetCDF_2024_iso19115.xml,https://erddap.emso.eu/erddap/info/Emso_Western_Ligurian_Albatross_Aquadopp_NetCDF_2024/index,(local files),http://www.emso-fr.org/EMSO-France,https://erddap.emso.eu/erddap/rss/Emso_Western_Ligurian_Albatross_Aquadopp_NetCDF_2024.rss,https://erddap.emso.eu/erddap/subscriptions/add.html?datasetID=Emso_Western_Ligurian_Albatross_Aquadopp_NetCDF_2024&showErrors=false&email=,now-5days,59.66161,"The European Multidisciplinary Seafloor and water column Observatory (EMSO) is a research infrastructure distributed throughout Europe for seabed and water column observatories. It aims to further explore the oceans, better understand the phenomena that occur on the seabed, and elucidate the critical role that these phenomena play in global Earth systems. This observatory is based on observation sites (or nodes) that have been deployed in strategic locations in European seas, from the Arctic to the Atlantic, from the Mediterranean to the Black Sea. There are currently eleven deep water nodes plus four shallow water test nodes. EMSO Western Ligurian is one of these permanent underwater observatories located in the Ligurian Sea and is deployed off Toulon, France. This region was chosen for its particular scientific interests such as: seismicity, topography, turbidity, biodiversity, water mass dynamics and organic matter flow. This underwater observation network is also part of KM3NeT (https://www.km3net.org/) which has a modular topology designed to connect up to 120 neutrino detection units. Earth and Sea Science (ESS) instrumentation connected to KM3NeT is based on two complementary components: an instrumented interface module (MII) and an autonomous instrumented line (ALBATROSS). The ALBATROSS line is an inductive line (2000 m) composed of an acoustic communication system, two inductive cables equipped with Conductivity, Temperature, Depth (CTD)-O2 sensors, current meters and two instrumented buoys. This line is deployed at a distance of 2-3 kilometers from the MII, and communication on land is done by an acoustic link with the MII, and electro-optical cable via the KM3NeT node"
Emso_Western_Ligurian_Albatross_Microcat_NetCDF_2014,public,MIO UMR 7294 CNRS / OSU Pytheas,table,TimeSeries,EDDTableFromErddap,"EMSO Western Ligurian : Albatross mooring, MICROCAT sensor (NetCDF 2014-2015)",6.05,6.05,,42.791,42.791,,,,2014-09-13T09:07:00Z,2015-04-21T18:28:00Z,,,https://erddap.emso.eu/erddap/tabledap/Emso_Western_Ligurian_Albatross_Microcat_NetCDF_2014.subset,https://erddap.emso.eu/erddap/tabledap/Emso_Western_Ligurian_Albatross_Microcat_NetCDF_2014,https://erddap.emso.eu/erddap/tabledap/Emso_Western_Ligurian_Albatross_Microcat_NetCDF_2014.graph,,,,,https://erddap.emso.eu/erddap/metadata/fgdc/xml/Emso_Western_Ligurian_Albatross_Microcat_NetCDF_2014_fgdc.xml,https://erddap.emso.eu/erddap/metadata/iso19115/xml/Emso_Western_Ligurian_Albatross_Microcat_NetCDF_2014_iso19115.xml,https://erddap.emso.eu/erddap/info/Emso_Western_Ligurian_Albatross_Microcat_NetCDF_2014/index,(local files),http://www.emso-fr.org/EMSO-France,https://erddap.emso.eu/erddap/rss/Emso_Western_Ligurian_Albatross_Microcat_NetCDF_2014.rss,https://erddap.emso.eu/erddap/subscriptions/add.html?datasetID=Emso_Western_Ligurian_Albatross_Microcat_NetCDF_2014&showErrors=false&email=,,,"The European Multidisciplinary Seafloor and water column Observatory (EMSO) is a research infrastructure distributed throughout Europe for seabed and water column observatories. It aims to further explore the oceans, better understand the phenomena that occur on the seabed, and elucidate the critical role that these phenomena play in global Earth systems. This observatory is based on observation sites (or nodes) that have been deployed in strategic locations in European seas, from the Arctic to the Atlantic, from the Mediterranean to the Black Sea. There are currently eleven deep water nodes plus four shallow water test nodes. EMSO Western Ligurian is one of these permanent underwater observatories located in the Ligurian Sea and is deployed off Toulon, France. This region was chosen for its particular scientific interests such as: seismicity, topography, turbidity, biodiversity, water mass dynamics and organic matter flow. This underwater observation network is also part of KM3NeT (https://www.km3net.org/) which has a modular topology designed to connect up to 120 neutrino detection units. Earth and Sea Science (ESS) instrumentation connected to KM3NeT is based on two complementary components: an instrumented interface module (MII) and an autonomous instrumented line (ALBATROSS). The ALBATROSS line is an inductive line (2000 m) composed of an acoustic communication system, two inductive cables equipped with Conductivity, Temperature, Depth (CTD)-O2 sensors, current meters and two instrumented buoys. This line is deployed at a distance of 2-3 kilometers from the MII, and communication on land is done by an acoustic link with the MII, and electro-optical cable via the KM3NeT node."
Emso_Western_Ligurian_Albatross_Microcat_NetCDF_2015,public,MIO UMR 7294 CNRS / OSU Pytheas,table,TimeSeries,EDDTableFromErddap,"EMSO Western Ligurian : Albatross mooring, MICROCAT sensor (NetCDF 2015-2016)",6.058,6.058,,42.8,42.8,,,,2015-06-05T06:41:00Z,2016-06-05T05:14:00Z,,,https://erddap.emso.eu/erddap/tabledap/Emso_Western_Ligurian_Albatross_Microcat_NetCDF_2015.subset,https://erddap.emso.eu/erddap/tabledap/Emso_Western_Ligurian_Albatross_Microcat_NetCDF_2015,https://erddap.emso.eu/erddap/tabledap/Emso_Western_Ligurian_Albatross_Microcat_NetCDF_2015.graph,,,,,https://erddap.emso.eu/erddap/metadata/fgdc/xml/Emso_Western_Ligurian_Albatross_Microcat_NetCDF_2015_fgdc.xml,https://erddap.emso.eu/erddap/metadata/iso19115/xml/Emso_Western_Ligurian_Albatross_Microcat_NetCDF_2015_iso19115.xml,https://erddap.emso.eu/erddap/info/Emso_Western_Ligurian_Albatross_Microcat_NetCDF_2015/index,(local files),http://www.emso-fr.org/EMSO-France,https://erddap.emso.eu/erddap/rss/Emso_Western_Ligurian_Albatross_Microcat_NetCDF_2015.rss,https://erddap.emso.eu/erddap/subscriptions/add.html?datasetID=Emso_Western_Ligurian_Albatross_Microcat_NetCDF_2015&showErrors=false&email=,,,"The European Multidisciplinary Seafloor and water column Observatory (EMSO) is a research infrastructure distributed throughout Europe for seabed and water column observatories. It aims to further explore the oceans, better understand the phenomena that occur on the seabed, and elucidate the critical role that these phenomena play in global Earth systems. This observatory is based on observation sites (or nodes) that have been deployed in strategic locations in European seas, from the Arctic to the Atlantic, from the Mediterranean to the Black Sea. There are currently eleven deep water nodes plus four shallow water test nodes. EMSO Western Ligurian is one of these permanent underwater observatories located in the Ligurian Sea and is deployed off Toulon, France. This region was chosen for its particular scientific interests such as: seismicity, topography, turbidity, biodiversity, water mass dynamics and organic matter flow. This underwater observation network is also part of KM3NeT (https://www.km3net.org/) which has a modular topology designed to connect up to 120 neutrino detection units. Earth and Sea Science (ESS) instrumentation connected to KM3NeT is based on two complementary components: an instrumented interface module (MII) and an autonomous instrumented line (ALBATROSS). The ALBATROSS line is an inductive line (2000 m) composed of an acoustic communication system, two inductive cables equipped with Conductivity, Temperature, Depth (CTD)-O2 sensors, current meters and two instrumented buoys. This line is deployed at a distance of 2-3 kilometers from the MII, and communication on land is done by an acoustic link with the MII, and electro-optical cable via the KM3NeT node."
Emso_Western_Ligurian_Albatross_Microcat_NetCDF_2016,public,MIO UMR 7294 CNRS / OSU Pytheas,table,TimeSeries,EDDTableFromErddap,"EMSO Western Ligurian : Albatross mooring, MICROCAT sensor (NetCDF 2016-2017)",6.05,6.05,,42.803,42.803,,,,2017-08-26T12:10:01Z,2018-09-22T15:01:45Z,,,https://erddap.emso.eu/erddap/tabledap/Emso_Western_Ligurian_Albatross_Microcat_NetCDF_2016.subset,https://erddap.emso.eu/erddap/tabledap/Emso_Western_Ligurian_Albatross_Microcat_NetCDF_2016,https://erddap.emso.eu/erddap/tabledap/Emso_Western_Ligurian_Albatross_Microcat_NetCDF_2016.graph,,,,,https://erddap.emso.eu/erddap/metadata/fgdc/xml/Emso_Western_Ligurian_Albatross_Microcat_NetCDF_2016_fgdc.xml,https://erddap.emso.eu/erddap/metadata/iso19115/xml/Emso_Western_Ligurian_Albatross_Microcat_NetCDF_2016_iso19115.xml,https://erddap.emso.eu/erddap/info/Emso_Western_Ligurian_Albatross_Microcat_NetCDF_2016/index,(local files),http://www.emso-fr.org/EMSO-France,https://erddap.emso.eu/erddap/rss/Emso_Western_Ligurian_Albatross_Microcat_NetCDF_2016.rss,https://erddap.emso.eu/erddap/subscriptions/add.html?datasetID=Emso_Western_Ligurian_Albatross_Microcat_NetCDF_2016&showErrors=false&email=,,,"The European Multidisciplinary Seafloor and water column Observatory (EMSO) is a research infrastructure distributed throughout Europe for seabed and water column observatories. It aims to further explore the oceans, better understand the phenomena that occur on the seabed, and elucidate the critical role that these phenomena play in global Earth systems. This observatory is based on observation sites (or nodes) that have been deployed in strategic locations in European seas, from the Arctic to the Atlantic, from the Mediterranean to the Black Sea. There are currently eleven deep water nodes plus four shallow water test nodes. EMSO Western Ligurian is one of these permanent underwater observatories located in the Ligurian Sea and is deployed off Toulon, France. This region was chosen for its particular scientific interests such as: seismicity, topography, turbidity, biodiversity, water mass dynamics and organic matter flow. This underwater observation network is also part of KM3NeT (https://www.km3net.org/) which has a modular topology designed to connect up to 120 neutrino detection units. Earth and Sea Science (ESS) instrumentation connected to KM3NeT is based on two complementary components: an instrumented interface module (MII) and an autonomous instrumented line (ALBATROSS). The ALBATROSS line is an inductive line (2000 m) composed of an acoustic communication system, two inductive cables equipped with Conductivity, Temperature, Depth (CTD)-O2 sensors, current meters and two instrumented buoys. This line is deployed at a distance of 2-3 kilometers from the MII, and communication on land is done by an acoustic link with the MII, and electro-optical cable via the KM3NeT node."
Emso_Western_Ligurian_Albatross_Microcat_NetCDF_2018,public,MIO UMR 7294 CNRS / OSU Pytheas,table,TimeSeries,EDDTableFromErddap,"EMSO Western Ligurian : Albatross mooring, MICROCAT sensor (NetCDF 2018-2019)",6.043,6.043,,42.79,42.79,,,,2018-05-01T21:31:39Z,2019-10-01T18:11:06Z,,,https://erddap.emso.eu/erddap/tabledap/Emso_Western_Ligurian_Albatross_Microcat_NetCDF_2018.subset,https://erddap.emso.eu/erddap/tabledap/Emso_Western_Ligurian_Albatross_Microcat_NetCDF_2018,https://erddap.emso.eu/erddap/tabledap/Emso_Western_Ligurian_Albatross_Microcat_NetCDF_2018.graph,,,,,https://erddap.emso.eu/erddap/metadata/fgdc/xml/Emso_Western_Ligurian_Albatross_Microcat_NetCDF_2018_fgdc.xml,https://erddap.emso.eu/erddap/metadata/iso19115/xml/Emso_Western_Ligurian_Albatross_Microcat_NetCDF_2018_iso19115.xml,https://erddap.emso.eu/erddap/info/Emso_Western_Ligurian_Albatross_Microcat_NetCDF_2018/index,(local files),http://www.emso-fr.org/EMSO-France,https://erddap.emso.eu/erddap/rss/Emso_Western_Ligurian_Albatross_Microcat_NetCDF_2018.rss,https://erddap.emso.eu/erddap/subscriptions/add.html?datasetID=Emso_Western_Ligurian_Albatross_Microcat_NetCDF_2018&showErrors=false&email=,,,"The European Multidisciplinary Seafloor and water column Observatory (EMSO) is a research infrastructure distributed throughout Europe for seabed and water column observatories. It aims to further explore the oceans, better understand the phenomena that occur on the seabed, and elucidate the critical role that these phenomena play in global Earth systems. This observatory is based on observation sites (or nodes) that have been deployed in strategic locations in European seas, from the Arctic to the Atlantic, from the Mediterranean to the Black Sea. There are currently eleven deep water nodes plus four shallow water test nodes. EMSO Western Ligurian is one of these permanent underwater observatories located in the Ligurian Sea and is deployed off Toulon, France. This region was chosen for its particular scientific interests such as: seismicity, topography, turbidity, biodiversity, water mass dynamics and organic matter flow. This underwater observation network is also part of KM3NeT (https://www.km3net.org/) which has a modular topology designed to connect up to 120 neutrino detection units. Earth and Sea Science (ESS) instrumentation connected to KM3NeT is based on two complementary components: an instrumented interface module (MII) and an autonomous instrumented line (ALBATROSS). The ALBATROSS line is an inductive line (2000 m) composed of an acoustic communication system, two inductive cables equipped with Conductivity, Temperature, Depth (CTD)-O2 sensors, current meters and two instrumented buoys. This line is deployed at a distance of 2-3 kilometers from the MII, and communication on land is done by an acoustic link with the MII, and electro-optical cable via the KM3NeT node"
Emso_Western_Ligurian_Albatross_Microcat_NetCDF_2019,public,MIO UMR 7294 CNRS / OSU Pytheas,table,TimeSeries,EDDTableFromErddap,"EMSO Western Ligurian : Albatross mooring, MICROCAT sensor (NetCDF 2019-2020)",6.038,6.038,,42.793,42.793,,,,2019-07-20T12:29:58Z,2020-11-09T23:31:12Z,,,https://erddap.emso.eu/erddap/tabledap/Emso_Western_Ligurian_Albatross_Microcat_NetCDF_2019.subset,https://erddap.emso.eu/erddap/tabledap/Emso_Western_Ligurian_Albatross_Microcat_NetCDF_2019,https://erddap.emso.eu/erddap/tabledap/Emso_Western_Ligurian_Albatross_Microcat_NetCDF_2019.graph,,,,,https://erddap.emso.eu/erddap/metadata/fgdc/xml/Emso_Western_Ligurian_Albatross_Microcat_NetCDF_2019_fgdc.xml,https://erddap.emso.eu/erddap/metadata/iso19115/xml/Emso_Western_Ligurian_Albatross_Microcat_NetCDF_2019_iso19115.xml,https://erddap.emso.eu/erddap/info/Emso_Western_Ligurian_Albatross_Microcat_NetCDF_2019/index,(local files),http://www.emso-fr.org/EMSO-France,https://erddap.emso.eu/erddap/rss/Emso_Western_Ligurian_Albatross_Microcat_NetCDF_2019.rss,https://erddap.emso.eu/erddap/subscriptions/add.html?datasetID=Emso_Western_Ligurian_Albatross_Microcat_NetCDF_2019&showErrors=false&email=,,,"The European Multidisciplinary Seafloor and water column Observatory (EMSO) is a research infrastructure distributed throughout Europe for seabed and water column observatories. It aims to further explore the oceans, better understand the phenomena that occur on the seabed, and elucidate the critical role that these phenomena play in global Earth systems. This observatory is based on observation sites (or nodes) that have been deployed in strategic locations in European seas, from the Arctic to the Atlantic, from the Mediterranean to the Black Sea. There are currently eleven deep water nodes plus four shallow water test nodes. EMSO Western Ligurian is one of these permanent underwater observatories located in the Ligurian Sea and is deployed off Toulon, France. This region was chosen for its particular scientific interests such as: seismicity, topography, turbidity, biodiversity, water mass dynamics and organic matter flow. This underwater observation network is also part of KM3NeT (https://www.km3net.org/) which has a modular topology designed to connect up to 120 neutrino detection units. Earth and Sea Science (ESS) instrumentation connected to KM3NeT is based on two complementary components: an instrumented interface module (MII) and an autonomous instrumented line (ALBATROSS). The ALBATROSS line is an inductive line (2000 m) composed of an acoustic communication system, two inductive cables equipped with Conductivity, Temperature, Depth (CTD)-O2 sensors, current meters and two instrumented buoys. This line is deployed at a distance of 2-3 kilometers from the MII, and communication on land is done by an acoustic link with the MII, and electro-optical cable via the KM3NeT node."
Emso_Western_Ligurian_Albatross_Microcat_NetCDF_2021,public,MIO UMR 7294 CNRS / OSU Pytheas,table,TimeSeries,EDDTableFromErddap,"EMSO Western Ligurian : Albatross mooring, MICROCAT sensor (NetCDF files 2021-07 to 2023-05)",6.0312,6.0312,,42.79,42.79,,,,2000-01-01T00:00:00Z,2023-05-16T23:00:13Z,,,https://erddap.emso.eu/erddap/tabledap/Emso_Western_Ligurian_Albatross_Microcat_NetCDF_2021.subset,https://erddap.emso.eu/erddap/tabledap/Emso_Western_Ligurian_Albatross_Microcat_NetCDF_2021,https://erddap.emso.eu/erddap/tabledap/Emso_Western_Ligurian_Albatross_Microcat_NetCDF_2021.graph,,,,,https://erddap.emso.eu/erddap/metadata/fgdc/xml/Emso_Western_Ligurian_Albatross_Microcat_NetCDF_2021_fgdc.xml,https://erddap.emso.eu/erddap/metadata/iso19115/xml/Emso_Western_Ligurian_Albatross_Microcat_NetCDF_2021_iso19115.xml,https://erddap.emso.eu/erddap/info/Emso_Western_Ligurian_Albatross_Microcat_NetCDF_2021/index,(local files),http://www.emso-fr.org/EMSO-France,https://erddap.emso.eu/erddap/rss/Emso_Western_Ligurian_Albatross_Microcat_NetCDF_2021.rss,https://erddap.emso.eu/erddap/subscriptions/add.html?datasetID=Emso_Western_Ligurian_Albatross_Microcat_NetCDF_2021&showErrors=false&email=,,,"The European Multidisciplinary Seafloor and water column Observatory (EMSO) is a research infrastructure distributed throughout Europe for seabed and water column observatories. It aims to further explore the oceans, better understand the phenomena that occur on the seabed, and elucidate the critical role that these phenomena play in global Earth systems. This observatory is based on observation sites (or nodes) that have been deployed in strategic locations in European seas, from the Arctic to the Atlantic, from the Mediterranean to the Black Sea. There are currently eleven deep water nodes plus four shallow water test nodes. EMSO Western Ligurian is one of these permanent underwater observatories located in the Ligurian Sea and is deployed off Toulon, France. This region was chosen for its particular scientific interests such as: seismicity, topography, turbidity, biodiversity, water mass dynamics and organic matter flow. This underwater observation network is also part of KM3NeT (https://www.km3net.org/) which has a modular topology designed to connect up to 120 neutrino detection units. Earth and Sea Science (ESS) instrumentation connected to KM3NeT is based on two complementary components: an instrumented interface module (MII) and an autonomous instrumented line (ALBATROSS). The ALBATROSS line is an inductive line (2000 m) composed of an acoustic communication system, two inductive cables equipped with Conductivity, Temperature, Depth (CTD)-O2 sensors, current meters and two instrumented buoys. This line is deployed at a distance of 2-3 kilometers from the MII, and communication on land is done by an acoustic link with the MII, and electro-optical cable via the KM3NeT node"
Emso_Western_Ligurian_Albatross_Microcat_NetCDF_2024,public,MIO UMR 7294 CNRS / OSU Pytheas,table,TimeSeries,EDDTableFromErddap,"EMSO Western Ligurian : Albatross mooring, MICROCAT sensor (NetCDF files from 2024-03)",6.1019,6.1019,,42.9611,42.9611,,,,2024-03-28T00:00:01Z,2024-12-06T23:01:12Z,,,https://erddap.emso.eu/erddap/tabledap/Emso_Western_Ligurian_Albatross_Microcat_NetCDF_2024.subset,https://erddap.emso.eu/erddap/tabledap/Emso_Western_Ligurian_Albatross_Microcat_NetCDF_2024,https://erddap.emso.eu/erddap/tabledap/Emso_Western_Ligurian_Albatross_Microcat_NetCDF_2024.graph,,,,,https://erddap.emso.eu/erddap/metadata/fgdc/xml/Emso_Western_Ligurian_Albatross_Microcat_NetCDF_2024_fgdc.xml,https://erddap.emso.eu/erddap/metadata/iso19115/xml/Emso_Western_Ligurian_Albatross_Microcat_NetCDF_2024_iso19115.xml,https://erddap.emso.eu/erddap/info/Emso_Western_Ligurian_Albatross_Microcat_NetCDF_2024/index,(local files),http://www.emso-fr.org/EMSO-France,https://erddap.emso.eu/erddap/rss/Emso_Western_Ligurian_Albatross_Microcat_NetCDF_2024.rss,https://erddap.emso.eu/erddap/subscriptions/add.html?datasetID=Emso_Western_Ligurian_Albatross_Microcat_NetCDF_2024&showErrors=false&email=,now-1day,298.30795,"The European Multidisciplinary Seafloor and water column Observatory (EMSO) is a research infrastructure distributed throughout Europe for seabed and water column observatories. It aims to further explore the oceans, better understand the phenomena that occur on the seabed, and elucidate the critical role that these phenomena play in global Earth systems. This observatory is based on observation sites (or nodes) that have been deployed in strategic locations in European seas, from the Arctic to the Atlantic, from the Mediterranean to the Black Sea. There are currently eleven deep water nodes plus four shallow water test nodes. EMSO Western Ligurian is one of these permanent underwater observatories located in the Ligurian Sea and is deployed off Toulon, France. This region was chosen for its particular scientific interests such as: seismicity, topography, turbidity, biodiversity, water mass dynamics and organic matter flow. This underwater observation network is also part of KM3NeT (https://www.km3net.org/) which has a modular topology designed to connect up to 120 neutrino detection units. Earth and Sea Science (ESS) instrumentation connected to KM3NeT is based on two complementary components: an instrumented interface module (MII) and an autonomous instrumented line (ALBATROSS). The ALBATROSS line is an inductive line (2000 m) composed of an acoustic communication system, two inductive cables equipped with Conductivity, Temperature, Depth (CTD)-O2 sensors, current meters and two instrumented buoys. This line is deployed at a distance of 2-3 kilometers from the MII, and communication on land is done by an acoustic link with the MII, and electro-optical cable via the KM3NeT node"
Emso_Western_Ligurian_MII_Aquadopp_NetCDF_2017,public,MIO UMR 7294 CNRS / OSU Pytheas,table,TimeSeries,EDDTableFromErddap,"EMSO Western Ligurian : MII, AQUADOPP sensor (NetCDF files from 2017-09)",6.029,6.029,,42.805,42.805,,,,2019-05-23T19:10:40Z,2025-06-30T22:22:03Z,,,https://erddap.emso.eu/erddap/tabledap/Emso_Western_Ligurian_MII_Aquadopp_NetCDF_2017.subset,https://erddap.emso.eu/erddap/tabledap/Emso_Western_Ligurian_MII_Aquadopp_NetCDF_2017,https://erddap.emso.eu/erddap/tabledap/Emso_Western_Ligurian_MII_Aquadopp_NetCDF_2017.graph,,,,,https://erddap.emso.eu/erddap/metadata/fgdc/xml/Emso_Western_Ligurian_MII_Aquadopp_NetCDF_2017_fgdc.xml,https://erddap.emso.eu/erddap/metadata/iso19115/xml/Emso_Western_Ligurian_MII_Aquadopp_NetCDF_2017_iso19115.xml,https://erddap.emso.eu/erddap/info/Emso_Western_Ligurian_MII_Aquadopp_NetCDF_2017/index,(local files),http://www.emso-fr.org/EMSO-France,https://erddap.emso.eu/erddap/rss/Emso_Western_Ligurian_MII_Aquadopp_NetCDF_2017.rss,https://erddap.emso.eu/erddap/subscriptions/add.html?datasetID=Emso_Western_Ligurian_MII_Aquadopp_NetCDF_2017&showErrors=false&email=,now-1day,92.334496,"The European Multidisciplinary Seafloor and water column Observatory (EMSO) is a research infrastructure distributed throughout Europe for seabed and water column observatories. It aims to further explore the oceans, better understand the phenomena that occur on the seabed, and elucidate the critical role that these phenomena play in global Earth systems. This observatory is based on observation sites (or nodes) that have been deployed in strategic locations in European seas, from the Arctic to the Atlantic, from the Mediterranean to the Black Sea. There are currently eleven deep water nodes plus four shallow water test nodes. EMSO Western Ligurian is one of these permanent underwater observatories located in the Ligurian Sea and is deployed off Toulon, France. This region was chosen for its particular scientific interests such as: seismicity, topography, turbidity, biodiversity, water mass dynamics and organic matter flow. This underwater observation network is also part of KM3NeT (https://www.km3net.org/) which has a modular topology designed to connect up to 120 neutrino detection units. Earth and Sea Science (ESS) instrumentation connected to KM3NeT is based on two complementary components: an instrumented interface module (MII) and an autonomous instrumented line (ALBATROSS). The ALBATROSS line is an inductive line (2000 m) composed of an acoustic communication system, two inductive cables equipped with Conductivity, Temperature, Depth (CTD)-O2 sensors, current meters and two instrumented buoys. This line is deployed at a distance of 2-3 kilometers from the MII, and communication on land is done by an acoustic link with the MII, and electro-optical cable via the KM3NeT node."
Emso_Western_Ligurian_MII_Cstar_NetCDF_2017,public,MIO UMR 7294 CNRS / OSU Pytheas,table,TimeSeries,EDDTableFromErddap,"EMSO Western Ligurian : MII, CSTAR sensor (NetCDF files from 2017-09)",6.029,6.029,,42.805,42.805,,,,2017-09-26T00:00:02Z,2025-07-06T23:59:44Z,,,https://erddap.emso.eu/erddap/tabledap/Emso_Western_Ligurian_MII_Cstar_NetCDF_2017.subset,https://erddap.emso.eu/erddap/tabledap/Emso_Western_Ligurian_MII_Cstar_NetCDF_2017,https://erddap.emso.eu/erddap/tabledap/Emso_Western_Ligurian_MII_Cstar_NetCDF_2017.graph,,,,,https://erddap.emso.eu/erddap/metadata/fgdc/xml/Emso_Western_Ligurian_MII_Cstar_NetCDF_2017_fgdc.xml,https://erddap.emso.eu/erddap/metadata/iso19115/xml/Emso_Western_Ligurian_MII_Cstar_NetCDF_2017_iso19115.xml,https://erddap.emso.eu/erddap/info/Emso_Western_Ligurian_MII_Cstar_NetCDF_2017/index,(local files),http://www.emso-fr.org/EMSO-France,https://erddap.emso.eu/erddap/rss/Emso_Western_Ligurian_MII_Cstar_NetCDF_2017.rss,https://erddap.emso.eu/erddap/subscriptions/add.html?datasetID=Emso_Western_Ligurian_MII_Cstar_NetCDF_2017&showErrors=false&email=,now-1day,86.26665,"The European Multidisciplinary Seafloor and water column Observatory (EMSO) is a research infrastructure distributed throughout Europe for seabed and water column observatories. It aims to further explore the oceans, better understand the phenomena that occur on the seabed, and elucidate the critical role that these phenomena play in global Earth systems. This observatory is based on observation sites (or nodes) that have been deployed in strategic locations in European seas, from the Arctic to the Atlantic, from the Mediterranean to the Black Sea. There are currently eleven deep water nodes plus four shallow water test nodes. EMSO Western Ligurian is one of these permanent underwater observatories located in the Ligurian Sea and is deployed off Toulon, France. This region was chosen for its particular scientific interests such as: seismicity, topography, turbidity, biodiversity, water mass dynamics and organic matter flow. This underwater observation network is also part of KM3NeT (https://www.km3net.org/) which has a modular topology designed to connect up to 120 neutrino detection units. Earth and Sea Science (ESS) instrumentation connected to KM3NeT is based on two complementary components: an instrumented interface module (MII) and an autonomous instrumented line (ALBATROSS). The ALBATROSS line is an inductive line (2000 m) composed of an acoustic communication system, two inductive cables equipped with Conductivity, Temperature, Depth (CTD)-O2 sensors, current meters and two instrumented buoys. This line is deployed at a distance of 2-3 kilometers from the MII, and communication on land is done by an acoustic link with the MII, and electro-optical cable via the KM3NeT node."
Emso_Western_Ligurian_MII_Microcat_NetCDF_2017,public,MIO UMR 7294 CNRS / OSU Pytheas,table,TimeSeries,EDDTableFromErddap,"EMSO Western Ligurian : MII, MICROCAT sensor (NetCDF files from 2017-09)",6.029,6.029,,42.805,42.805,,,,2017-09-29T16:42:28Z,2025-07-06T23:58:43Z,,,https://erddap.emso.eu/erddap/tabledap/Emso_Western_Ligurian_MII_Microcat_NetCDF_2017.subset,https://erddap.emso.eu/erddap/tabledap/Emso_Western_Ligurian_MII_Microcat_NetCDF_2017,https://erddap.emso.eu/erddap/tabledap/Emso_Western_Ligurian_MII_Microcat_NetCDF_2017.graph,,,,,https://erddap.emso.eu/erddap/metadata/fgdc/xml/Emso_Western_Ligurian_MII_Microcat_NetCDF_2017_fgdc.xml,https://erddap.emso.eu/erddap/metadata/iso19115/xml/Emso_Western_Ligurian_MII_Microcat_NetCDF_2017_iso19115.xml,https://erddap.emso.eu/erddap/info/Emso_Western_Ligurian_MII_Microcat_NetCDF_2017/index,(local files),http://www.emso-fr.org/EMSO-France,https://erddap.emso.eu/erddap/rss/Emso_Western_Ligurian_MII_Microcat_NetCDF_2017.rss,https://erddap.emso.eu/erddap/subscriptions/add.html?datasetID=Emso_Western_Ligurian_MII_Microcat_NetCDF_2017&showErrors=false&email=,now-1day,86.26735,"The European Multidisciplinary Seafloor and water column Observatory (EMSO) is a research infrastructure distributed throughout Europe for seabed and water column observatories. It aims to further explore the oceans, better understand the phenomena that occur on the seabed, and elucidate the critical role that these phenomena play in global Earth systems. This observatory is based on observation sites (or nodes) that have been deployed in strategic locations in European seas, from the Arctic to the Atlantic, from the Mediterranean to the Black Sea. There are currently eleven deep water nodes plus four shallow water test nodes. EMSO Western Ligurian is one of these permanent underwater observatories located in the Ligurian Sea and is deployed off Toulon, France. This region was chosen for its particular scientific interests such as: seismicity, topography, turbidity, biodiversity, water mass dynamics and organic matter flow. This underwater observation network is also part of KM3NeT (https://www.km3net.org/) which has a modular topology designed to connect up to 120 neutrino detection units. Earth and Sea Science (ESS) instrumentation connected to KM3NeT is based on two complementary components: an instrumented interface module (MII) and an autonomous instrumented line (ALBATROSS). The ALBATROSS line is an inductive line (2000 m) composed of an acoustic communication system, two inductive cables equipped with Conductivity, Temperature, Depth (CTD)-O2 sensors, current meters and two instrumented buoys. This line is deployed at a distance of 2-3 kilometers from the MII, and communication on land is done by an acoustic link with the MII, and electro-optical cable via the KM3NeT node."
Emso_Western_Ligurian_MII_Oxygen_NetCDF_2017,public,MIO UMR 7294 CNRS / OSU Pytheas,table,TimeSeries,EDDTableFromErddap,"EMSO Western Ligurian : MII, OXYGEN sensor (NetCDF files from 2017-09)",6.029,6.029,,42.805,42.805,,,,2017-09-29T12:44:01Z,2019-07-29T21:50:03Z,,,https://erddap.emso.eu/erddap/tabledap/Emso_Western_Ligurian_MII_Oxygen_NetCDF_2017.subset,https://erddap.emso.eu/erddap/tabledap/Emso_Western_Ligurian_MII_Oxygen_NetCDF_2017,https://erddap.emso.eu/erddap/tabledap/Emso_Western_Ligurian_MII_Oxygen_NetCDF_2017.graph,,,,,https://erddap.emso.eu/erddap/metadata/fgdc/xml/Emso_Western_Ligurian_MII_Oxygen_NetCDF_2017_fgdc.xml,https://erddap.emso.eu/erddap/metadata/iso19115/xml/Emso_Western_Ligurian_MII_Oxygen_NetCDF_2017_iso19115.xml,https://erddap.emso.eu/erddap/info/Emso_Western_Ligurian_MII_Oxygen_NetCDF_2017/index,(local files),http://www.emso-fr.org/EMSO-France,https://erddap.emso.eu/erddap/rss/Emso_Western_Ligurian_MII_Oxygen_NetCDF_2017.rss,https://erddap.emso.eu/erddap/subscriptions/add.html?datasetID=Emso_Western_Ligurian_MII_Oxygen_NetCDF_2017&showErrors=false&email=,,,"The European Multidisciplinary Seafloor and water column Observatory (EMSO) is a research infrastructure distributed throughout Europe for seabed and water column observatories. It aims to further explore the oceans, better understand the phenomena that occur on the seabed, and elucidate the critical role that these phenomena play in global Earth systems. This observatory is based on observation sites (or nodes) that have been deployed in strategic locations in European seas, from the Arctic to the Atlantic, from the Mediterranean to the Black Sea. There are currently eleven deep water nodes plus four shallow water test nodes. EMSO Western Ligurian is one of these permanent underwater observatories located in the Ligurian Sea and is deployed off Toulon, France. This region was chosen for its particular scientific interests such as: seismicity, topography, turbidity, biodiversity, water mass dynamics and organic matter flow. This underwater observation network is also part of KM3NeT (https://www.km3net.org/) which has a modular topology designed to connect up to 120 neutrino detection units. Earth and Sea Science (ESS) instrumentation connected to KM3NeT is based on two complementary components: an instrumented interface module (MII) and an autonomous instrumented line (ALBATROSS). The ALBATROSS line is an inductive line (2000 m) composed of an acoustic communication system, two inductive cables equipped with Conductivity, Temperature, Depth (CTD)-O2 sensors, current meters and two instrumented buoys. This line is deployed at a distance of 2-3 kilometers from the MII, and communication on land is done by an acoustic link with the MII, and electro-optical cable via the KM3NeT node."
EMSO-AZORES_SBE53_East_2016_2017,public,LIENSs IPGP Ifremer,table,TimeSeries,EDDTableFromErddap,"EMSO-Azores : Seafloor pressure data from two SBE53 pressure gauges, 2016-2017",-32.08088,-32.08088,,37.2831,37.2831,,-1984.0,-1984.0,2016-08-30T20:02:00Z,2017-07-24T09:43:05Z,,,https://erddap.emso.eu/erddap/tabledap/EMSO-AZORES_SBE53_East_2016_2017.subset,https://erddap.emso.eu/erddap/tabledap/EMSO-AZORES_SBE53_East_2016_2017,https://erddap.emso.eu/erddap/tabledap/EMSO-AZORES_SBE53_East_2016_2017.graph,,,,,https://erddap.emso.eu/erddap/metadata/fgdc/xml/EMSO-AZORES_SBE53_East_2016_2017_fgdc.xml,https://erddap.emso.eu/erddap/metadata/iso19115/xml/EMSO-AZORES_SBE53_East_2016_2017_iso19115.xml,https://erddap.emso.eu/erddap/info/EMSO-AZORES_SBE53_East_2016_2017/index,(local files),https://wwz.ifremer.fr/,https://erddap.emso.eu/erddap/rss/EMSO-AZORES_SBE53_East_2016_2017.rss,https://erddap.emso.eu/erddap/subscriptions/add.html?datasetID=EMSO-AZORES_SBE53_East_2016_2017&showErrors=false&email=,,,"This dataset contains seafloor pressure data acquired in the framework of EMSO-Azores observatory between September 2016 and July 2017 using a SBE53 pressure gauges deployed on two sites.\nWest site : The sensor was deployed on an existing benchmark installed with the submersible Nautile in August 2006 during the GRAVILUCK cruise (https://doi.org/10.17600/6010110). The benchmark sits on hard substratum with light hydrothermal sedimentation, on the North-West border of the Lucky Strike lava lake, next to a hydrothermal site.\nEast site : The sensor was deployed on an existing benchmark installed by freefall in July 2007 during the MOMARDREAM cruise (https://doi.org/10.17600/7030060). The benchmark sits in the axial valley, East of the LuckyStrike volcano in a lightly sedimented area, with apparent pillow lavas."
EMSO-AZORES_SBE53_West_2016_2017,public,LIENSs IPGP Ifremer,table,TimeSeries,EDDTableFromErddap,"EMSO-Azores : Seafloor pressure data from two SBE53 pressure gauges, 2016-2017",-32.28142,-32.28142,,37.29265,37.29265,,-1729.0,-1729.0,2016-09-03T20:02:00Z,2017-07-23T15:22:29Z,,,https://erddap.emso.eu/erddap/tabledap/EMSO-AZORES_SBE53_West_2016_2017.subset,https://erddap.emso.eu/erddap/tabledap/EMSO-AZORES_SBE53_West_2016_2017,https://erddap.emso.eu/erddap/tabledap/EMSO-AZORES_SBE53_West_2016_2017.graph,,,,,https://erddap.emso.eu/erddap/metadata/fgdc/xml/EMSO-AZORES_SBE53_West_2016_2017_fgdc.xml,https://erddap.emso.eu/erddap/metadata/iso19115/xml/EMSO-AZORES_SBE53_West_2016_2017_iso19115.xml,https://erddap.emso.eu/erddap/info/EMSO-AZORES_SBE53_West_2016_2017/index,(local files),https://wwz.ifremer.fr/,https://erddap.emso.eu/erddap/rss/EMSO-AZORES_SBE53_West_2016_2017.rss,https://erddap.emso.eu/erddap/subscriptions/add.html?datasetID=EMSO-AZORES_SBE53_West_2016_2017&showErrors=false&email=,,,"This dataset contains seafloor pressure data acquired in the framework of EMSO-Azores observatory between September 2016 and July 2017 using a SBE53 pressure gauges deployed on two sites.\nWest site : The sensor was deployed on an existing benchmark installed with the submersible Nautile in August 2006 during the GRAVILUCK cruise (https://doi.org/10.17600/6010110). The benchmark sits on hard substratum with light hydrothermal sedimentation, on the North-West border of the Lucky Strike lava lake, next to a hydrothermal site.\nEast site : The sensor was deployed on an existing benchmark installed by freefall in July 2007 during the MOMARDREAM cruise (https://doi.org/10.17600/7030060). The benchmark sits in the axial valley, East of the LuckyStrike volcano in a lightly sedimented area, with apparent pillow lavas."
EMSO-AZORES_SBE53_East_2018_2019,public,LIENSs IPGP Ifremer,table,TimeSeries,EDDTableFromErddap,"EMSO-Azores : Seafloor pressure data from two SBE53 pressure gauges, 2018-2019",-32.08088,-32.08088,,37.2831,37.2831,,-1984.0,-1984.0,2018-08-14T13:58:08Z,2019-06-19T20:59:02Z,,,https://erddap.emso.eu/erddap/tabledap/EMSO-AZORES_SBE53_East_2018_2019.subset,https://erddap.emso.eu/erddap/tabledap/EMSO-AZORES_SBE53_East_2018_2019,https://erddap.emso.eu/erddap/tabledap/EMSO-AZORES_SBE53_East_2018_2019.graph,,,,,https://erddap.emso.eu/erddap/metadata/fgdc/xml/EMSO-AZORES_SBE53_East_2018_2019_fgdc.xml,https://erddap.emso.eu/erddap/metadata/iso19115/xml/EMSO-AZORES_SBE53_East_2018_2019_iso19115.xml,https://erddap.emso.eu/erddap/info/EMSO-AZORES_SBE53_East_2018_2019/index,(local files),https://wwz.ifremer.fr/,https://erddap.emso.eu/erddap/rss/EMSO-AZORES_SBE53_East_2018_2019.rss,https://erddap.emso.eu/erddap/subscriptions/add.html?datasetID=EMSO-AZORES_SBE53_East_2018_2019&showErrors=false&email=,,,"This dataset contains seafloor pressure data acquired in the framework of EMSO-Azores observatory between August 2018 and June 2019 using a SBE53 pressure gauges deployed on two sites.\nWest site : The sensor was deployed on an existing benchmark installed with the submersible Nautile in August 2006 during the GRAVILUCK cruise (https://doi.org/10.17600/6010110). The benchmark sits on hard substratum with light hydrothermal sedimentation, on the North-West border of the Lucky Strike lava lake, next to a hydrothermal site.\nEast site : The sensor was deployed on an existing benchmark installed by freefall in July 2007 during the MOMARDREAM cruise (https://doi.org/10.17600/7030060). The benchmark sits in the axial valley, East of the LuckyStrike volcano in a lightly sedimented area, with apparent pillow lavas."
EMSO-AZORES_SBE53_West_2018_2019,public,LIENSs IPGP Ifremer,table,TimeSeries,EDDTableFromErddap,"EMSO-Azores : Seafloor pressure data from two SBE53 pressure gauges, 2018-2019",-32.28142,-32.28142,,37.29265,37.29265,,-1729.0,-1729.0,2018-08-14T00:01:42Z,2019-06-01T06:25:42Z,,,https://erddap.emso.eu/erddap/tabledap/EMSO-AZORES_SBE53_West_2018_2019.subset,https://erddap.emso.eu/erddap/tabledap/EMSO-AZORES_SBE53_West_2018_2019,https://erddap.emso.eu/erddap/tabledap/EMSO-AZORES_SBE53_West_2018_2019.graph,,,,,https://erddap.emso.eu/erddap/metadata/fgdc/xml/EMSO-AZORES_SBE53_West_2018_2019_fgdc.xml,https://erddap.emso.eu/erddap/metadata/iso19115/xml/EMSO-AZORES_SBE53_West_2018_2019_iso19115.xml,https://erddap.emso.eu/erddap/info/EMSO-AZORES_SBE53_West_2018_2019/index,(local files),https://wwz.ifremer.fr/,https://erddap.emso.eu/erddap/rss/EMSO-AZORES_SBE53_West_2018_2019.rss,https://erddap.emso.eu/erddap/subscriptions/add.html?datasetID=EMSO-AZORES_SBE53_West_2018_2019&showErrors=false&email=,,,"This dataset contains seafloor pressure data acquired in the framework of EMSO-Azores observatory between August 2018 and June 2019 using a SBE53 pressure gauges deployed on two sites.\nWest site : The sensor was deployed on an existing benchmark installed with the submersible Nautile in August 2006 during the GRAVILUCK cruise (https://doi.org/10.17600/6010110). The benchmark sits on hard substratum with light hydrothermal sedimentation, on the North-West border of the Lucky Strike lava lake, next to a hydrothermal site.\nEast site : The sensor was deployed on an existing benchmark installed by freefall in July 2007 during the MOMARDREAM cruise (https://doi.org/10.17600/7030060). The benchmark sits in the axial valley, East of the LuckyStrike volcano in a lightly sedimented area, with apparent pillow lavas."
EMSO-AZORES_SBE53_East_2019_2020,public,LIENSs IPGP Ifremer,table,TimeSeries,EDDTableFromErddap,"EMSO-Azores : Seafloor pressure data from two SBE53 pressure gauges, 2019-2020",-32.08088,-32.08088,,37.2831,37.2831,,-1984.0,-1984.0,2019-06-17T16:42:23Z,2020-09-19T14:28:23Z,,,https://erddap.emso.eu/erddap/tabledap/EMSO-AZORES_SBE53_East_2019_2020.subset,https://erddap.emso.eu/erddap/tabledap/EMSO-AZORES_SBE53_East_2019_2020,https://erddap.emso.eu/erddap/tabledap/EMSO-AZORES_SBE53_East_2019_2020.graph,,,,,https://erddap.emso.eu/erddap/metadata/fgdc/xml/EMSO-AZORES_SBE53_East_2019_2020_fgdc.xml,https://erddap.emso.eu/erddap/metadata/iso19115/xml/EMSO-AZORES_SBE53_East_2019_2020_iso19115.xml,https://erddap.emso.eu/erddap/info/EMSO-AZORES_SBE53_East_2019_2020/index,(local files),https://wwz.ifremer.fr/,https://erddap.emso.eu/erddap/rss/EMSO-AZORES_SBE53_East_2019_2020.rss,https://erddap.emso.eu/erddap/subscriptions/add.html?datasetID=EMSO-AZORES_SBE53_East_2019_2020&showErrors=false&email=,,,"This dataset contains seafloor pressure data acquired in the framework of EMSO-Azores observatory between June 2019 and September 2020 using SBE53 pressure gauges deployed on two sites.\nWest site : The sensor was deployed on an existing benchmark installed with the submersible Nautile in August 2006 during the GRAVILUCK cruise (https://doi.org/10.17600/6010110). The benchmark sits on hard substratum with light hydrothermal sedimentation, on the North-West border of the Lucky Strike lava lake, next to a hydrothermal site.\nEast site : The sensor was deployed on an existing benchmark installed by freefall in July 2007 during the MOMARDREAM cruise (https://doi.org/10.17600/7030060). The benchmark sits in the axial valley, East of the LuckyStrike volcano in a lightly sedimented area, with apparent pillow lavas."
EMSO-AZORES_SBE53_West_2019_2020,public,LIENSs IPGP Ifremer,table,TimeSeries,EDDTableFromErddap,"EMSO-Azores : Seafloor pressure data from two SBE53 pressure gauges, 2019-2020",-32.28142,-32.28142,,37.29265,37.29265,,-1729.0,-1729.0,2019-06-20T10:32:09Z,2020-09-16T15:08:09Z,,,https://erddap.emso.eu/erddap/tabledap/EMSO-AZORES_SBE53_West_2019_2020.subset,https://erddap.emso.eu/erddap/tabledap/EMSO-AZORES_SBE53_West_2019_2020,https://erddap.emso.eu/erddap/tabledap/EMSO-AZORES_SBE53_West_2019_2020.graph,,,,,https://erddap.emso.eu/erddap/metadata/fgdc/xml/EMSO-AZORES_SBE53_West_2019_2020_fgdc.xml,https://erddap.emso.eu/erddap/metadata/iso19115/xml/EMSO-AZORES_SBE53_West_2019_2020_iso19115.xml,https://erddap.emso.eu/erddap/info/EMSO-AZORES_SBE53_West_2019_2020/index,(local files),https://wwz.ifremer.fr/,https://erddap.emso.eu/erddap/rss/EMSO-AZORES_SBE53_West_2019_2020.rss,https://erddap.emso.eu/erddap/subscriptions/add.html?datasetID=EMSO-AZORES_SBE53_West_2019_2020&showErrors=false&email=,,,"This dataset contains seafloor pressure data acquired in the framework of EMSO-Azores observatory between June 2019 and September 2020 using SBE53 pressure gauges deployed on two sites.\nWest site : The sensor was deployed on an existing benchmark installed with the submersible Nautile in August 2006 during the GRAVILUCK cruise (https://doi.org/10.17600/6010110). The benchmark sits on hard substratum with light hydrothermal sedimentation, on the North-West border of the Lucky Strike lava lake, next to a hydrothermal site.\nEast site : The sensor was deployed on an existing benchmark installed by freefall in July 2007 during the MOMARDREAM cruise (https://doi.org/10.17600/7030060). The benchmark sits in the axial valley, East of the LuckyStrike volcano in a lightly sedimented area, with apparent pillow lavas."
EMSO-AZORES_Borel_Meteo-Unit-1_2010-2011,public,Ifremer IPGP,table,TimeSeries,EDDTableFromErddap,"EMSO-Azores, BOREL : Meteorological unit 1 data, 2010-2011",-32.275,-32.275,,37.289,37.289,,2.0,2.0,2011-07-04T18:32:08Z,2011-07-09T18:47:28Z,,,https://erddap.emso.eu/erddap/tabledap/EMSO-AZORES_Borel_Meteo-Unit-1_2010-2011.subset,https://erddap.emso.eu/erddap/tabledap/EMSO-AZORES_Borel_Meteo-Unit-1_2010-2011,https://erddap.emso.eu/erddap/tabledap/EMSO-AZORES_Borel_Meteo-Unit-1_2010-2011.graph,,,,,https://erddap.emso.eu/erddap/metadata/fgdc/xml/EMSO-AZORES_Borel_Meteo-Unit-1_2010-2011_fgdc.xml,https://erddap.emso.eu/erddap/metadata/iso19115/xml/EMSO-AZORES_Borel_Meteo-Unit-1_2010-2011_iso19115.xml,https://erddap.emso.eu/erddap/info/EMSO-AZORES_Borel_Meteo-Unit-1_2010-2011/index,(local files),https://wwz.ifremer.fr/,https://erddap.emso.eu/erddap/rss/EMSO-AZORES_Borel_Meteo-Unit-1_2010-2011.rss,https://erddap.emso.eu/erddap/subscriptions/add.html?datasetID=EMSO-AZORES_Borel_Meteo-Unit-1_2010-2011&showErrors=false&email=,,,"This dataset contains the meteorological parameters (mean wind speed, temperature in \u00b0C and atmospheric pressure in hPa) acquired in july 2011 using the Furuno Rowind+, mounted at the top of BOREL superstructure (data acquired every 6 hours)."
EMSO-AZORES_Borel_Meteo-Unit-1_2011-2012,public,Ifremer IPGP,table,TimeSeries,EDDTableFromErddap,"EMSO-Azores, BOREL : Meteorological unit 1 data, 2011-2012",-32.275,-32.275,,37.289,37.289,,2.0,2.0,2011-07-10T00:32:28Z,2012-07-22T18:47:08Z,,,https://erddap.emso.eu/erddap/tabledap/EMSO-AZORES_Borel_Meteo-Unit-1_2011-2012.subset,https://erddap.emso.eu/erddap/tabledap/EMSO-AZORES_Borel_Meteo-Unit-1_2011-2012,https://erddap.emso.eu/erddap/tabledap/EMSO-AZORES_Borel_Meteo-Unit-1_2011-2012.graph,,,,,https://erddap.emso.eu/erddap/metadata/fgdc/xml/EMSO-AZORES_Borel_Meteo-Unit-1_2011-2012_fgdc.xml,https://erddap.emso.eu/erddap/metadata/iso19115/xml/EMSO-AZORES_Borel_Meteo-Unit-1_2011-2012_iso19115.xml,https://erddap.emso.eu/erddap/info/EMSO-AZORES_Borel_Meteo-Unit-1_2011-2012/index,(local files),https://wwz.ifremer.fr/,https://erddap.emso.eu/erddap/rss/EMSO-AZORES_Borel_Meteo-Unit-1_2011-2012.rss,https://erddap.emso.eu/erddap/subscriptions/add.html?datasetID=EMSO-AZORES_Borel_Meteo-Unit-1_2011-2012&showErrors=false&email=,,,"This dataset contains the meteorological parameters (mean wind speed, temperature in \u00b0C and atmospheric pressure in mbar) acquired between July 2011 and July 2012 (n=2826) using the Furuno Rowind+, mounted at the top of BOREL superstructure (data acquired every 6 hours)."
EMSO-AZORES_Borel_Meteo-Unit-1_2012-2013,public,Ifremer IPGP,table,TimeSeries,EDDTableFromErddap,"EMSO-Azores, BOREL : Meteorological unit 1 data, 2012-2013",-32.275,-32.275,,37.289,37.289,,2.0,2.0,2012-07-23T00:32:28Z,2013-08-25T12:47:08Z,,,https://erddap.emso.eu/erddap/tabledap/EMSO-AZORES_Borel_Meteo-Unit-1_2012-2013.subset,https://erddap.emso.eu/erddap/tabledap/EMSO-AZORES_Borel_Meteo-Unit-1_2012-2013,https://erddap.emso.eu/erddap/tabledap/EMSO-AZORES_Borel_Meteo-Unit-1_2012-2013.graph,,,,,https://erddap.emso.eu/erddap/metadata/fgdc/xml/EMSO-AZORES_Borel_Meteo-Unit-1_2012-2013_fgdc.xml,https://erddap.emso.eu/erddap/metadata/iso19115/xml/EMSO-AZORES_Borel_Meteo-Unit-1_2012-2013_iso19115.xml,https://erddap.emso.eu/erddap/info/EMSO-AZORES_Borel_Meteo-Unit-1_2012-2013/index,(local files),https://wwz.ifremer.fr/,https://erddap.emso.eu/erddap/rss/EMSO-AZORES_Borel_Meteo-Unit-1_2012-2013.rss,https://erddap.emso.eu/erddap/subscriptions/add.html?datasetID=EMSO-AZORES_Borel_Meteo-Unit-1_2012-2013&showErrors=false&email=,,,"This dataset contains the meteorological parameters (mean wind speed, temperature in \u00b0C and atmospheric pressure in mbar) acquired between July 2012 and August 2013 (n=1880) using the Furuno Rowind+, mounted at the top of BOREL superstructure (data acquired every 6 hours)."
EMSO-AZORES_Borel_Meteo-Unit-1_2013-2014,public,Ifremer IPGP,table,TimeSeries,EDDTableFromErddap,"EMSO-Azores, BOREL : Meteorological unit 1 data, 2013-2014",-32.275,-32.275,,37.289,37.289,,2.0,2.0,2013-08-27T12:32:08Z,2014-07-16T06:48:56Z,,,https://erddap.emso.eu/erddap/tabledap/EMSO-AZORES_Borel_Meteo-Unit-1_2013-2014.subset,https://erddap.emso.eu/erddap/tabledap/EMSO-AZORES_Borel_Meteo-Unit-1_2013-2014,https://erddap.emso.eu/erddap/tabledap/EMSO-AZORES_Borel_Meteo-Unit-1_2013-2014.graph,,,,,https://erddap.emso.eu/erddap/metadata/fgdc/xml/EMSO-AZORES_Borel_Meteo-Unit-1_2013-2014_fgdc.xml,https://erddap.emso.eu/erddap/metadata/iso19115/xml/EMSO-AZORES_Borel_Meteo-Unit-1_2013-2014_iso19115.xml,https://erddap.emso.eu/erddap/info/EMSO-AZORES_Borel_Meteo-Unit-1_2013-2014/index,(local files),https://wwz.ifremer.fr/,https://erddap.emso.eu/erddap/rss/EMSO-AZORES_Borel_Meteo-Unit-1_2013-2014.rss,https://erddap.emso.eu/erddap/subscriptions/add.html?datasetID=EMSO-AZORES_Borel_Meteo-Unit-1_2013-2014&showErrors=false&email=,,,"This dataset contains the meteorological parameters (mean wind speed, temperature in \u00b0C and atmospheric pressure in mbar) acquired between August 2013 and July 2014 (n=2540) using the Furuno Rowind+, mounted at the top of BOREL superstructure (data acquired every 6 hours)."
EMSO-AZORES_Borel_Meteo-Unit-1_2014-2015,public,Ifremer IPGP,table,TimeSeries,EDDTableFromErddap,"EMSO-Azores, BOREL : Meteorological unit 1 data, 2014-2015",-32.275,-32.275,,37.289,37.289,,2.0,2.0,2014-07-20T14:05:40Z,2015-04-13T12:11:41Z,,,https://erddap.emso.eu/erddap/tabledap/EMSO-AZORES_Borel_Meteo-Unit-1_2014-2015.subset,https://erddap.emso.eu/erddap/tabledap/EMSO-AZORES_Borel_Meteo-Unit-1_2014-2015,https://erddap.emso.eu/erddap/tabledap/EMSO-AZORES_Borel_Meteo-Unit-1_2014-2015.graph,,,,,https://erddap.emso.eu/erddap/metadata/fgdc/xml/EMSO-AZORES_Borel_Meteo-Unit-1_2014-2015_fgdc.xml,https://erddap.emso.eu/erddap/metadata/iso19115/xml/EMSO-AZORES_Borel_Meteo-Unit-1_2014-2015_iso19115.xml,https://erddap.emso.eu/erddap/info/EMSO-AZORES_Borel_Meteo-Unit-1_2014-2015/index,(local files),https://wwz.ifremer.fr/,https://erddap.emso.eu/erddap/rss/EMSO-AZORES_Borel_Meteo-Unit-1_2014-2015.rss,https://erddap.emso.eu/erddap/subscriptions/add.html?datasetID=EMSO-AZORES_Borel_Meteo-Unit-1_2014-2015&showErrors=false&email=,,,"This dataset contains the meteorological parameters (mean wind speed, temperature in \u00b0C and atmospheric pressure in mbar) acquired between July 2014 and April 2015 using the Furuno Rowind+, mounted at the top of BOREL superstructure (data acquired every 6 hours)."
EMSO-AZORES_Borel_Meteo-Unit-1_2015-2016,public,Ifremer IPGP,table,TimeSeries,EDDTableFromErddap,"EMSO-Azores, BOREL : Meteorological unit 1 data, 2015-2016",-32.275,-32.275,,37.289,37.289,,2.0,2.0,2015-04-18T00:06:12Z,2016-08-29T00:11:51Z,,,https://erddap.emso.eu/erddap/tabledap/EMSO-AZORES_Borel_Meteo-Unit-1_2015-2016.subset,https://erddap.emso.eu/erddap/tabledap/EMSO-AZORES_Borel_Meteo-Unit-1_2015-2016,https://erddap.emso.eu/erddap/tabledap/EMSO-AZORES_Borel_Meteo-Unit-1_2015-2016.graph,,,,,https://erddap.emso.eu/erddap/metadata/fgdc/xml/EMSO-AZORES_Borel_Meteo-Unit-1_2015-2016_fgdc.xml,https://erddap.emso.eu/erddap/metadata/iso19115/xml/EMSO-AZORES_Borel_Meteo-Unit-1_2015-2016_iso19115.xml,https://erddap.emso.eu/erddap/info/EMSO-AZORES_Borel_Meteo-Unit-1_2015-2016/index,(local files),https://wwz.ifremer.fr/,https://erddap.emso.eu/erddap/rss/EMSO-AZORES_Borel_Meteo-Unit-1_2015-2016.rss,https://erddap.emso.eu/erddap/subscriptions/add.html?datasetID=EMSO-AZORES_Borel_Meteo-Unit-1_2015-2016&showErrors=false&email=,,,"This dataset contains the meteorological parameters (mean wind speed, temperature in \u00b0C and atmospheric pressure in mbar) acquired between April 2015 and September 2016 using the Furuno Rowind+, mounted at the top of BOREL superstructure (data acquired every 6 hours)."
EMSO-AZORES_Borel_Meteo-Unit-1_2016-2017,public,Ifremer IPGP,table,TimeSeries,EDDTableFromErddap,"EMSO-Azores, BOREL : Meteorological unit 1 data, 2016-2017",-32.275,-32.275,,37.289,37.289,,2.0,2.0,2016-09-09T18:07:10Z,2017-07-10T12:07:31Z,,,https://erddap.emso.eu/erddap/tabledap/EMSO-AZORES_Borel_Meteo-Unit-1_2016-2017.subset,https://erddap.emso.eu/erddap/tabledap/EMSO-AZORES_Borel_Meteo-Unit-1_2016-2017,https://erddap.emso.eu/erddap/tabledap/EMSO-AZORES_Borel_Meteo-Unit-1_2016-2017.graph,,,,,https://erddap.emso.eu/erddap/metadata/fgdc/xml/EMSO-AZORES_Borel_Meteo-Unit-1_2016-2017_fgdc.xml,https://erddap.emso.eu/erddap/metadata/iso19115/xml/EMSO-AZORES_Borel_Meteo-Unit-1_2016-2017_iso19115.xml,https://erddap.emso.eu/erddap/info/EMSO-AZORES_Borel_Meteo-Unit-1_2016-2017/index,(local files),https://wwz.ifremer.fr/,https://erddap.emso.eu/erddap/rss/EMSO-AZORES_Borel_Meteo-Unit-1_2016-2017.rss,https://erddap.emso.eu/erddap/subscriptions/add.html?datasetID=EMSO-AZORES_Borel_Meteo-Unit-1_2016-2017&showErrors=false&email=,,,"This dataset contains the meteorological parameters (mean wind speed, temperature in \u00b0C and atmospheric pressure in mbar) acquired between September 2016 and July 2017 using the Furuno Rowind+, mounted at the top of BOREL superstructure (data acquired every 6 hours)."
EMSO-AZORES_Borel_Meteo-Unit-2_2016-2017,public,Ifremer IPGP,table,TimeSeries,EDDTableFromErddap,"EMSO-Azores, BOREL : Meteorological unit 2 data, 2016-2017",-32.275,-32.275,,37.289,37.289,,2.0,2.0,2016-09-10T00:11:51Z,2017-07-10T12:12:31Z,,,https://erddap.emso.eu/erddap/tabledap/EMSO-AZORES_Borel_Meteo-Unit-2_2016-2017.subset,https://erddap.emso.eu/erddap/tabledap/EMSO-AZORES_Borel_Meteo-Unit-2_2016-2017,https://erddap.emso.eu/erddap/tabledap/EMSO-AZORES_Borel_Meteo-Unit-2_2016-2017.graph,,,,,https://erddap.emso.eu/erddap/metadata/fgdc/xml/EMSO-AZORES_Borel_Meteo-Unit-2_2016-2017_fgdc.xml,https://erddap.emso.eu/erddap/metadata/iso19115/xml/EMSO-AZORES_Borel_Meteo-Unit-2_2016-2017_iso19115.xml,https://erddap.emso.eu/erddap/info/EMSO-AZORES_Borel_Meteo-Unit-2_2016-2017/index,(local files),https://wwz.ifremer.fr/,https://erddap.emso.eu/erddap/rss/EMSO-AZORES_Borel_Meteo-Unit-2_2016-2017.rss,https://erddap.emso.eu/erddap/subscriptions/add.html?datasetID=EMSO-AZORES_Borel_Meteo-Unit-2_2016-2017&showErrors=false&email=,,,"This dataset contains the meteorological parameters (mean wind speed, temperature in \u00b0C and atmospheric pressure in mbar) acquired between September 2016 and July 2017 using the Furuno Rowind+, mounted at the top of BOREL superstructure (data acquired every 6 hours)."
EMSO-AZORES_EGIM_TEMP-CNDC-PRES_2017-2018,public,Ifremer IPGP,table,TimeSeries,EDDTableFromErddap,"EMSO-Azores, EGIM : Conductivity, temperature and pressure, 2017-2018",-32.27562,-32.27562,,37.30134,37.30134,,-1700.0,-1700.0,2017-07-12T16:45:00Z,2018-04-04T23:45:00Z,,,https://erddap.emso.eu/erddap/tabledap/EMSO-AZORES_EGIM_TEMP-CNDC-PRES_2017-2018.subset,https://erddap.emso.eu/erddap/tabledap/EMSO-AZORES_EGIM_TEMP-CNDC-PRES_2017-2018,https://erddap.emso.eu/erddap/tabledap/EMSO-AZORES_EGIM_TEMP-CNDC-PRES_2017-2018.graph,,,,,https://erddap.emso.eu/erddap/metadata/fgdc/xml/EMSO-AZORES_EGIM_TEMP-CNDC-PRES_2017-2018_fgdc.xml,https://erddap.emso.eu/erddap/metadata/iso19115/xml/EMSO-AZORES_EGIM_TEMP-CNDC-PRES_2017-2018_iso19115.xml,https://erddap.emso.eu/erddap/info/EMSO-AZORES_EGIM_TEMP-CNDC-PRES_2017-2018/index,(local files),https://wwz.ifremer.fr/,https://erddap.emso.eu/erddap/rss/EMSO-AZORES_EGIM_TEMP-CNDC-PRES_2017-2018.rss,https://erddap.emso.eu/erddap/subscriptions/add.html?datasetID=EMSO-AZORES_EGIM_TEMP-CNDC-PRES_2017-2018&showErrors=false&email=,,,"This dataset contains conductivity, temperature and pressure data acquired between July 2017 and August 2018 on EMSO-Azores observatory by the EGIM. These are 3 of the 7 core parameters monitored by the EGIM, EMSO Generic Instrumental Module.\n\nThe EGIM prototype was deployed at Lucky Strike hydrothermal vent site, 25 m south west of the active edifice Tour Eiffel, to monitor local hydrodynamic variability and complement the data obtained by the numerous sensors set on this site: oceanographic mooring deployed south of the vent field, the multidisciplinary Seamon East node, autonomous current meters, array of temperature probes\u2026"
EMSO-AZORES_EGIM_Precise-Pressure_2017-2018,public,Ifremer IPGP,table,TimeSeries,EDDTableFromErddap,"EMSO-Azores, EGIM : High precision pressure, 2017-2018",-32.27562,-32.27562,,37.30134,37.30134,,-1700.0,-1700.0,2017-07-12T16:50:00Z,2018-08-22T15:04:00Z,,,https://erddap.emso.eu/erddap/tabledap/EMSO-AZORES_EGIM_Precise-Pressure_2017-2018.subset,https://erddap.emso.eu/erddap/tabledap/EMSO-AZORES_EGIM_Precise-Pressure_2017-2018,https://erddap.emso.eu/erddap/tabledap/EMSO-AZORES_EGIM_Precise-Pressure_2017-2018.graph,,,,,https://erddap.emso.eu/erddap/metadata/fgdc/xml/EMSO-AZORES_EGIM_Precise-Pressure_2017-2018_fgdc.xml,https://erddap.emso.eu/erddap/metadata/iso19115/xml/EMSO-AZORES_EGIM_Precise-Pressure_2017-2018_iso19115.xml,https://erddap.emso.eu/erddap/info/EMSO-AZORES_EGIM_Precise-Pressure_2017-2018/index,(local files),https://wwz.ifremer.fr/,https://erddap.emso.eu/erddap/rss/EMSO-AZORES_EGIM_Precise-Pressure_2017-2018.rss,https://erddap.emso.eu/erddap/subscriptions/add.html?datasetID=EMSO-AZORES_EGIM_Precise-Pressure_2017-2018&showErrors=false&email=,,,"This dataset contains pressure data acquired between July 2017 and August 2018 on EMSO-Azores observatory by the EGIM. The pressure is one of the 7 core parameters monitored by the EGIM, EMSO Generic Instrumental Module.\n\nThe EGIM prototype was deployed at Lucky Strike hydrothermal vent site, 25 m south west of the active edifice Tour Eiffel, to monitor local hydrodynamic variability and complement the data obtained by the numerous sensors set on this site: oceanographic mooring deployed south of the vent field, the multidisciplinary Seamon East node, autonomous current meters, array of temperature probes."
EMSO-AZORES_EGIM_Optode-O2_2017-2018,public,Ifremer IPGP,table,TimeSeries,EDDTableFromErddap,"EMSO-Azores, EGIM : Temperature and dissolved oxygen concentrations, 2017-2018",-32.27562,-32.27562,,37.30134,37.30134,,-1700.0,-1700.0,2017-07-12T16:45:00Z,2018-08-22T15:00:00Z,,,https://erddap.emso.eu/erddap/tabledap/EMSO-AZORES_EGIM_Optode-O2_2017-2018.subset,https://erddap.emso.eu/erddap/tabledap/EMSO-AZORES_EGIM_Optode-O2_2017-2018,https://erddap.emso.eu/erddap/tabledap/EMSO-AZORES_EGIM_Optode-O2_2017-2018.graph,,,,,https://erddap.emso.eu/erddap/metadata/fgdc/xml/EMSO-AZORES_EGIM_Optode-O2_2017-2018_fgdc.xml,https://erddap.emso.eu/erddap/metadata/iso19115/xml/EMSO-AZORES_EGIM_Optode-O2_2017-2018_iso19115.xml,https://erddap.emso.eu/erddap/info/EMSO-AZORES_EGIM_Optode-O2_2017-2018/index,(local files),https://wwz.ifremer.fr/,https://erddap.emso.eu/erddap/rss/EMSO-AZORES_EGIM_Optode-O2_2017-2018.rss,https://erddap.emso.eu/erddap/subscriptions/add.html?datasetID=EMSO-AZORES_EGIM_Optode-O2_2017-2018&showErrors=false&email=,,,"This dataset contains temperature and dissolved oxygen concentrations and the associated sensor raw data acquired between July 2017 and August 2018 on EMSO-Azores observatory by the EGIM. Dissolved oxygen concentration is one of the 7 core parameters monitored by the EGIM, EMSO Generic Instrumental Module.\n\nThe EGIM prototype was deployed at Lucky Strike hydrothermal vent site, 25 m south west of the active edifice Tour Eiffel, to monitor local hydrodynamic variability and complement the data obtained by the numerous sensors set on this site: oceanographic mooring deployed south of the vent field, the multidisciplinary Seamon East node, autonomous current meters, array of temperature probes\u2026"
EMSO-AZORES_EGIM_Turbidity_2017-2018,public,IPGP,table,TimeSeries,EDDTableFromErddap,"EMSO-Azores, EGIM : Turbidity, 2017-2018",-32.27562,-32.27562,,37.30134,37.30134,,-1700.0,-1700.0,2017-07-12T16:45:00Z,2018-04-04T23:44:59Z,,,https://erddap.emso.eu/erddap/tabledap/EMSO-AZORES_EGIM_Turbidity_2017-2018.subset,https://erddap.emso.eu/erddap/tabledap/EMSO-AZORES_EGIM_Turbidity_2017-2018,https://erddap.emso.eu/erddap/tabledap/EMSO-AZORES_EGIM_Turbidity_2017-2018.graph,,,,,https://erddap.emso.eu/erddap/metadata/fgdc/xml/EMSO-AZORES_EGIM_Turbidity_2017-2018_fgdc.xml,https://erddap.emso.eu/erddap/metadata/iso19115/xml/EMSO-AZORES_EGIM_Turbidity_2017-2018_iso19115.xml,https://erddap.emso.eu/erddap/info/EMSO-AZORES_EGIM_Turbidity_2017-2018/index,(local files),???,https://erddap.emso.eu/erddap/rss/EMSO-AZORES_EGIM_Turbidity_2017-2018.rss,https://erddap.emso.eu/erddap/subscriptions/add.html?datasetID=EMSO-AZORES_EGIM_Turbidity_2017-2018&showErrors=false&email=,,,"This dataset contains turbidity and the associated sensor raw data acquired between July 2017 and August 2018 on EMSO-Azores observatory by the EGIM. Tubidity is one of the 7 core parameters monitored by the EGIM, EMSO Generic Instrumental Module.\nThe EGIM prototype was deployed at Lucky Strike hydrothermal vent site, 25 m south west of the active edifice Tour Eiffel, to monitor local hydrodynamic variability and complement the data obtained by the numerous sensors set on this site: oceanographic mooring deployed south of the vent field, the multidisciplinary Seamon East node, autonomous current meters, array of temperature probes\u2026"
EMSO-AZORES_CHEMINI_Total-Iron_2011-2012,public,Ifremer IPGP,table,TimeSeries,EDDTableFromErddap,"EMSO-Azores, SeaMoN East : CHEMINI total dissolved iron concentrations, 2011-2012",-32.27562,-32.27562,,37.30134,37.30134,,-1695.0,-1695.0,2011-07-20T00:05:00Z,2012-03-29T00:09:00Z,,,https://erddap.emso.eu/erddap/tabledap/EMSO-AZORES_CHEMINI_Total-Iron_2011-2012.subset,https://erddap.emso.eu/erddap/tabledap/EMSO-AZORES_CHEMINI_Total-Iron_2011-2012,https://erddap.emso.eu/erddap/tabledap/EMSO-AZORES_CHEMINI_Total-Iron_2011-2012.graph,,,,,https://erddap.emso.eu/erddap/metadata/fgdc/xml/EMSO-AZORES_CHEMINI_Total-Iron_2011-2012_fgdc.xml,https://erddap.emso.eu/erddap/metadata/iso19115/xml/EMSO-AZORES_CHEMINI_Total-Iron_2011-2012_iso19115.xml,https://erddap.emso.eu/erddap/info/EMSO-AZORES_CHEMINI_Total-Iron_2011-2012/index,(local files),https://wwz.ifremer.fr/,https://erddap.emso.eu/erddap/rss/EMSO-AZORES_CHEMINI_Total-Iron_2011-2012.rss,https://erddap.emso.eu/erddap/subscriptions/add.html?datasetID=EMSO-AZORES_CHEMINI_Total-Iron_2011-2012&showErrors=false&email=,,,"This dataset contains dissolved iron concentrations (Fe(II) + Fe(III), \u00b5mol/l) acquired between July 2011 and March 2012 (n=1780) using the CHEMINI Fe, a CHEmical MINIaturized analyser (samples taken every 12 hours, without in situ calibration using a 25 \u00b5mol/l iron standard, Vuillemin et al., 2009). The sample inlet was positioned on the mussel bed at the base of the Tour Eiffel edifice of the Lucky Strike hydrothermal vent (1695 depth)."
EMSO-AZORES_CHEMINI_Total-Iron_2013-2014,public,Ifremer IPGP,table,TimeSeries,EDDTableFromErddap,"EMSO-Azores, SeaMoN East : CHEMINI total dissolved iron concentrations, 2013-2014",-32.27562,-32.27562,,37.30134,37.30134,,-1695.0,-1695.0,2013-09-03T00:03:00Z,2014-02-23T00:11:00Z,,,https://erddap.emso.eu/erddap/tabledap/EMSO-AZORES_CHEMINI_Total-Iron_2013-2014.subset,https://erddap.emso.eu/erddap/tabledap/EMSO-AZORES_CHEMINI_Total-Iron_2013-2014,https://erddap.emso.eu/erddap/tabledap/EMSO-AZORES_CHEMINI_Total-Iron_2013-2014.graph,,,,,https://erddap.emso.eu/erddap/metadata/fgdc/xml/EMSO-AZORES_CHEMINI_Total-Iron_2013-2014_fgdc.xml,https://erddap.emso.eu/erddap/metadata/iso19115/xml/EMSO-AZORES_CHEMINI_Total-Iron_2013-2014_iso19115.xml,https://erddap.emso.eu/erddap/info/EMSO-AZORES_CHEMINI_Total-Iron_2013-2014/index,(local files),https://wwz.ifremer.fr/,https://erddap.emso.eu/erddap/rss/EMSO-AZORES_CHEMINI_Total-Iron_2013-2014.rss,https://erddap.emso.eu/erddap/subscriptions/add.html?datasetID=EMSO-AZORES_CHEMINI_Total-Iron_2013-2014&showErrors=false&email=,,,"This dataset contains dissolved iron concentrations (Fe(II) + Fe(III), \u00b5mol/l) acquired between September 2013 and February 2014 (n=332) using the CHEMINI Fe, a CHEmical MINIaturized analyser (samples taken every 24 hours, with daily in situ calibration using a 25 \u00b5mol/l iron standard, Vuillemin et al., 2009). The sample inlet was positioned on the mussel bed at the base of the Tour Eiffel edifice of the Lucky Strike hydrothermal vent (1695 depth)."
EMSO-AZORES_CHEMINI_Total-Iron_2014-2015,public,Ifremer IPGP,table,TimeSeries,EDDTableFromErddap,"EMSO-Azores, SeaMoN East : CHEMINI total dissolved iron concentrations, 2014-2015",-32.27562,-32.27562,,37.30134,37.30134,,-1695.0,-1695.0,2014-07-28T01:00:00Z,2014-08-13T02:30:00Z,,,https://erddap.emso.eu/erddap/tabledap/EMSO-AZORES_CHEMINI_Total-Iron_2014-2015.subset,https://erddap.emso.eu/erddap/tabledap/EMSO-AZORES_CHEMINI_Total-Iron_2014-2015,https://erddap.emso.eu/erddap/tabledap/EMSO-AZORES_CHEMINI_Total-Iron_2014-2015.graph,,,,,https://erddap.emso.eu/erddap/metadata/fgdc/xml/EMSO-AZORES_CHEMINI_Total-Iron_2014-2015_fgdc.xml,https://erddap.emso.eu/erddap/metadata/iso19115/xml/EMSO-AZORES_CHEMINI_Total-Iron_2014-2015_iso19115.xml,https://erddap.emso.eu/erddap/info/EMSO-AZORES_CHEMINI_Total-Iron_2014-2015/index,(local files),https://wwz.ifremer.fr/,https://erddap.emso.eu/erddap/rss/EMSO-AZORES_CHEMINI_Total-Iron_2014-2015.rss,https://erddap.emso.eu/erddap/subscriptions/add.html?datasetID=EMSO-AZORES_CHEMINI_Total-Iron_2014-2015&showErrors=false&email=,,,"This dataset contains dissolved iron concentrations (Fe(II) + Fe(III), \u00b5mol/l) acquired between July 2014 and August 2014 (n=332) using the CHEMINI Fe, a CHEmical MINIaturized analyser (samples taken every 24 hours, with daily in situ calibration using a 25 \u00b5mol/l iron standard, Vuillemin et al., 2009). The sample inlet was positioned on the mussel bed at the base of the Tour Eiffel edifice of the Lucky Strike hydrothermal vent (1695 depth). CHEMINI Fe (CF1) was mounted on the TEMPO module which was itself connected to the SeaMON East node of the EMSO-Azores observatory."
EMSO-AZORES_CHEMINI_Total-Iron_2016-2017,public,Ifremer IPGP,table,TimeSeries,EDDTableFromErddap,"EMSO-Azores, SeaMoN East : CHEMINI total dissolved iron concentrations, 2016-2017",-32.27562,-32.27562,,37.30134,37.30134,,-1695.0,-1695.0,2016-09-09T00:03:00Z,2017-07-14T22:35:00Z,,,https://erddap.emso.eu/erddap/tabledap/EMSO-AZORES_CHEMINI_Total-Iron_2016-2017.subset,https://erddap.emso.eu/erddap/tabledap/EMSO-AZORES_CHEMINI_Total-Iron_2016-2017,https://erddap.emso.eu/erddap/tabledap/EMSO-AZORES_CHEMINI_Total-Iron_2016-2017.graph,,,,,https://erddap.emso.eu/erddap/metadata/fgdc/xml/EMSO-AZORES_CHEMINI_Total-Iron_2016-2017_fgdc.xml,https://erddap.emso.eu/erddap/metadata/iso19115/xml/EMSO-AZORES_CHEMINI_Total-Iron_2016-2017_iso19115.xml,https://erddap.emso.eu/erddap/info/EMSO-AZORES_CHEMINI_Total-Iron_2016-2017/index,(local files),https://wwz.ifremer.fr/,https://erddap.emso.eu/erddap/rss/EMSO-AZORES_CHEMINI_Total-Iron_2016-2017.rss,https://erddap.emso.eu/erddap/subscriptions/add.html?datasetID=EMSO-AZORES_CHEMINI_Total-Iron_2016-2017&showErrors=false&email=,,,"This dataset contains dissolved iron concentrations (Fe(II) + Fe(III), \u00b5mol/l) acquired between September 2016 and February 2017 (n=332) using the CHEMINI Fe, a CHEmical MINIaturized analyser (samples taken every 24 hours, with daily in situ calibration using a 25 \u00b5mol/l iron standard, Vuillemin et al., 2009). The sample inlet was positioned on the mussel bed at the base of the Tour Eiffel edifice of the Lucky Strike hydrothermal vent (1695 depth). CHEMINI Fe (CF1) was mounted on the TEMPO module which was itself connected to the SeaMON East node of the EMSO-Azores observatory."
EMSO-AZORES_CHEMINI_Total-Iron_2017-2018,public,Ifremer IPGP,table,TimeSeries,EDDTableFromErddap,"EMSO-Azores, SeaMoN East : CHEMINI total dissolved iron concentrations, 2017-2018",-32.16,-32.16,,37.17,37.17,,-1695.0,-1695.0,2017-07-22T12:00:00Z,2018-03-16T12:03:00Z,,,https://erddap.emso.eu/erddap/tabledap/EMSO-AZORES_CHEMINI_Total-Iron_2017-2018.subset,https://erddap.emso.eu/erddap/tabledap/EMSO-AZORES_CHEMINI_Total-Iron_2017-2018,https://erddap.emso.eu/erddap/tabledap/EMSO-AZORES_CHEMINI_Total-Iron_2017-2018.graph,,,,,https://erddap.emso.eu/erddap/metadata/fgdc/xml/EMSO-AZORES_CHEMINI_Total-Iron_2017-2018_fgdc.xml,https://erddap.emso.eu/erddap/metadata/iso19115/xml/EMSO-AZORES_CHEMINI_Total-Iron_2017-2018_iso19115.xml,https://erddap.emso.eu/erddap/info/EMSO-AZORES_CHEMINI_Total-Iron_2017-2018/index,(local files),https://wwz.ifremer.fr/,https://erddap.emso.eu/erddap/rss/EMSO-AZORES_CHEMINI_Total-Iron_2017-2018.rss,https://erddap.emso.eu/erddap/subscriptions/add.html?datasetID=EMSO-AZORES_CHEMINI_Total-Iron_2017-2018&showErrors=false&email=,,,"This dataset contains dissolved iron concentrations (Fe(II) + Fe(III), \u00b5mol/l) acquired between July 2017 and March 2018 (n=168) using the CHEMINI Fe, a CHEmical MINIaturized analyser (samples taken every 12 hours, with daily in situ calibration using a 20 \u00b5mol/l iron standard, Vuillemin et al., 2009). The sample inlet was positioned on the mussel bed at the base of the Tour Eiffel edifice of the Lucky Strike hydrothermal vent (1695 depth). CHEMINI Fe (CF2) was mounted on the TEMPO module which was itself connected to the SeaMON East node of the EMSO-Azores observatory."
EMSO-AZORES_CHEMINI_Total-Iron_2018-2019,public,Ifremer IPGP,table,TimeSeries,EDDTableFromErddap,"EMSO-Azores, SeaMoN East : CHEMINI total dissolved iron concentrations, 2018-2019",-32.16,-32.16,,37.17,37.17,,-1695.0,-1695.0,2018-08-23T18:30:00Z,2018-12-31T23:45:00Z,,,https://erddap.emso.eu/erddap/tabledap/EMSO-AZORES_CHEMINI_Total-Iron_2018-2019.subset,https://erddap.emso.eu/erddap/tabledap/EMSO-AZORES_CHEMINI_Total-Iron_2018-2019,https://erddap.emso.eu/erddap/tabledap/EMSO-AZORES_CHEMINI_Total-Iron_2018-2019.graph,,,,,https://erddap.emso.eu/erddap/metadata/fgdc/xml/EMSO-AZORES_CHEMINI_Total-Iron_2018-2019_fgdc.xml,https://erddap.emso.eu/erddap/metadata/iso19115/xml/EMSO-AZORES_CHEMINI_Total-Iron_2018-2019_iso19115.xml,https://erddap.emso.eu/erddap/info/EMSO-AZORES_CHEMINI_Total-Iron_2018-2019/index,(local files),https://wwz.ifremer.fr/,https://erddap.emso.eu/erddap/rss/EMSO-AZORES_CHEMINI_Total-Iron_2018-2019.rss,https://erddap.emso.eu/erddap/subscriptions/add.html?datasetID=EMSO-AZORES_CHEMINI_Total-Iron_2018-2019&showErrors=false&email=,,,"This dataset contains dissolved iron concentrations (Fe(II) + Fe(III), \u00b5mol/l) acquired between August 2018 and December 2018 (n=445) using the CHEMINI Fe, a CHEmical MINIaturized analyser (samples taken every 12 hours, with daily in situ calibration using a 20 \u00b5mol/l iron standard, Vuillemin et al., 2009). The sample inlet was positioned on the mussel bed at the base of the Tour Eiffel edifice of the Lucky Strike hydrothermal vent (1695 depth). CHEMINI Fe (CF2) was mounted on the TEMPO module which was itself connected to the SeaMON East node of the EMSO-Azores observatory."
EMSO-AZORES_CHEMINI_Total-Iron_2019-2020,public,Ifremer IPGP,table,TimeSeries,EDDTableFromErddap,"EMSO-Azores, SeaMoN East : CHEMINI total dissolved iron concentrations, 2019-2020",-32.27562,-32.27562,,37.30134,37.30134,,-1695.0,-1695.0,2019-07-01T00:02:00Z,2020-09-13T00:06:00Z,,,https://erddap.emso.eu/erddap/tabledap/EMSO-AZORES_CHEMINI_Total-Iron_2019-2020.subset,https://erddap.emso.eu/erddap/tabledap/EMSO-AZORES_CHEMINI_Total-Iron_2019-2020,https://erddap.emso.eu/erddap/tabledap/EMSO-AZORES_CHEMINI_Total-Iron_2019-2020.graph,,,,,https://erddap.emso.eu/erddap/metadata/fgdc/xml/EMSO-AZORES_CHEMINI_Total-Iron_2019-2020_fgdc.xml,https://erddap.emso.eu/erddap/metadata/iso19115/xml/EMSO-AZORES_CHEMINI_Total-Iron_2019-2020_iso19115.xml,https://erddap.emso.eu/erddap/info/EMSO-AZORES_CHEMINI_Total-Iron_2019-2020/index,(local files),https://wwz.ifremer.fr/,https://erddap.emso.eu/erddap/rss/EMSO-AZORES_CHEMINI_Total-Iron_2019-2020.rss,https://erddap.emso.eu/erddap/subscriptions/add.html?datasetID=EMSO-AZORES_CHEMINI_Total-Iron_2019-2020&showErrors=false&email=,,,"This dataset contains dissolved iron concentrations (Fe(II) + Fe(III), \u00b5mol/l) acquired between July 2019 and Septembre 2020 (n=1620) using the CHEMINI Fe, a CHEmical MINIaturized analyser (samples taken every 24 hours, with weekly in situ calibration using a 25 \u00b5mol/l iron standard, Vuillemin et al., 2009). The sample inlet was positioned on the mussel bed at the base of the Tour Eiffel edifice of the Lucky Strike hydrothermal vent (1695 depth). CHEMINI Fe (CF2) was mounted on the TEMPO module which was itself connected to the SeaMON East node of the EMSO-Azores observatory."
EMSO-AZORES_Seamon-East_Optode-O2_2013-2014,public,Ifremer IPGP,table,TimeSeries,EDDTableFromErddap,"EMSO-Azores, SeaMoN East : Temperature (\u00b0C) and dissolved oxygen concentrations (\u00b5mol/l) data, 2013-2014",-32.28,-32.28,,37.3,37.3,,-1695.0,-1695.0,2013-08-29T18:31:42Z,2014-02-23T03:00:04Z,,,https://erddap.emso.eu/erddap/tabledap/EMSO-AZORES_Seamon-East_Optode-O2_2013-2014.subset,https://erddap.emso.eu/erddap/tabledap/EMSO-AZORES_Seamon-East_Optode-O2_2013-2014,https://erddap.emso.eu/erddap/tabledap/EMSO-AZORES_Seamon-East_Optode-O2_2013-2014.graph,,,,,https://erddap.emso.eu/erddap/metadata/fgdc/xml/EMSO-AZORES_Seamon-East_Optode-O2_2013-2014_fgdc.xml,https://erddap.emso.eu/erddap/metadata/iso19115/xml/EMSO-AZORES_Seamon-East_Optode-O2_2013-2014_iso19115.xml,https://erddap.emso.eu/erddap/info/EMSO-AZORES_Seamon-East_Optode-O2_2013-2014/index,(local files),https://wwz.ifremer.fr/,https://erddap.emso.eu/erddap/rss/EMSO-AZORES_Seamon-East_Optode-O2_2013-2014.rss,https://erddap.emso.eu/erddap/subscriptions/add.html?datasetID=EMSO-AZORES_Seamon-East_Optode-O2_2013-2014&showErrors=false&email=,,,"This dataset contains temperature (\u00b0C) and dissolved oxygen concentrations (\u00b5mol/l) acquired between August 2013 and July 2014 using an Aanderaa optode (model 3830, sensor head # 1180-520, salinity setting 3.5%, uncorrected for pressure) The sensor. The sensor was positioned on a mussel bed at the base of the Tour Eiffel edifice (1695m depth). Data was acquired every 15 minutes. A two-point calibration at 0% and 100% saturation levels is performed at each maintenance cruise. The optode connected to the TEMPO ecological module is part of the SeaMoN East monitoring node."
EMSO-AZORES_Seamon-East_Optode-O2_2015-2016,public,Ifremer IPGP,table,TimeSeries,EDDTableFromErddap,"EMSO-Azores, SeaMoN East : Temperature (\u00b0C) and dissolved oxygen concentrations (\u00b5mol/l) data, 2015-2016",-32.28,-32.28,,37.3,37.3,,-1695.0,-1695.0,2015-04-24T16:45:00Z,2016-08-26T23:45:00Z,,,https://erddap.emso.eu/erddap/tabledap/EMSO-AZORES_Seamon-East_Optode-O2_2015-2016.subset,https://erddap.emso.eu/erddap/tabledap/EMSO-AZORES_Seamon-East_Optode-O2_2015-2016,https://erddap.emso.eu/erddap/tabledap/EMSO-AZORES_Seamon-East_Optode-O2_2015-2016.graph,,,,,https://erddap.emso.eu/erddap/metadata/fgdc/xml/EMSO-AZORES_Seamon-East_Optode-O2_2015-2016_fgdc.xml,https://erddap.emso.eu/erddap/metadata/iso19115/xml/EMSO-AZORES_Seamon-East_Optode-O2_2015-2016_iso19115.xml,https://erddap.emso.eu/erddap/info/EMSO-AZORES_Seamon-East_Optode-O2_2015-2016/index,(local files),https://wwz.ifremer.fr/,https://erddap.emso.eu/erddap/rss/EMSO-AZORES_Seamon-East_Optode-O2_2015-2016.rss,https://erddap.emso.eu/erddap/subscriptions/add.html?datasetID=EMSO-AZORES_Seamon-East_Optode-O2_2015-2016&showErrors=false&email=,,,"This dataset contains temperature (\u00b0C) and dissolved oxygen concentrations (\u00b5mol/l) acquired between April 2015 and September 2016 using an Aanderaa optode (model 3830, sensor head # 1180-520, salinity setting 3.5%, uncorrected for pressure) The sensor. The sensor was positioned on a mussel bed at the base of the Tour Eiffel edifice (1695m depth). Data was acquired every 15 minutes. A two-point calibration at 0% and 100% saturation levels is performed at each maintenance cruise. The optode connected to the TEMPO ecological module is part of the SeaMoN East monitoring node."
EMSO-AZORES_Seamon-East_Optode-O2_2016-2017,public,Ifremer IPGP,table,TimeSeries,EDDTableFromErddap,"EMSO-Azores, SeaMoN East : Temperature (\u00b0C) and dissolved oxygen concentrations (\u00b5mol/l) data, 2016-2017 (Tempo)",-32.28,-32.28,,37.3,37.3,,-1695.0,-1695.0,2016-09-07T00:00:00Z,2017-02-07T00:00:00Z,,,https://erddap.emso.eu/erddap/tabledap/EMSO-AZORES_Seamon-East_Optode-O2_2016-2017.subset,https://erddap.emso.eu/erddap/tabledap/EMSO-AZORES_Seamon-East_Optode-O2_2016-2017,https://erddap.emso.eu/erddap/tabledap/EMSO-AZORES_Seamon-East_Optode-O2_2016-2017.graph,,,,,https://erddap.emso.eu/erddap/metadata/fgdc/xml/EMSO-AZORES_Seamon-East_Optode-O2_2016-2017_fgdc.xml,https://erddap.emso.eu/erddap/metadata/iso19115/xml/EMSO-AZORES_Seamon-East_Optode-O2_2016-2017_iso19115.xml,https://erddap.emso.eu/erddap/info/EMSO-AZORES_Seamon-East_Optode-O2_2016-2017/index,(local files),https://wwz.ifremer.fr/,https://erddap.emso.eu/erddap/rss/EMSO-AZORES_Seamon-East_Optode-O2_2016-2017.rss,https://erddap.emso.eu/erddap/subscriptions/add.html?datasetID=EMSO-AZORES_Seamon-East_Optode-O2_2016-2017&showErrors=false&email=,,,"This dataset contains temperature (\u00b0C) and dissolved oxygen concentrations (\u00b5mol/l) (and the associated sensor raw data) acquired between September 2016 and February 2017 using an Aanderaa optode (model 4330, sensor head #2133, salinity setting 3.5%, uncorrected for pressure) The sensor. The sensor was positioned on a mussel bed at the base of the Tour Eiffel edifice (1695m depth). Data was acquired every 15 minutes. A two-point calibration at 0% and 100% saturation levels is performed at each maintenance cruise. The optode connected to the TEMPO ecological module is part of the SeaMoN East monitoring node."
EMSO-AZORES_Seamon-East_Optode-O2_2012-2013,public,Ifremer IPGP,table,TimeSeries,EDDTableFromErddap,"EMSO-Azores, SeaMoN East : Temperature (\u00b0C) and dissolved oxygen concentrations, 2012-2013",-32.28,-32.28,,37.3,37.3,,-1695.0,-1695.0,2012-07-16T18:13:03Z,2013-08-28T05:30:04Z,,,https://erddap.emso.eu/erddap/tabledap/EMSO-AZORES_Seamon-East_Optode-O2_2012-2013.subset,https://erddap.emso.eu/erddap/tabledap/EMSO-AZORES_Seamon-East_Optode-O2_2012-2013,https://erddap.emso.eu/erddap/tabledap/EMSO-AZORES_Seamon-East_Optode-O2_2012-2013.graph,,,,,https://erddap.emso.eu/erddap/metadata/fgdc/xml/EMSO-AZORES_Seamon-East_Optode-O2_2012-2013_fgdc.xml,https://erddap.emso.eu/erddap/metadata/iso19115/xml/EMSO-AZORES_Seamon-East_Optode-O2_2012-2013_iso19115.xml,https://erddap.emso.eu/erddap/info/EMSO-AZORES_Seamon-East_Optode-O2_2012-2013/index,(local files),https://wwz.ifremer.fr/,https://erddap.emso.eu/erddap/rss/EMSO-AZORES_Seamon-East_Optode-O2_2012-2013.rss,https://erddap.emso.eu/erddap/subscriptions/add.html?datasetID=EMSO-AZORES_Seamon-East_Optode-O2_2012-2013&showErrors=false&email=,,,"This dataset contains temperature (\u00b0C) and dissolved oxygen concentrations (\u00b5mol/l) acquired between July 2012 and August 2013 using an Aanderaa optode (model 3830, sensor head # 1180-520, salinity setting 3.5%, uncorrected for pressure). The sensor was positioned on a mussel bed at the base of the Tour Eiffel edifice (1695m depth). Data was acquired every 15 minutes. A two-point calibration at 0% and 100% saturation levels is performed at each maintenance cruise. The optode connected to the TEMPO ecological module is part of the SeaMoN East monitoring node."
EMSO-AZORES_Wetlabs_Turbidity_2011-2012,public,Ifremer IPGP,table,TimeSeries,EDDTableFromErddap,"EMSO-Azores, SeaMoN East : Turbidity (NTU) data, 2011-2012",-32.27562,-32.27562,,37.289,37.289,,-1695.0,-1695.0,2011-07-19T17:15:04Z,2012-07-15T08:15:04Z,,,https://erddap.emso.eu/erddap/tabledap/EMSO-AZORES_Wetlabs_Turbidity_2011-2012.subset,https://erddap.emso.eu/erddap/tabledap/EMSO-AZORES_Wetlabs_Turbidity_2011-2012,https://erddap.emso.eu/erddap/tabledap/EMSO-AZORES_Wetlabs_Turbidity_2011-2012.graph,,,,,https://erddap.emso.eu/erddap/metadata/fgdc/xml/EMSO-AZORES_Wetlabs_Turbidity_2011-2012_fgdc.xml,https://erddap.emso.eu/erddap/metadata/iso19115/xml/EMSO-AZORES_Wetlabs_Turbidity_2011-2012_iso19115.xml,https://erddap.emso.eu/erddap/info/EMSO-AZORES_Wetlabs_Turbidity_2011-2012/index,(local files),https://wwz.ifremer.fr/,https://erddap.emso.eu/erddap/rss/EMSO-AZORES_Wetlabs_Turbidity_2011-2012.rss,https://erddap.emso.eu/erddap/subscriptions/add.html?datasetID=EMSO-AZORES_Wetlabs_Turbidity_2011-2012&showErrors=false&email=,,,"This dataset contains turbidity (Nephelometric Turbidity Units (NTU)) data acquired between July 2011 and July 2012 using a Wetlabs turbidimeter (ECO-BBRTD, serial # 215R) installed horizontally at 1.5 m height at the top of the SeaMoN East frame. The sensor was not calibrated as the sizes of the natural particles are unknown. Data was acquired every 15 minutes. The instrument is part of the SeaMoN East ecological monitoring node."
EMSO-AZORES_Wetlabs_Turbidity_2012-2013,public,Ifremer IPGP,table,TimeSeries,EDDTableFromErddap,"EMSO-Azores, SeaMoN East : Turbidity (NTU) data, 2012-2013",-32.27562,-32.27562,,37.289,37.289,,-1695.0,-1695.0,2012-07-16T18:00:01Z,2013-08-28T05:30:04Z,,,https://erddap.emso.eu/erddap/tabledap/EMSO-AZORES_Wetlabs_Turbidity_2012-2013.subset,https://erddap.emso.eu/erddap/tabledap/EMSO-AZORES_Wetlabs_Turbidity_2012-2013,https://erddap.emso.eu/erddap/tabledap/EMSO-AZORES_Wetlabs_Turbidity_2012-2013.graph,,,,,https://erddap.emso.eu/erddap/metadata/fgdc/xml/EMSO-AZORES_Wetlabs_Turbidity_2012-2013_fgdc.xml,https://erddap.emso.eu/erddap/metadata/iso19115/xml/EMSO-AZORES_Wetlabs_Turbidity_2012-2013_iso19115.xml,https://erddap.emso.eu/erddap/info/EMSO-AZORES_Wetlabs_Turbidity_2012-2013/index,(local files),https://wwz.ifremer.fr/,https://erddap.emso.eu/erddap/rss/EMSO-AZORES_Wetlabs_Turbidity_2012-2013.rss,https://erddap.emso.eu/erddap/subscriptions/add.html?datasetID=EMSO-AZORES_Wetlabs_Turbidity_2012-2013&showErrors=false&email=,,,"This dataset contains turbidity (Nephelometric Turbidity Units (NTU)) data acquired between July 2012 and August 2013 using a Wetlabs turbidimeter (ECO-BBRTD, serial # 215R) installed horizontally at 1.5 m height at the top of the SeaMoN East frame. The sensor was not calibrated as the sizes of the natural particles are unknown. Data was acquired every 15 minutes. The instrument is part of the SeaMoN East ecological monitoring node."
EMSO-AZORES_Wetlabs_Turbidity_2013-2014,public,Ifremer IPGP,table,TimeSeries,EDDTableFromErddap,"EMSO-Azores, SeaMoN East : Turbidity (NTU) data, 2013-2014",-32.27562,-32.27562,,37.289,37.289,,-1695.0,-1695.0,2013-08-31T14:45:04Z,2014-02-22T17:45:04Z,,,https://erddap.emso.eu/erddap/tabledap/EMSO-AZORES_Wetlabs_Turbidity_2013-2014.subset,https://erddap.emso.eu/erddap/tabledap/EMSO-AZORES_Wetlabs_Turbidity_2013-2014,https://erddap.emso.eu/erddap/tabledap/EMSO-AZORES_Wetlabs_Turbidity_2013-2014.graph,,,,,https://erddap.emso.eu/erddap/metadata/fgdc/xml/EMSO-AZORES_Wetlabs_Turbidity_2013-2014_fgdc.xml,https://erddap.emso.eu/erddap/metadata/iso19115/xml/EMSO-AZORES_Wetlabs_Turbidity_2013-2014_iso19115.xml,https://erddap.emso.eu/erddap/info/EMSO-AZORES_Wetlabs_Turbidity_2013-2014/index,(local files),https://wwz.ifremer.fr/,https://erddap.emso.eu/erddap/rss/EMSO-AZORES_Wetlabs_Turbidity_2013-2014.rss,https://erddap.emso.eu/erddap/subscriptions/add.html?datasetID=EMSO-AZORES_Wetlabs_Turbidity_2013-2014&showErrors=false&email=,,,"This dataset contains turbidity (Nephelometric Turbidity Units (NTU)) data acquired between August 2013 and July 2014 using a Wetlabs turbidimeter (ECO-BBRTD, serial # 215R) installed horizontally at 1.5 m height at the top of the SeaMoN East frame. The sensor was not calibrated as the sizes of the natural particles are unknown. Data was acquired every 15 minutes. The instrument is part of the SeaMoN East ecological monitoring node."
EMSO-AZORES_Wetlabs_Turbidity_2015-2016,public,Ifremer IPGP,table,TimeSeries,EDDTableFromErddap,"EMSO-Azores, SeaMoN East : Turbidity (NTU) data, 2015-2016",-32.27562,-32.27562,,37.289,37.289,,-1695.0,-1695.0,2015-04-24T16:30:00Z,2016-08-26T04:15:00Z,,,https://erddap.emso.eu/erddap/tabledap/EMSO-AZORES_Wetlabs_Turbidity_2015-2016.subset,https://erddap.emso.eu/erddap/tabledap/EMSO-AZORES_Wetlabs_Turbidity_2015-2016,https://erddap.emso.eu/erddap/tabledap/EMSO-AZORES_Wetlabs_Turbidity_2015-2016.graph,,,,,https://erddap.emso.eu/erddap/metadata/fgdc/xml/EMSO-AZORES_Wetlabs_Turbidity_2015-2016_fgdc.xml,https://erddap.emso.eu/erddap/metadata/iso19115/xml/EMSO-AZORES_Wetlabs_Turbidity_2015-2016_iso19115.xml,https://erddap.emso.eu/erddap/info/EMSO-AZORES_Wetlabs_Turbidity_2015-2016/index,(local files),https://wwz.ifremer.fr/,https://erddap.emso.eu/erddap/rss/EMSO-AZORES_Wetlabs_Turbidity_2015-2016.rss,https://erddap.emso.eu/erddap/subscriptions/add.html?datasetID=EMSO-AZORES_Wetlabs_Turbidity_2015-2016&showErrors=false&email=,,,"This dataset contains turbidity (Nephelometric Turbidity Units (NTU)) data acquired between April 2015 and September 2016 using a Wetlabs turbidimeter (ECO-BBRTD, serial # 215R) installed horizontally at 1.5 m height at the top of the SeaMoN East frame. The sensor was not calibrated as the sizes of the natural particles are unknown. Data was acquired every 15 minutes. The instrument is part of the SeaMoN East ecological monitoring node."
EMSO-AZORES_Wetlabs_Turbidity_2016-2017,public,Ifremer IPGP,table,TimeSeries,EDDTableFromErddap,"EMSO-Azores, SeaMoN East : Turbidity (NTU) data, 2016-2017",-32.27562,-32.27562,,37.289,37.289,,-1695.0,-1695.0,2016-09-07T07:30:00Z,2017-02-06T23:45:00Z,,,https://erddap.emso.eu/erddap/tabledap/EMSO-AZORES_Wetlabs_Turbidity_2016-2017.subset,https://erddap.emso.eu/erddap/tabledap/EMSO-AZORES_Wetlabs_Turbidity_2016-2017,https://erddap.emso.eu/erddap/tabledap/EMSO-AZORES_Wetlabs_Turbidity_2016-2017.graph,,,,,https://erddap.emso.eu/erddap/metadata/fgdc/xml/EMSO-AZORES_Wetlabs_Turbidity_2016-2017_fgdc.xml,https://erddap.emso.eu/erddap/metadata/iso19115/xml/EMSO-AZORES_Wetlabs_Turbidity_2016-2017_iso19115.xml,https://erddap.emso.eu/erddap/info/EMSO-AZORES_Wetlabs_Turbidity_2016-2017/index,(local files),https://wwz.ifremer.fr/,https://erddap.emso.eu/erddap/rss/EMSO-AZORES_Wetlabs_Turbidity_2016-2017.rss,https://erddap.emso.eu/erddap/subscriptions/add.html?datasetID=EMSO-AZORES_Wetlabs_Turbidity_2016-2017&showErrors=false&email=,,,"This dataset contains turbidity (Nephelometric Turbidity Units (NTU)) data acquired between September 2016 and February 2017 using a Wetlabs turbidimeter (ECO-BBRTD, serial # 215R) installed horizontally at 1.5 m height at the top of the SeaMoN East frame. The sensor was not calibrated as the sizes of the natural particles are unknown. Data was acquired every 15 minutes. The instrument is part of the SeaMoN East ecological monitoring node."
EMSO-AZORES_Wetlabs_Turbidity_2017-2018,public,Ifremer IPGP,table,TimeSeries,EDDTableFromErddap,"EMSO-Azores, SeaMoN East : Turbidity (NTU) data, 2017-2018",-31.64,-31.64,,37.8,37.8,,-1695.0,-1695.0,2017-07-15T21:29:59Z,2018-07-23T04:29:59Z,,,https://erddap.emso.eu/erddap/tabledap/EMSO-AZORES_Wetlabs_Turbidity_2017-2018.subset,https://erddap.emso.eu/erddap/tabledap/EMSO-AZORES_Wetlabs_Turbidity_2017-2018,https://erddap.emso.eu/erddap/tabledap/EMSO-AZORES_Wetlabs_Turbidity_2017-2018.graph,,,,,https://erddap.emso.eu/erddap/metadata/fgdc/xml/EMSO-AZORES_Wetlabs_Turbidity_2017-2018_fgdc.xml,https://erddap.emso.eu/erddap/metadata/iso19115/xml/EMSO-AZORES_Wetlabs_Turbidity_2017-2018_iso19115.xml,https://erddap.emso.eu/erddap/info/EMSO-AZORES_Wetlabs_Turbidity_2017-2018/index,(local files),https://wwz.ifremer.fr/,https://erddap.emso.eu/erddap/rss/EMSO-AZORES_Wetlabs_Turbidity_2017-2018.rss,https://erddap.emso.eu/erddap/subscriptions/add.html?datasetID=EMSO-AZORES_Wetlabs_Turbidity_2017-2018&showErrors=false&email=,,,"This dataset contains turbidity (Nephelometric Turbidity Units (NTU)) data acquired between July 2017 and July 2018 using a Wetlabs turbidimeter (ECO-BBRTD, serial # 215R) installed horizontally at 1.5 m height at the top of the SeaMoN East frame. The sensor was not calibrated as the sizes of the natural particles are unknown. Data was acquired every 15 minutes. The instrument is part of the SeaMoN East ecological monitoring node deployed at ca 10m away from the active hydrothermal edifice Tour Eiffel."
EMSO-LIGURE-NICE_SPF-PZ3L-01_2015-2019,public,Ifremer,table,TimeSeries,EDDTableFromErddap,"EMSO-LIGURE NICE, Pore pressure and temperature data from piezometer SPF-PZ3L-01, 2015-2019",7.217683,7.217683,,43.64325,43.64325,,-0.0,-28.33,2015-10-16T12:07:00Z,2019-06-21T09:09:00Z,,,https://erddap.emso.eu/erddap/tabledap/EMSO-LIGURE-NICE_SPF-PZ3L-01_2015-2019.subset,https://erddap.emso.eu/erddap/tabledap/EMSO-LIGURE-NICE_SPF-PZ3L-01_2015-2019,https://erddap.emso.eu/erddap/tabledap/EMSO-LIGURE-NICE_SPF-PZ3L-01_2015-2019.graph,,,,,https://erddap.emso.eu/erddap/metadata/fgdc/xml/EMSO-LIGURE-NICE_SPF-PZ3L-01_2015-2019_fgdc.xml,https://erddap.emso.eu/erddap/metadata/iso19115/xml/EMSO-LIGURE-NICE_SPF-PZ3L-01_2015-2019_iso19115.xml,https://erddap.emso.eu/erddap/info/EMSO-LIGURE-NICE_SPF-PZ3L-01_2015-2019/index,(local files),https://wwz.ifremer.fr/,https://erddap.emso.eu/erddap/rss/EMSO-LIGURE-NICE_SPF-PZ3L-01_2015-2019.rss,https://erddap.emso.eu/erddap/subscriptions/add.html?datasetID=EMSO-LIGURE-NICE_SPF-PZ3L-01_2015-2019&showErrors=false&email=,,,This dataset contains the pressure and temperature data acquired by piezometer SPF-PZ3L from October 2015 following its deployment during the ESS_PENF50_2015 cruise. It operated in an autonomous mode until its connection to the EMSO-Ligure Nice cabled observatory on the 14/09/2016. Sediment pore pressure together with temperature have been measured at 20 different levels below seafloor.
EMSO-LIGURE-NICE_ST4-PZ2L-01B_2014-2019,public,Ifremer,table,TimeSeries,EDDTableFromErddap,"EMSO-LIGURE NICE, Pore pressure and temperature data from piezometer ST4-PZ2L-01B, 2014-2019",7.217683,7.217683,,43.64325,43.64325,,-0.79,-7.04,2014-01-30T00:03:00Z,2019-05-10T07:50:00Z,,,https://erddap.emso.eu/erddap/tabledap/EMSO-LIGURE-NICE_ST4-PZ2L-01B_2014-2019.subset,https://erddap.emso.eu/erddap/tabledap/EMSO-LIGURE-NICE_ST4-PZ2L-01B_2014-2019,https://erddap.emso.eu/erddap/tabledap/EMSO-LIGURE-NICE_ST4-PZ2L-01B_2014-2019.graph,,,,,https://erddap.emso.eu/erddap/metadata/fgdc/xml/EMSO-LIGURE-NICE_ST4-PZ2L-01B_2014-2019_fgdc.xml,https://erddap.emso.eu/erddap/metadata/iso19115/xml/EMSO-LIGURE-NICE_ST4-PZ2L-01B_2014-2019_iso19115.xml,https://erddap.emso.eu/erddap/info/EMSO-LIGURE-NICE_ST4-PZ2L-01B_2014-2019/index,(local files),https://wwz.ifremer.fr/,https://erddap.emso.eu/erddap/rss/EMSO-LIGURE-NICE_ST4-PZ2L-01B_2014-2019.rss,https://erddap.emso.eu/erddap/subscriptions/add.html?datasetID=EMSO-LIGURE-NICE_ST4-PZ2L-01B_2014-2019&showErrors=false&email=,,,This dataset contains the pressure and temperature data acquired below seafloor by piezometer ST4-PZ2L-01B since 2016 following its deployment during the STEP 2014 cruise. It operated in an autonomous mode until its connection to the EMSO-Ligure Nice cabled observatory on the 14/09/2016. Sediment pore pressure together with temperature have been measured at 6 different levels below seafloor.
EMSO-LIGURE-NICE_ST4-PZ2L-03_2014-2018,public,Ifremer,table,TimeSeries,EDDTableFromErddap,"EMSO-LIGURE NICE, Pore pressure and temperature data from piezometer ST4-PZ2L-03, 2014-2018",7.217683,7.217683,,43.64325,43.64325,,-0.79,-5.39,2014-01-30T00:03:00Z,2018-08-25T06:37:44Z,,,https://erddap.emso.eu/erddap/tabledap/EMSO-LIGURE-NICE_ST4-PZ2L-03_2014-2018.subset,https://erddap.emso.eu/erddap/tabledap/EMSO-LIGURE-NICE_ST4-PZ2L-03_2014-2018,https://erddap.emso.eu/erddap/tabledap/EMSO-LIGURE-NICE_ST4-PZ2L-03_2014-2018.graph,,,,,https://erddap.emso.eu/erddap/metadata/fgdc/xml/EMSO-LIGURE-NICE_ST4-PZ2L-03_2014-2018_fgdc.xml,https://erddap.emso.eu/erddap/metadata/iso19115/xml/EMSO-LIGURE-NICE_ST4-PZ2L-03_2014-2018_iso19115.xml,https://erddap.emso.eu/erddap/info/EMSO-LIGURE-NICE_ST4-PZ2L-03_2014-2018/index,(local files),https://wwz.ifremer.fr/,https://erddap.emso.eu/erddap/rss/EMSO-LIGURE-NICE_ST4-PZ2L-03_2014-2018.rss,https://erddap.emso.eu/erddap/subscriptions/add.html?datasetID=EMSO-LIGURE-NICE_ST4-PZ2L-03_2014-2018&showErrors=false&email=,,,This dataset contains the pressure and temperature data acquired below seafloor by piezometer ST4-PZ2L-03 since January 2014 following its deployment during the STEP 2014 cruise. It operated in an autonomous mode until its connection to the EMSO-Ligure Nice cabled observatory on the 13/09/2017. Sediment pore pressure together with temperature have been measured at 7 different levels below seafloor.
EMSO-LIGURE-NICE_MAR2-PZML-01_2021-2022,public,Ifremer,table,TimeSeries,EDDTableFromErddap,"EMSO-LIGURE NICE, Pressure and temperature data from piezometer MAR2-PZML-01 from July 2021 to September 2024",7.217683,7.217683,,43.64325,43.64325,,-0.79,-7.07,2021-07-25T00:02:00Z,2024-09-16T07:16:00Z,,,https://erddap.emso.eu/erddap/tabledap/EMSO-LIGURE-NICE_MAR2-PZML-01_2021-2022.subset,https://erddap.emso.eu/erddap/tabledap/EMSO-LIGURE-NICE_MAR2-PZML-01_2021-2022,https://erddap.emso.eu/erddap/tabledap/EMSO-LIGURE-NICE_MAR2-PZML-01_2021-2022.graph,,,,,https://erddap.emso.eu/erddap/metadata/fgdc/xml/EMSO-LIGURE-NICE_MAR2-PZML-01_2021-2022_fgdc.xml,https://erddap.emso.eu/erddap/metadata/iso19115/xml/EMSO-LIGURE-NICE_MAR2-PZML-01_2021-2022_iso19115.xml,https://erddap.emso.eu/erddap/info/EMSO-LIGURE-NICE_MAR2-PZML-01_2021-2022/index,(local files),https://wwz.ifremer.fr/,https://erddap.emso.eu/erddap/rss/EMSO-LIGURE-NICE_MAR2-PZML-01_2021-2022.rss,https://erddap.emso.eu/erddap/subscriptions/add.html?datasetID=EMSO-LIGURE-NICE_MAR2-PZML-01_2021-2022&showErrors=false&email=,,,This dataset contains the pressure and temperature data acquired by piezometer MAR2-PZML-01 from July 2021 following its deployment during the MaRoLiS cruise until its recovery in September 2024 during the STEP2024 cruise. It was connected to the EMSO-Ligure Nice cabled observatory. Pressure has been measured together with temperature at seven different levels below seafloor. The P1 and P7 absolute pressure sensors have recorded the ambient pressure of the water column through the seawater-filled interior of the piezometer shaft. The P2 to P6 differential pressure sensors have recorded fluid pressure in the sediment pores relative to the water column pressure.
Emso_Western_Ligurian_Bathybot_Optodes_NetCDF_2023,public,MIO UMR 7294 CNRS / OSU Pytheas,table,TimeSeries,EDDTableFromErddap,EMSO-LO Western Ligurian : BJS_Bathydock Optode sensors (NetCDF files from 2023-09-20),5.9826,5.9826,,42.8014,42.8014,,-2420.0,-2420.0,2023-09-20T13:39:07Z,2024-02-04T19:45:08Z,,,https://erddap.emso.eu/erddap/tabledap/Emso_Western_Ligurian_Bathybot_Optodes_NetCDF_2023.subset,https://erddap.emso.eu/erddap/tabledap/Emso_Western_Ligurian_Bathybot_Optodes_NetCDF_2023,https://erddap.emso.eu/erddap/tabledap/Emso_Western_Ligurian_Bathybot_Optodes_NetCDF_2023.graph,,,,,https://erddap.emso.eu/erddap/metadata/fgdc/xml/Emso_Western_Ligurian_Bathybot_Optodes_NetCDF_2023_fgdc.xml,https://erddap.emso.eu/erddap/metadata/iso19115/xml/Emso_Western_Ligurian_Bathybot_Optodes_NetCDF_2023_iso19115.xml,https://erddap.emso.eu/erddap/info/Emso_Western_Ligurian_Bathybot_Optodes_NetCDF_2023/index,(local files),http://www.emso-fr.org/EMSO-France,https://erddap.emso.eu/erddap/rss/Emso_Western_Ligurian_Bathybot_Optodes_NetCDF_2023.rss,https://erddap.emso.eu/erddap/subscriptions/add.html?datasetID=Emso_Western_Ligurian_Bathybot_Optodes_NetCDF_2023&showErrors=false&email=,now-1day,604.44507,"The European Multidisciplinary Seafloor and water column Observatory (EMSO) is a research infrastructure distributed throughout Europe for seabed and water column observatories.  It aims to further explore the oceans, better understand the phenomena that occur on the seabed, and elucidate the critical role that these phenomena play in global Earth systems.  This observatory is based on observation sites (or nodes) that have been deployed in strategic locations in European seas, from the Arctic to the Atlantic, from the Mediterranean to the Black Sea.  There are currently eleven deep water nodes plus four shallow water test nodes.  EMSO Western Ligurian (EMSO-WL) is one of these permanent underwater observatories located in the Ligurian Sea and is deployed off Toulon, France. This region was chosen for its particular scientific interests such as: seismicity, topography, turbidity, biodiversity, water mass dynamics and organic matter flow.  This underwater observation network is located close by KM3NeT (https://www.km3net.org/) which has a modular topology designed to connect up to 120 neutrino detection units. Earth and Sea Science (ESS) instrumentation at the EMSO-WL station is based on two complementary components: an instrumented interface module (MII) and an autonomous instrumented line (ALBATROSS) as well as a junction box (BJS). The BathyFamily is a package of innovative multi-instrumented platforms to observe the deep sea. BathyBot is an Internet Operated Vehicle (IOV) deployed from a landing station (BathyDock), and close to BathyReef a 3D-printed biomimetic colonizer"
Emso_Western_Ligurian_Bathybot_ADCP_NetCDF_2023,public,MIO UMR 7294 CNRS / OSU Pytheas,table,TimeSeries,EDDTableFromErddap,"EMSO-LO Western Ligurian : BJS_Bathydock, ADCP sensor (NetCDF files from 2023-09-20",5.9829,5.9829,,42.8016,42.8016,,-2325.0,-2420.0,2023-09-21T00:52:32Z,2024-02-04T00:28:01Z,,,https://erddap.emso.eu/erddap/tabledap/Emso_Western_Ligurian_Bathybot_ADCP_NetCDF_2023.subset,https://erddap.emso.eu/erddap/tabledap/Emso_Western_Ligurian_Bathybot_ADCP_NetCDF_2023,https://erddap.emso.eu/erddap/tabledap/Emso_Western_Ligurian_Bathybot_ADCP_NetCDF_2023.graph,,,,,https://erddap.emso.eu/erddap/metadata/fgdc/xml/Emso_Western_Ligurian_Bathybot_ADCP_NetCDF_2023_fgdc.xml,https://erddap.emso.eu/erddap/metadata/iso19115/xml/Emso_Western_Ligurian_Bathybot_ADCP_NetCDF_2023_iso19115.xml,https://erddap.emso.eu/erddap/info/Emso_Western_Ligurian_Bathybot_ADCP_NetCDF_2023/index,(local files),https://www.seadatanet.org/,https://erddap.emso.eu/erddap/rss/Emso_Western_Ligurian_Bathybot_ADCP_NetCDF_2023.rss,https://erddap.emso.eu/erddap/subscriptions/add.html?datasetID=Emso_Western_Ligurian_Bathybot_ADCP_NetCDF_2023&showErrors=false&email=,,,"The European Multidisciplinary Seafloor and water column Observatory (EMSO) is a research infrastructure distributed throughout Europe for seabed and water column observatories.  It aims to further explore the oceans, better understand the phenomena that occur on the seabed, and elucidate the critical role that these phenomena play in global Earth systems.  This observatory is based on observation sites (or nodes) that have been deployed in strategic locations in European seas, from the Arctic to the Atlantic, from the Mediterranean to the Black Sea.  There are currently eleven deep water nodes plus four shallow water test nodes.  EMSO Western Ligurian (EMSO-WL) is one of these permanent underwater observatories located in the Ligurian Sea and is deployed off Toulon, France. This region was chosen for its particular scientific interests such as: seismicity, topography, turbidity, biodiversity, water mass dynamics and organic matter flow.  This underwater observation network is located close by KM3NeT (https://www.km3net.org/) which has a modular topology designed to connect up to 120 neutrino detection units. Earth and Sea Science (ESS) instrumentation at the EMSO-WL station is based on two complementary components: an instrumented interface module (MII) and an autonomous instrumented line (ALBATROSS) as well as a junction box (BJS). The BathyFamily is a package of innovative multi-instrumented platforms to observe the deep sea. BathyBot is an Internet Operated Vehicle (IOV) deployed from a landing station (BathyDock), and close to BathyReef a 3D-printed biomimetic colonizer."
Emso_Western_Ligurian_Bathybot_Aquadopp_NetCDF_2023,public,MIO UMR 7294 CNRS / OSU Pytheas,table,TimeSeries,EDDTableFromErddap,EMSO-LO Western Ligurian : BJS_Bathydock_Bathybot Aquadopp sensor (NetCDF files from 2023-09-20),5.9826,5.9826,,42.8014,42.8014,,,,2023-09-20T13:21:14Z,2024-02-04T19:45:13Z,,,https://erddap.emso.eu/erddap/tabledap/Emso_Western_Ligurian_Bathybot_Aquadopp_NetCDF_2023.subset,https://erddap.emso.eu/erddap/tabledap/Emso_Western_Ligurian_Bathybot_Aquadopp_NetCDF_2023,https://erddap.emso.eu/erddap/tabledap/Emso_Western_Ligurian_Bathybot_Aquadopp_NetCDF_2023.graph,,,,,https://erddap.emso.eu/erddap/metadata/fgdc/xml/Emso_Western_Ligurian_Bathybot_Aquadopp_NetCDF_2023_fgdc.xml,https://erddap.emso.eu/erddap/metadata/iso19115/xml/Emso_Western_Ligurian_Bathybot_Aquadopp_NetCDF_2023_iso19115.xml,https://erddap.emso.eu/erddap/info/Emso_Western_Ligurian_Bathybot_Aquadopp_NetCDF_2023/index,(local files),http://www.emso-fr.org/EMSO-France,https://erddap.emso.eu/erddap/rss/Emso_Western_Ligurian_Bathybot_Aquadopp_NetCDF_2023.rss,https://erddap.emso.eu/erddap/subscriptions/add.html?datasetID=Emso_Western_Ligurian_Bathybot_Aquadopp_NetCDF_2023&showErrors=false&email=,now-58days,10.421433,"EMSO-LO Western Ligurian : BathyBot, Aquadopp sensor (Network Common Data Format (NetCDF) files from 2023-04-28). The European Multidisciplinary Seafloor and water column Observatory (EMSO) is a research infrastructure distributed throughout Europe for seabed and water column observatories. It aims to further explore the oceans, better understand the phenomena that occur on the seabed, and elucidate the critical role that these phenomena play in global Earth systems. This observatory is based on observation sites (or nodes) that have been deployed in strategic locations in European seas, from the Arctic to the Atlantic, from the Mediterranean to the Black Sea. There are currently eleven deep water nodes plus four shallow water test nodes. EMSO Western Ligurian (EMSO-WL) is one of these permanent underwater observatories located in the Ligurian Sea and is deployed off Toulon, France. This region was chosen for its particular scientific interests such as: seismicity, topography, turbidity, biodiversity, water mass dynamics and organic matter flow. This underwater observation network is located close by KM3NeT (https://www.km3net.org/) which has a modular topology designed to connect up to 120 neutrino detection units. Earth and Sea Science (ESS) instrumentation at the EMSO-WL station is based on two complementary components: an instrumented interface module (MII) and an autonomous instrumented line (ALBATROSS) as well as a junction box (BJS). The BathyFamily is a package of innovative multi-instrumented platforms to observe the deep sea. BathyBot is an Internet Operated Vehicle (IOV) deployed from a landing station (BathyDock), and close to BathyReef a 3D-printed biomimetic colonizer"
Emso_Western_Ligurian_Bathybot_Microcat_NetCDF_2023,public,MIO UMR 7294 CNRS / OSU Pytheas,table,TimeSeries,EDDTableFromErddap,EMSO-LO Western Ligurian : BJS_Bathydock_Bathybot Microcat sensor (NetCDF files from 2023-09-20),5.9826,5.9826,,42.8014,42.8014,,-2420.0,-2420.0,2023-09-20T13:24:49Z,2024-02-04T19:45:49Z,,,https://erddap.emso.eu/erddap/tabledap/Emso_Western_Ligurian_Bathybot_Microcat_NetCDF_2023.subset,https://erddap.emso.eu/erddap/tabledap/Emso_Western_Ligurian_Bathybot_Microcat_NetCDF_2023,https://erddap.emso.eu/erddap/tabledap/Emso_Western_Ligurian_Bathybot_Microcat_NetCDF_2023.graph,,,,,https://erddap.emso.eu/erddap/metadata/fgdc/xml/Emso_Western_Ligurian_Bathybot_Microcat_NetCDF_2023_fgdc.xml,https://erddap.emso.eu/erddap/metadata/iso19115/xml/Emso_Western_Ligurian_Bathybot_Microcat_NetCDF_2023_iso19115.xml,https://erddap.emso.eu/erddap/info/Emso_Western_Ligurian_Bathybot_Microcat_NetCDF_2023/index,(local files),http://www.emso-fr.org/EMSO-France,https://erddap.emso.eu/erddap/rss/Emso_Western_Ligurian_Bathybot_Microcat_NetCDF_2023.rss,https://erddap.emso.eu/erddap/subscriptions/add.html?datasetID=Emso_Western_Ligurian_Bathybot_Microcat_NetCDF_2023&showErrors=false&email=,now-1day,604.4446,"The European Multidisciplinary Seafloor and water column Observatory (EMSO) is a research infrastructure distributed throughout Europe for seabed and water column observatories. It aims to further explore the oceans, better understand the phenomena that occur on the seabed, and elucidate the critical role that these phenomena play in global Earth systems. This observatory is based on observation sites (or nodes) that have been deployed in strategic locations in European seas, from the Arctic to the Atlantic, from the Mediterranean to the Black Sea. There are currently eleven deep water nodes plus four shallow water test nodes. EMSO Western Ligurian (EMSO-WL) is one of these permanent underwater observatories located in the Ligurian Sea and is deployed off Toulon, France. This region was chosen for its particular scientific interests such as: seismicity, topography, turbidity, biodiversity, water mass dynamics and organic matter flow. This underwater observation network is located close by KM3NeT (https://www.km3net.org/) which has a modular topology designed to connect up to 120 neutrino detection units. Earth and Sea Science (ESS) instrumentation at the EMSO-WL station is based on two complementary components: an instrumented interface module (MII) and an autonomous instrumented line (ALBATROSS) as well as a junction box (BJS). The BathyFamily is a package of innovative multi-instrumented platforms to observe the deep sea. BathyBot is an Internet Operated Vehicle (IOV) deployed from a landing station (BathyDock), and close to BathyReef a 3D-printed biomimetic colonizer"
BB_505_ADCP,public,"CNR, National Research Council, Institute of Polar Science (CNR - ISP)",table,TimeSeries,EDDTableFromErddap,EMSO-SA BB 505 ADCP,17.19352,17.19352,,41.3413,41.3413,,615.23,511.18,2012-03-07T00:00:00Z,2023-10-01T00:00:00Z,,,,https://erddap.emso.eu/erddap/tabledap/BB_505_ADCP,https://erddap.emso.eu/erddap/tabledap/BB_505_ADCP.graph,,,,,https://erddap.emso.eu/erddap/metadata/fgdc/xml/BB_505_ADCP_fgdc.xml,https://erddap.emso.eu/erddap/metadata/iso19115/xml/BB_505_ADCP_iso19115.xml,https://erddap.emso.eu/erddap/info/BB_505_ADCP/index,(local files),https://www.isp.cnr.it/index.php/en/research/other-activities/adriatic-sea#description-of-southern-adriatic-sea-observing-site,https://erddap.emso.eu/erddap/rss/BB_505_ADCP.rss,https://erddap.emso.eu/erddap/subscriptions/add.html?datasetID=BB_505_ADCP&showErrors=false&email=,,,"Oceanographic mooring data from deployment of BB mooring at the Southern Adriatic Sea (Mediterranean Sea). Mesured properties: sea-water temperature, currents along the water column"
BB_595_CTD,public,"CNR, National Research Council, Institute of Polar Science (CNR - ISP)",table,TimeSeries,EDDTableFromErddap,EMSO-SA BB 595 CTD,17.19352,17.19352,,41.3413,41.3413,,-589.0,-601.0,2010-03-15T00:00:00Z,2024-04-06T00:00:00Z,,,,https://erddap.emso.eu/erddap/tabledap/BB_595_CTD,https://erddap.emso.eu/erddap/tabledap/BB_595_CTD.graph,,,,,https://erddap.emso.eu/erddap/metadata/fgdc/xml/BB_595_CTD_fgdc.xml,https://erddap.emso.eu/erddap/metadata/iso19115/xml/BB_595_CTD_iso19115.xml,https://erddap.emso.eu/erddap/info/BB_595_CTD/index,(local files),https://www.isp.cnr.it/index.php/en/science/other-activities/adriatic-sea#mooring-southern-adriatic-msa,https://erddap.emso.eu/erddap/rss/BB_595_CTD.rss,https://erddap.emso.eu/erddap/subscriptions/add.html?datasetID=BB_595_CTD&showErrors=false&email=,,,"Oceanographic mooring data from deployment of BB mooring at the Southern Adriatic Sea (Mediterranean Sea). Mesured properties: sea-water pressure, temperature, potential_temperature, practical salinity, density, turbidity and dissolved oxygen in sea-water"
FF_644_ADCP,public,"CNR, National Research Council, Institute of Polar Science (CNR - ISP)",table,TimeSeries,EDDTableFromErddap,EMSO-SA FF 644 ADCP,17.03633,17.03918,,41.80373,41.80678,,754.23,643.21,2012-03-07T00:00:00Z,2024-04-06T00:00:00Z,,,,https://erddap.emso.eu/erddap/tabledap/FF_644_ADCP,https://erddap.emso.eu/erddap/tabledap/FF_644_ADCP.graph,,,,,https://erddap.emso.eu/erddap/metadata/fgdc/xml/FF_644_ADCP_fgdc.xml,https://erddap.emso.eu/erddap/metadata/iso19115/xml/FF_644_ADCP_iso19115.xml,https://erddap.emso.eu/erddap/info/FF_644_ADCP/index,(local files),https://www.isp.cnr.it/index.php/en/research/other-activities/adriatic-sea#description-of-southern-adriatic-sea-observing-site,https://erddap.emso.eu/erddap/rss/FF_644_ADCP.rss,https://erddap.emso.eu/erddap/subscriptions/add.html?datasetID=FF_644_ADCP&showErrors=false&email=,,,"Oceanographic mooring data from deployment of FF mooring at the Southern Adriatic Sea (Mediterranean Sea). Mesured properties: sea-water temperature, currents along the water column"
FF_734_CTD,public,"CNR, National Research Council, Institute of Polar Science (CNR - ISP)",table,TimeSeries,EDDTableFromErddap,EMSO-SA FF 734 CTD,17.0382,17.0382,,41.80622,41.80622,,-719.178,-748.3984,2012-03-08T00:00:00Z,2024-04-05T00:00:00Z,,,,https://erddap.emso.eu/erddap/tabledap/FF_734_CTD,https://erddap.emso.eu/erddap/tabledap/FF_734_CTD.graph,,,,,https://erddap.emso.eu/erddap/metadata/fgdc/xml/FF_734_CTD_fgdc.xml,https://erddap.emso.eu/erddap/metadata/iso19115/xml/FF_734_CTD_iso19115.xml,https://erddap.emso.eu/erddap/info/FF_734_CTD/index,(local files),https://www.isp.cnr.it/index.php/en/science/other-activities/adriatic-sea#mooring-southern-adriatic-msa,https://erddap.emso.eu/erddap/rss/FF_734_CTD.rss,https://erddap.emso.eu/erddap/subscriptions/add.html?datasetID=FF_734_CTD&showErrors=false&email=,,,"Oceanographic mooring data from deployment of FF mooring at the Southern Adriatic Sea (Mediterranean Sea). Mesured properties: sea-water pressure, temperature, potential_temperature, practical salinity, density, turbidity and dissolved oxygen in sea-water"
EMSO_OBSEA_Besos_Buoy_C3_30min,public,Polytechnic University of Catalonia,table,Point,EDDTableFromErddap,Fluorometry data from a Turner Designs C3 sensor at OBSEA's Besos Buoy (30min average) ,1.75257,1.75257,,41.18212,41.18212,,-0.0,-0.0,2022-08-02T10:00:00Z,2024-07-29T16:00:00Z,,,https://erddap.emso.eu/erddap/tabledap/EMSO_OBSEA_Besos_Buoy_C3_30min.subset,https://erddap.emso.eu/erddap/tabledap/EMSO_OBSEA_Besos_Buoy_C3_30min,https://erddap.emso.eu/erddap/tabledap/EMSO_OBSEA_Besos_Buoy_C3_30min.graph,,,,,https://erddap.emso.eu/erddap/metadata/fgdc/xml/EMSO_OBSEA_Besos_Buoy_C3_30min_fgdc.xml,https://erddap.emso.eu/erddap/metadata/iso19115/xml/EMSO_OBSEA_Besos_Buoy_C3_30min_iso19115.xml,https://erddap.emso.eu/erddap/info/EMSO_OBSEA_Besos_Buoy_C3_30min/index,(local files),https://edmo.seadatanet.org/report/2150,https://erddap.emso.eu/erddap/rss/EMSO_OBSEA_Besos_Buoy_C3_30min.rss,https://erddap.emso.eu/erddap/subscriptions/add.html?datasetID=EMSO_OBSEA_Besos_Buoy_C3_30min&showErrors=false&email=,,,"Data collected by a Turner Designs C3-SN2300642 fluorometer mounted at the Besos Buoy, on top of the OBSEA observatory, 30min average"
EMSO_OBSEA_Besos_Buoy_C3_full,public,Polytechnic University of Catalonia,table,Point,EDDTableFromErddap,Fluorometry data from a Turner Designs C3 sensor at OBSEA's Besos Buoy (full data) ,1.75257,1.75257,,41.18212,41.18212,,-0.0,-0.0,2022-08-02T10:29:30Z,2024-07-29T16:20:21Z,,,https://erddap.emso.eu/erddap/tabledap/EMSO_OBSEA_Besos_Buoy_C3_full.subset,https://erddap.emso.eu/erddap/tabledap/EMSO_OBSEA_Besos_Buoy_C3_full,https://erddap.emso.eu/erddap/tabledap/EMSO_OBSEA_Besos_Buoy_C3_full.graph,,,,,https://erddap.emso.eu/erddap/metadata/fgdc/xml/EMSO_OBSEA_Besos_Buoy_C3_full_fgdc.xml,https://erddap.emso.eu/erddap/metadata/iso19115/xml/EMSO_OBSEA_Besos_Buoy_C3_full_iso19115.xml,https://erddap.emso.eu/erddap/info/EMSO_OBSEA_Besos_Buoy_C3_full/index,(local files),https://edmo.seadatanet.org/report/2150,https://erddap.emso.eu/erddap/rss/EMSO_OBSEA_Besos_Buoy_C3_full.rss,https://erddap.emso.eu/erddap/subscriptions/add.html?datasetID=EMSO_OBSEA_Besos_Buoy_C3_full&showErrors=false&email=,,,"Data collected by a Turner Designs C3-SN2300642 fluorometer mounted at the Besos Buoy, on top of the OBSEA observatory, full data"
E1M3A_20070528_20080226,public,HCMR POSEIDON,table,TimeSeries,EDDTableFromErddap,"Med Sea, Cretan Sea, NRT in situ Observations",25.1425,25.1425,,35.7382,35.7382,,3.0,-1000.0,2007-05-28T12:00:00Z,2008-02-26T09:00:00Z,,,https://erddap.emso.eu/erddap/tabledap/E1M3A_20070528_20080226.subset,https://erddap.emso.eu/erddap/tabledap/E1M3A_20070528_20080226,https://erddap.emso.eu/erddap/tabledap/E1M3A_20070528_20080226.graph,,,,,https://erddap.emso.eu/erddap/metadata/fgdc/xml/E1M3A_20070528_20080226_fgdc.xml,https://erddap.emso.eu/erddap/metadata/iso19115/xml/E1M3A_20070528_20080226_iso19115.xml,https://erddap.emso.eu/erddap/info/E1M3A_20070528_20080226/index,(local files),https://poseidon.hcmr.gr/,https://erddap.emso.eu/erddap/rss/E1M3A_20070528_20080226.rss,https://erddap.emso.eu/erddap/subscriptions/add.html?datasetID=E1M3A_20070528_20080226&showErrors=false&email=,,,Med Sea - Cretan Sea - Near Real Time (NRT) in situ Observations
E1M3A_20080227_20090725,public,HCMR POSEIDON,table,TimeSeries,EDDTableFromErddap,"Med Sea, Cretan Sea, NRT in situ Observations",25.1425,25.1425,,35.7382,35.7382,,3.0,-1000.0,2008-02-27T06:00:00Z,2009-07-25T21:00:00Z,,,https://erddap.emso.eu/erddap/tabledap/E1M3A_20080227_20090725.subset,https://erddap.emso.eu/erddap/tabledap/E1M3A_20080227_20090725,https://erddap.emso.eu/erddap/tabledap/E1M3A_20080227_20090725.graph,,,,,https://erddap.emso.eu/erddap/metadata/fgdc/xml/E1M3A_20080227_20090725_fgdc.xml,https://erddap.emso.eu/erddap/metadata/iso19115/xml/E1M3A_20080227_20090725_iso19115.xml,https://erddap.emso.eu/erddap/info/E1M3A_20080227_20090725/index,(local files),https://poseidon.hcmr.gr/,https://erddap.emso.eu/erddap/rss/E1M3A_20080227_20090725.rss,https://erddap.emso.eu/erddap/subscriptions/add.html?datasetID=E1M3A_20080227_20090725&showErrors=false&email=,,,Med Sea - Cretan Sea - Near Real Time (NRT) in situ Observations
E1M3A_20090726_20100707,public,HCMR POSEIDON,table,TimeSeries,EDDTableFromErddap,"Med Sea, Cretan Sea, NRT in situ Observations",25.1425,25.1425,,35.7382,35.7382,,3.0,-1000.0,2009-07-26T00:00:00Z,2010-07-07T21:00:00Z,,,https://erddap.emso.eu/erddap/tabledap/E1M3A_20090726_20100707.subset,https://erddap.emso.eu/erddap/tabledap/E1M3A_20090726_20100707,https://erddap.emso.eu/erddap/tabledap/E1M3A_20090726_20100707.graph,,,,,https://erddap.emso.eu/erddap/metadata/fgdc/xml/E1M3A_20090726_20100707_fgdc.xml,https://erddap.emso.eu/erddap/metadata/iso19115/xml/E1M3A_20090726_20100707_iso19115.xml,https://erddap.emso.eu/erddap/info/E1M3A_20090726_20100707/index,(local files),https://poseidon.hcmr.gr/,https://erddap.emso.eu/erddap/rss/E1M3A_20090726_20100707.rss,https://erddap.emso.eu/erddap/subscriptions/add.html?datasetID=E1M3A_20090726_20100707&showErrors=false&email=,,,Med Sea - Cretan Sea - Near Real Time (NRT) in situ Observations
E1M3A_20100708_20110827,public,HCMR POSEIDON,table,TimeSeries,EDDTableFromErddap,"Med Sea, Cretan Sea, NRT in situ Observations",25.1425,25.1425,,35.7382,35.7382,,3.0,-1000.0,2010-07-08T00:00:00Z,2011-08-27T21:00:00Z,,,https://erddap.emso.eu/erddap/tabledap/E1M3A_20100708_20110827.subset,https://erddap.emso.eu/erddap/tabledap/E1M3A_20100708_20110827,https://erddap.emso.eu/erddap/tabledap/E1M3A_20100708_20110827.graph,,,,,https://erddap.emso.eu/erddap/metadata/fgdc/xml/E1M3A_20100708_20110827_fgdc.xml,https://erddap.emso.eu/erddap/metadata/iso19115/xml/E1M3A_20100708_20110827_iso19115.xml,https://erddap.emso.eu/erddap/info/E1M3A_20100708_20110827/index,(local files),https://poseidon.hcmr.gr/,https://erddap.emso.eu/erddap/rss/E1M3A_20100708_20110827.rss,https://erddap.emso.eu/erddap/subscriptions/add.html?datasetID=E1M3A_20100708_20110827&showErrors=false&email=,,,Med Sea - Cretan Sea - Near Real Time (NRT) in situ Observations
E1M3A_20110828_20130521,public,HCMR POSEIDON,table,TimeSeries,EDDTableFromErddap,"Med Sea, Cretan Sea, NRT in situ Observations",25.1425,25.1425,,35.7382,35.7382,,3.0,-1000.0,2011-08-28T00:00:00Z,2012-04-10T12:00:00Z,,,https://erddap.emso.eu/erddap/tabledap/E1M3A_20110828_20130521.subset,https://erddap.emso.eu/erddap/tabledap/E1M3A_20110828_20130521,https://erddap.emso.eu/erddap/tabledap/E1M3A_20110828_20130521.graph,,,,,https://erddap.emso.eu/erddap/metadata/fgdc/xml/E1M3A_20110828_20130521_fgdc.xml,https://erddap.emso.eu/erddap/metadata/iso19115/xml/E1M3A_20110828_20130521_iso19115.xml,https://erddap.emso.eu/erddap/info/E1M3A_20110828_20130521/index,(local files),https://poseidon.hcmr.gr/,https://erddap.emso.eu/erddap/rss/E1M3A_20110828_20130521.rss,https://erddap.emso.eu/erddap/subscriptions/add.html?datasetID=E1M3A_20110828_20130521&showErrors=false&email=,,,Med Sea - Cretan Sea - Near Real Time (NRT) in situ Observations
E1M3A_20130522_20141009,public,HCMR POSEIDON,table,TimeSeries,EDDTableFromErddap,"Med Sea, Cretan Sea, NRT in situ Observations",25.1425,25.1425,,35.7382,35.7382,,3.0,-1000.0,2013-05-22T06:00:00Z,2014-10-09T21:00:00Z,,,https://erddap.emso.eu/erddap/tabledap/E1M3A_20130522_20141009.subset,https://erddap.emso.eu/erddap/tabledap/E1M3A_20130522_20141009,https://erddap.emso.eu/erddap/tabledap/E1M3A_20130522_20141009.graph,,,,,https://erddap.emso.eu/erddap/metadata/fgdc/xml/E1M3A_20130522_20141009_fgdc.xml,https://erddap.emso.eu/erddap/metadata/iso19115/xml/E1M3A_20130522_20141009_iso19115.xml,https://erddap.emso.eu/erddap/info/E1M3A_20130522_20141009/index,(local files),https://poseidon.hcmr.gr/,https://erddap.emso.eu/erddap/rss/E1M3A_20130522_20141009.rss,https://erddap.emso.eu/erddap/subscriptions/add.html?datasetID=E1M3A_20130522_20141009&showErrors=false&email=,,,Med Sea - Cretan Sea - Near Real Time (NRT) in situ Observations
E1M3A_20141010_20160712,public,HCMR POSEIDON,table,TimeSeries,EDDTableFromErddap,"Med Sea, Cretan Sea, NRT in situ Observations",25.1425,25.1425,,35.7382,35.7382,,3.0,-1000.0,2014-10-10T00:00:00Z,2015-07-07T18:00:00Z,,,https://erddap.emso.eu/erddap/tabledap/E1M3A_20141010_20160712.subset,https://erddap.emso.eu/erddap/tabledap/E1M3A_20141010_20160712,https://erddap.emso.eu/erddap/tabledap/E1M3A_20141010_20160712.graph,,,,,https://erddap.emso.eu/erddap/metadata/fgdc/xml/E1M3A_20141010_20160712_fgdc.xml,https://erddap.emso.eu/erddap/metadata/iso19115/xml/E1M3A_20141010_20160712_iso19115.xml,https://erddap.emso.eu/erddap/info/E1M3A_20141010_20160712/index,(local files),https://poseidon.hcmr.gr/,https://erddap.emso.eu/erddap/rss/E1M3A_20141010_20160712.rss,https://erddap.emso.eu/erddap/subscriptions/add.html?datasetID=E1M3A_20141010_20160712&showErrors=false&email=,,,Med Sea - Cretan Sea - Near Real Time (NRT) in situ Observations
E1M3A_20160713_20170415,public,HCMR POSEIDON,table,TimeSeries,EDDTableFromErddap,"Med Sea, Cretan Sea, NRT in situ Observations",25.1425,25.1425,,35.7382,35.7382,,3.0,-1000.0,2016-07-13T21:00:00Z,2017-04-15T21:00:00Z,,,https://erddap.emso.eu/erddap/tabledap/E1M3A_20160713_20170415.subset,https://erddap.emso.eu/erddap/tabledap/E1M3A_20160713_20170415,https://erddap.emso.eu/erddap/tabledap/E1M3A_20160713_20170415.graph,,,,,https://erddap.emso.eu/erddap/metadata/fgdc/xml/E1M3A_20160713_20170415_fgdc.xml,https://erddap.emso.eu/erddap/metadata/iso19115/xml/E1M3A_20160713_20170415_iso19115.xml,https://erddap.emso.eu/erddap/info/E1M3A_20160713_20170415/index,(local files),https://poseidon.hcmr.gr/,https://erddap.emso.eu/erddap/rss/E1M3A_20160713_20170415.rss,https://erddap.emso.eu/erddap/subscriptions/add.html?datasetID=E1M3A_20160713_20170415&showErrors=false&email=,,,Med Sea - Cretan Sea - Near Real Time (NRT) in situ Observations
E1M3A_20170416_20180623,public,HCMR POSEIDON,table,TimeSeries,EDDTableFromErddap,"Med Sea, Cretan Sea, NRT in situ Observations",25.1425,25.1425,,35.7382,35.7382,,3.0,-1000.0,2017-04-16T00:00:00Z,2018-06-21T18:00:00Z,,,https://erddap.emso.eu/erddap/tabledap/E1M3A_20170416_20180623.subset,https://erddap.emso.eu/erddap/tabledap/E1M3A_20170416_20180623,https://erddap.emso.eu/erddap/tabledap/E1M3A_20170416_20180623.graph,,,,,https://erddap.emso.eu/erddap/metadata/fgdc/xml/E1M3A_20170416_20180623_fgdc.xml,https://erddap.emso.eu/erddap/metadata/iso19115/xml/E1M3A_20170416_20180623_iso19115.xml,https://erddap.emso.eu/erddap/info/E1M3A_20170416_20180623/index,(local files),https://poseidon.hcmr.gr/,https://erddap.emso.eu/erddap/rss/E1M3A_20170416_20180623.rss,https://erddap.emso.eu/erddap/subscriptions/add.html?datasetID=E1M3A_20170416_20180623&showErrors=false&email=,,,Med Sea - Cretan Sea - Near Real Time (NRT) in situ Observations
E1M3A_20180624_20190717,public,HCMR POSEIDON,table,TimeSeries,EDDTableFromErddap,"Med Sea, Cretan Sea, NRT in situ Observations",25.1425,25.1425,,35.7382,35.7382,,3.0,-1000.0,2018-06-24T15:00:00Z,2019-07-15T18:00:00Z,,,https://erddap.emso.eu/erddap/tabledap/E1M3A_20180624_20190717.subset,https://erddap.emso.eu/erddap/tabledap/E1M3A_20180624_20190717,https://erddap.emso.eu/erddap/tabledap/E1M3A_20180624_20190717.graph,,,,,https://erddap.emso.eu/erddap/metadata/fgdc/xml/E1M3A_20180624_20190717_fgdc.xml,https://erddap.emso.eu/erddap/metadata/iso19115/xml/E1M3A_20180624_20190717_iso19115.xml,https://erddap.emso.eu/erddap/info/E1M3A_20180624_20190717/index,(local files),https://poseidon.hcmr.gr/,https://erddap.emso.eu/erddap/rss/E1M3A_20180624_20190717.rss,https://erddap.emso.eu/erddap/subscriptions/add.html?datasetID=E1M3A_20180624_20190717&showErrors=false&email=,,,Med Sea - Cretan Sea - Near Real Time (NRT) in situ Observations
E1M3A_20190718_20201126,public,HCMR POSEIDON,table,TimeSeries,EDDTableFromErddap,"Med Sea, Cretan Sea, NRT in situ Observations",25.1307,25.1425,,35.7263,35.7382,,3.0,-1000.0,2019-07-18T06:00:00Z,2020-11-26T18:00:00Z,,,https://erddap.emso.eu/erddap/tabledap/E1M3A_20190718_20201126.subset,https://erddap.emso.eu/erddap/tabledap/E1M3A_20190718_20201126,https://erddap.emso.eu/erddap/tabledap/E1M3A_20190718_20201126.graph,,,,,https://erddap.emso.eu/erddap/metadata/fgdc/xml/E1M3A_20190718_20201126_fgdc.xml,https://erddap.emso.eu/erddap/metadata/iso19115/xml/E1M3A_20190718_20201126_iso19115.xml,https://erddap.emso.eu/erddap/info/E1M3A_20190718_20201126/index,(local files),https://poseidon.hcmr.gr/,https://erddap.emso.eu/erddap/rss/E1M3A_20190718_20201126.rss,https://erddap.emso.eu/erddap/subscriptions/add.html?datasetID=E1M3A_20190718_20201126&showErrors=false&email=,,,Med Sea - Cretan Sea - Near Real Time (NRT) in situ Observations
E1M3A_20201127_20210912,public,HCMR POSEIDON,table,TimeSeries,EDDTableFromErddap,"Med Sea, Cretan Sea, NRT in situ Observations",25.1307,25.1307,,35.7263,35.7263,,3.0,-1000.0,2020-11-27T09:00:00Z,2021-09-12T18:00:00Z,,,https://erddap.emso.eu/erddap/tabledap/E1M3A_20201127_20210912.subset,https://erddap.emso.eu/erddap/tabledap/E1M3A_20201127_20210912,https://erddap.emso.eu/erddap/tabledap/E1M3A_20201127_20210912.graph,,,,,https://erddap.emso.eu/erddap/metadata/fgdc/xml/E1M3A_20201127_20210912_fgdc.xml,https://erddap.emso.eu/erddap/metadata/iso19115/xml/E1M3A_20201127_20210912_iso19115.xml,https://erddap.emso.eu/erddap/info/E1M3A_20201127_20210912/index,(local files),https://poseidon.hcmr.gr/,https://erddap.emso.eu/erddap/rss/E1M3A_20201127_20210912.rss,https://erddap.emso.eu/erddap/subscriptions/add.html?datasetID=E1M3A_20201127_20210912&showErrors=false&email=,,,Med Sea - Cretan Sea - Near Real Time (NRT) in situ Observations
E1M3A_20210913_20221201,public,HCMR POSEIDON,table,TimeSeries,EDDTableFromErddap,"Med Sea, Cretan Sea, NRT in situ Observations",25.1307,25.1307,,35.7263,35.7263,,3.0,-1000.0,2021-09-13T00:00:00Z,2022-12-01T21:00:00Z,,,https://erddap.emso.eu/erddap/tabledap/E1M3A_20210913_20221201.subset,https://erddap.emso.eu/erddap/tabledap/E1M3A_20210913_20221201,https://erddap.emso.eu/erddap/tabledap/E1M3A_20210913_20221201.graph,,,,,https://erddap.emso.eu/erddap/metadata/fgdc/xml/E1M3A_20210913_20221201_fgdc.xml,https://erddap.emso.eu/erddap/metadata/iso19115/xml/E1M3A_20210913_20221201_iso19115.xml,https://erddap.emso.eu/erddap/info/E1M3A_20210913_20221201/index,(local files),https://poseidon.hcmr.gr/,https://erddap.emso.eu/erddap/rss/E1M3A_20210913_20221201.rss,https://erddap.emso.eu/erddap/subscriptions/add.html?datasetID=E1M3A_20210913_20221201&showErrors=false&email=,,,Med Sea - Cretan Sea - Near Real Time (NRT) in situ Observations
E1M3A_20221202_20240312,public,HCMR POSEIDON,table,TimeSeries,EDDTableFromErddap,"Med Sea, Cretan Sea, NRT in situ Observations",25.1307,25.1307,,35.7263,35.7263,,3.0,-1000.0,2022-12-02T00:00:00Z,2024-01-26T06:00:00Z,,,https://erddap.emso.eu/erddap/tabledap/E1M3A_20221202_20240312.subset,https://erddap.emso.eu/erddap/tabledap/E1M3A_20221202_20240312,https://erddap.emso.eu/erddap/tabledap/E1M3A_20221202_20240312.graph,,,,,https://erddap.emso.eu/erddap/metadata/fgdc/xml/E1M3A_20221202_20240312_fgdc.xml,https://erddap.emso.eu/erddap/metadata/iso19115/xml/E1M3A_20221202_20240312_iso19115.xml,https://erddap.emso.eu/erddap/info/E1M3A_20221202_20240312/index,(local files),https://poseidon.hcmr.gr/,https://erddap.emso.eu/erddap/rss/E1M3A_20221202_20240312.rss,https://erddap.emso.eu/erddap/subscriptions/add.html?datasetID=E1M3A_20221202_20240312&showErrors=false&email=,,,Med Sea - Cretan Sea - Near Real Time (NRT) in situ Observations
E1M3A_20240313_20241126,public,HCMR POSEIDON,table,TimeSeries,EDDTableFromErddap,"Med Sea, Cretan Sea, NRT in situ Observations",25.1307,25.1307,,35.7263,35.7263,,3.0,-1000.0,2024-03-21T18:00:00Z,2024-11-26T09:00:00Z,,,https://erddap.emso.eu/erddap/tabledap/E1M3A_20240313_20241126.subset,https://erddap.emso.eu/erddap/tabledap/E1M3A_20240313_20241126,https://erddap.emso.eu/erddap/tabledap/E1M3A_20240313_20241126.graph,,,,,https://erddap.emso.eu/erddap/metadata/fgdc/xml/E1M3A_20240313_20241126_fgdc.xml,https://erddap.emso.eu/erddap/metadata/iso19115/xml/E1M3A_20240313_20241126_iso19115.xml,https://erddap.emso.eu/erddap/info/E1M3A_20240313_20241126/index,(local files),https://poseidon.hcmr.gr/,https://erddap.emso.eu/erddap/rss/E1M3A_20240313_20241126.rss,https://erddap.emso.eu/erddap/subscriptions/add.html?datasetID=E1M3A_20240313_20241126&showErrors=false&email=,,,Med Sea - Cretan Sea - Near Real Time (NRT) in situ Observations
Pylos_20071109_20080227,public,HCMR POSEIDON,table,TimeSeries,EDDTableFromErddap,"Med Sea, Hellenic Arc, NRT in situ Observations",21.5928,21.5928,,36.8437,36.8437,,3.0,-1000.0,2007-11-09T09:00:00Z,2008-02-27T21:00:00Z,,,https://erddap.emso.eu/erddap/tabledap/Pylos_20071109_20080227.subset,https://erddap.emso.eu/erddap/tabledap/Pylos_20071109_20080227,https://erddap.emso.eu/erddap/tabledap/Pylos_20071109_20080227.graph,,,,,https://erddap.emso.eu/erddap/metadata/fgdc/xml/Pylos_20071109_20080227_fgdc.xml,https://erddap.emso.eu/erddap/metadata/iso19115/xml/Pylos_20071109_20080227_iso19115.xml,https://erddap.emso.eu/erddap/info/Pylos_20071109_20080227/index,(local files),https://poseidon.hcmr.gr/,https://erddap.emso.eu/erddap/rss/Pylos_20071109_20080227.rss,https://erddap.emso.eu/erddap/subscriptions/add.html?datasetID=Pylos_20071109_20080227&showErrors=false&email=,,,Med Sea - Hellenic Arc - Near Real Time (NRT) in situ Observations
Pylos_20080228_20081109,public,HCMR POSEIDON,table,TimeSeries,EDDTableFromErddap,"Med Sea, Hellenic Arc, NRT in situ Observations",21.5928,21.5928,,36.8437,36.8437,,3.0,-1000.0,2008-02-28T00:00:00Z,2008-11-09T09:00:00Z,,,https://erddap.emso.eu/erddap/tabledap/Pylos_20080228_20081109.subset,https://erddap.emso.eu/erddap/tabledap/Pylos_20080228_20081109,https://erddap.emso.eu/erddap/tabledap/Pylos_20080228_20081109.graph,,,,,https://erddap.emso.eu/erddap/metadata/fgdc/xml/Pylos_20080228_20081109_fgdc.xml,https://erddap.emso.eu/erddap/metadata/iso19115/xml/Pylos_20080228_20081109_iso19115.xml,https://erddap.emso.eu/erddap/info/Pylos_20080228_20081109/index,(local files),https://poseidon.hcmr.gr/,https://erddap.emso.eu/erddap/rss/Pylos_20080228_20081109.rss,https://erddap.emso.eu/erddap/subscriptions/add.html?datasetID=Pylos_20080228_20081109&showErrors=false&email=,,,Med Sea - Hellenic Arc - Near Real Time (NRT) in situ Observations
Pylos_20081110_20090303,public,HCMR POSEIDON,table,TimeSeries,EDDTableFromErddap,"Med Sea, Hellenic Arc, NRT in situ Observations",21.5928,21.5928,,36.8437,36.8437,,3.0,-500.0,2008-11-10T12:00:00Z,2009-03-03T09:00:00Z,,,https://erddap.emso.eu/erddap/tabledap/Pylos_20081110_20090303.subset,https://erddap.emso.eu/erddap/tabledap/Pylos_20081110_20090303,https://erddap.emso.eu/erddap/tabledap/Pylos_20081110_20090303.graph,,,,,https://erddap.emso.eu/erddap/metadata/fgdc/xml/Pylos_20081110_20090303_fgdc.xml,https://erddap.emso.eu/erddap/metadata/iso19115/xml/Pylos_20081110_20090303_iso19115.xml,https://erddap.emso.eu/erddap/info/Pylos_20081110_20090303/index,(local files),https://poseidon.hcmr.gr/,https://erddap.emso.eu/erddap/rss/Pylos_20081110_20090303.rss,https://erddap.emso.eu/erddap/subscriptions/add.html?datasetID=Pylos_20081110_20090303&showErrors=false&email=,,,Med Sea - Hellenic Arc - Near Real Time (NRT) in situ Observations
Pylos_20090304_20091128,public,HCMR POSEIDON,table,TimeSeries,EDDTableFromErddap,"Med Sea, Hellenic Arc, NRT in situ Observations",21.5928,21.5928,,36.8437,36.8437,,3.0,-500.0,2009-03-04T06:00:00Z,2009-11-27T12:00:00Z,,,https://erddap.emso.eu/erddap/tabledap/Pylos_20090304_20091128.subset,https://erddap.emso.eu/erddap/tabledap/Pylos_20090304_20091128,https://erddap.emso.eu/erddap/tabledap/Pylos_20090304_20091128.graph,,,,,https://erddap.emso.eu/erddap/metadata/fgdc/xml/Pylos_20090304_20091128_fgdc.xml,https://erddap.emso.eu/erddap/metadata/iso19115/xml/Pylos_20090304_20091128_iso19115.xml,https://erddap.emso.eu/erddap/info/Pylos_20090304_20091128/index,(local files),https://poseidon.hcmr.gr/,https://erddap.emso.eu/erddap/rss/Pylos_20090304_20091128.rss,https://erddap.emso.eu/erddap/subscriptions/add.html?datasetID=Pylos_20090304_20091128&showErrors=false&email=,,,Med Sea - Hellenic Arc - Near Real Time (NRT) in situ Observations
Pylos_20091129_20100709,public,HCMR POSEIDON,table,TimeSeries,EDDTableFromErddap,"Med Sea, Hellenic Arc, NRT in situ Observations",21.5928,21.5928,,36.8437,36.8437,,3.0,-500.0,2009-11-29T06:00:00Z,2010-07-09T09:00:00Z,,,https://erddap.emso.eu/erddap/tabledap/Pylos_20091129_20100709.subset,https://erddap.emso.eu/erddap/tabledap/Pylos_20091129_20100709,https://erddap.emso.eu/erddap/tabledap/Pylos_20091129_20100709.graph,,,,,https://erddap.emso.eu/erddap/metadata/fgdc/xml/Pylos_20091129_20100709_fgdc.xml,https://erddap.emso.eu/erddap/metadata/iso19115/xml/Pylos_20091129_20100709_iso19115.xml,https://erddap.emso.eu/erddap/info/Pylos_20091129_20100709/index,(local files),https://poseidon.hcmr.gr/,https://erddap.emso.eu/erddap/rss/Pylos_20091129_20100709.rss,https://erddap.emso.eu/erddap/subscriptions/add.html?datasetID=Pylos_20091129_20100709&showErrors=false&email=,,,Med Sea - Hellenic Arc - Near Real Time (NRT) in situ Observations
Pylos_20100710_20110227,public,HCMR POSEIDON,table,TimeSeries,EDDTableFromErddap,"Med Sea, Hellenic Arc, NRT in situ Observations",21.5928,21.5928,,36.8437,36.8437,,3.0,-500.0,2010-07-10T12:00:00Z,2011-02-26T15:00:00Z,,,https://erddap.emso.eu/erddap/tabledap/Pylos_20100710_20110227.subset,https://erddap.emso.eu/erddap/tabledap/Pylos_20100710_20110227,https://erddap.emso.eu/erddap/tabledap/Pylos_20100710_20110227.graph,,,,,https://erddap.emso.eu/erddap/metadata/fgdc/xml/Pylos_20100710_20110227_fgdc.xml,https://erddap.emso.eu/erddap/metadata/iso19115/xml/Pylos_20100710_20110227_iso19115.xml,https://erddap.emso.eu/erddap/info/Pylos_20100710_20110227/index,(local files),https://poseidon.hcmr.gr/,https://erddap.emso.eu/erddap/rss/Pylos_20100710_20110227.rss,https://erddap.emso.eu/erddap/subscriptions/add.html?datasetID=Pylos_20100710_20110227&showErrors=false&email=,,,Med Sea - Hellenic Arc - Near Real Time (NRT) in situ Observations
Pylos_20110228_20120212,public,HCMR POSEIDON,table,TimeSeries,EDDTableFromErddap,"Med Sea, Hellenic Arc, NRT in situ Observations",21.5928,21.5928,,36.8437,36.8437,,3.0,-400.0,2011-02-28T06:00:00Z,2012-02-12T21:00:00Z,,,https://erddap.emso.eu/erddap/tabledap/Pylos_20110228_20120212.subset,https://erddap.emso.eu/erddap/tabledap/Pylos_20110228_20120212,https://erddap.emso.eu/erddap/tabledap/Pylos_20110228_20120212.graph,,,,,https://erddap.emso.eu/erddap/metadata/fgdc/xml/Pylos_20110228_20120212_fgdc.xml,https://erddap.emso.eu/erddap/metadata/iso19115/xml/Pylos_20110228_20120212_iso19115.xml,https://erddap.emso.eu/erddap/info/Pylos_20110228_20120212/index,(local files),https://poseidon.hcmr.gr/,https://erddap.emso.eu/erddap/rss/Pylos_20110228_20120212.rss,https://erddap.emso.eu/erddap/subscriptions/add.html?datasetID=Pylos_20110228_20120212&showErrors=false&email=,,,Med Sea - Hellenic Arc - Near Real Time (NRT) in situ Observations
Pylos_20120213_20130411,public,HCMR POSEIDON,table,TimeSeries,EDDTableFromErddap,"Med Sea, Hellenic Arc, NRT in situ Observations",21.5928,21.5928,,36.8437,36.8437,,3.0,-400.0,2012-02-13T00:00:00Z,2013-04-11T06:00:00Z,,,https://erddap.emso.eu/erddap/tabledap/Pylos_20120213_20130411.subset,https://erddap.emso.eu/erddap/tabledap/Pylos_20120213_20130411,https://erddap.emso.eu/erddap/tabledap/Pylos_20120213_20130411.graph,,,,,https://erddap.emso.eu/erddap/metadata/fgdc/xml/Pylos_20120213_20130411_fgdc.xml,https://erddap.emso.eu/erddap/metadata/iso19115/xml/Pylos_20120213_20130411_iso19115.xml,https://erddap.emso.eu/erddap/info/Pylos_20120213_20130411/index,(local files),https://poseidon.hcmr.gr/,https://erddap.emso.eu/erddap/rss/Pylos_20120213_20130411.rss,https://erddap.emso.eu/erddap/subscriptions/add.html?datasetID=Pylos_20120213_20130411&showErrors=false&email=,,,Med Sea - Hellenic Arc - Near Real Time (NRT) in situ Observations
Pylos_20130412_20140117,public,HCMR POSEIDON,table,TimeSeries,EDDTableFromErddap,"Med Sea, Hellenic Arc, NRT in situ Observations",21.5928,21.5928,,36.8437,36.8437,,3.0,-1.0,2013-04-12T09:00:00Z,2014-01-05T21:00:00Z,,,https://erddap.emso.eu/erddap/tabledap/Pylos_20130412_20140117.subset,https://erddap.emso.eu/erddap/tabledap/Pylos_20130412_20140117,https://erddap.emso.eu/erddap/tabledap/Pylos_20130412_20140117.graph,,,,,https://erddap.emso.eu/erddap/metadata/fgdc/xml/Pylos_20130412_20140117_fgdc.xml,https://erddap.emso.eu/erddap/metadata/iso19115/xml/Pylos_20130412_20140117_iso19115.xml,https://erddap.emso.eu/erddap/info/Pylos_20130412_20140117/index,(local files),https://poseidon.hcmr.gr/,https://erddap.emso.eu/erddap/rss/Pylos_20130412_20140117.rss,https://erddap.emso.eu/erddap/subscriptions/add.html?datasetID=Pylos_20130412_20140117&showErrors=false&email=,,,Med Sea - Hellenic Arc - Near Real Time (NRT) in situ Observations
Pylos_20140118_20141114,public,HCMR POSEIDON,table,TimeSeries,EDDTableFromErddap,"Med Sea, Hellenic Arc, NRT in situ Observations",21.5928,21.5928,,36.8437,36.8437,,3.0,-1000.0,2014-01-18T03:00:00Z,2014-11-14T21:00:00Z,,,https://erddap.emso.eu/erddap/tabledap/Pylos_20140118_20141114.subset,https://erddap.emso.eu/erddap/tabledap/Pylos_20140118_20141114,https://erddap.emso.eu/erddap/tabledap/Pylos_20140118_20141114.graph,,,,,https://erddap.emso.eu/erddap/metadata/fgdc/xml/Pylos_20140118_20141114_fgdc.xml,https://erddap.emso.eu/erddap/metadata/iso19115/xml/Pylos_20140118_20141114_iso19115.xml,https://erddap.emso.eu/erddap/info/Pylos_20140118_20141114/index,(local files),https://poseidon.hcmr.gr/,https://erddap.emso.eu/erddap/rss/Pylos_20140118_20141114.rss,https://erddap.emso.eu/erddap/subscriptions/add.html?datasetID=Pylos_20140118_20141114&showErrors=false&email=,,,Med Sea - Hellenic Arc - Near Real Time (NRT) in situ Observations
Pylos_20141115_20150708,public,HCMR POSEIDON,table,TimeSeries,EDDTableFromErddap,"Med Sea, Hellenic Arc, NRT in situ Observations",21.5928,21.5928,,36.8437,36.8437,,3.0,-1000.0,2014-11-15T00:00:00Z,2015-06-20T15:00:00Z,,,https://erddap.emso.eu/erddap/tabledap/Pylos_20141115_20150708.subset,https://erddap.emso.eu/erddap/tabledap/Pylos_20141115_20150708,https://erddap.emso.eu/erddap/tabledap/Pylos_20141115_20150708.graph,,,,,https://erddap.emso.eu/erddap/metadata/fgdc/xml/Pylos_20141115_20150708_fgdc.xml,https://erddap.emso.eu/erddap/metadata/iso19115/xml/Pylos_20141115_20150708_iso19115.xml,https://erddap.emso.eu/erddap/info/Pylos_20141115_20150708/index,(local files),https://poseidon.hcmr.gr/,https://erddap.emso.eu/erddap/rss/Pylos_20141115_20150708.rss,https://erddap.emso.eu/erddap/subscriptions/add.html?datasetID=Pylos_20141115_20150708&showErrors=false&email=,,,Med Sea - Hellenic Arc - Near Real Time (NRT) in situ Observations
Pylos_20150709_20160714,public,HCMR POSEIDON,table,TimeSeries,EDDTableFromErddap,"Med Sea, Hellenic Arc, NRT in situ Observations",21.5928,21.5928,,36.8437,36.8437,,3.0,-1000.0,2015-07-09T06:00:00Z,2016-07-14T21:00:00Z,,,https://erddap.emso.eu/erddap/tabledap/Pylos_20150709_20160714.subset,https://erddap.emso.eu/erddap/tabledap/Pylos_20150709_20160714,https://erddap.emso.eu/erddap/tabledap/Pylos_20150709_20160714.graph,,,,,https://erddap.emso.eu/erddap/metadata/fgdc/xml/Pylos_20150709_20160714_fgdc.xml,https://erddap.emso.eu/erddap/metadata/iso19115/xml/Pylos_20150709_20160714_iso19115.xml,https://erddap.emso.eu/erddap/info/Pylos_20150709_20160714/index,(local files),https://poseidon.hcmr.gr/,https://erddap.emso.eu/erddap/rss/Pylos_20150709_20160714.rss,https://erddap.emso.eu/erddap/subscriptions/add.html?datasetID=Pylos_20150709_20160714&showErrors=false&email=,,,Med Sea - Hellenic Arc - Near Real Time (NRT) in situ Observations
Pylos_20160715_20170415,public,HCMR POSEIDON,table,TimeSeries,EDDTableFromErddap,"Med Sea, Hellenic Arc, NRT in situ Observations",21.5928,21.5928,,36.8437,36.8437,,3.0,-1000.0,2016-07-15T00:00:00Z,2017-04-15T21:00:00Z,,,https://erddap.emso.eu/erddap/tabledap/Pylos_20160715_20170415.subset,https://erddap.emso.eu/erddap/tabledap/Pylos_20160715_20170415,https://erddap.emso.eu/erddap/tabledap/Pylos_20160715_20170415.graph,,,,,https://erddap.emso.eu/erddap/metadata/fgdc/xml/Pylos_20160715_20170415_fgdc.xml,https://erddap.emso.eu/erddap/metadata/iso19115/xml/Pylos_20160715_20170415_iso19115.xml,https://erddap.emso.eu/erddap/info/Pylos_20160715_20170415/index,(local files),https://poseidon.hcmr.gr/,https://erddap.emso.eu/erddap/rss/Pylos_20160715_20170415.rss,https://erddap.emso.eu/erddap/subscriptions/add.html?datasetID=Pylos_20160715_20170415&showErrors=false&email=,,,Med Sea - Hellenic Arc - Near Real Time (NRT) in situ Observations
Pylos_20170416_20180521,public,HCMR POSEIDON,table,TimeSeries,EDDTableFromErddap,"Med Sea, Hellenic Arc, NRT in situ Observations",21.5928,21.5928,,36.8437,36.8437,,3.0,-1000.0,2017-04-16T00:00:00Z,2018-05-16T06:00:00Z,,,https://erddap.emso.eu/erddap/tabledap/Pylos_20170416_20180521.subset,https://erddap.emso.eu/erddap/tabledap/Pylos_20170416_20180521,https://erddap.emso.eu/erddap/tabledap/Pylos_20170416_20180521.graph,,,,,https://erddap.emso.eu/erddap/metadata/fgdc/xml/Pylos_20170416_20180521_fgdc.xml,https://erddap.emso.eu/erddap/metadata/iso19115/xml/Pylos_20170416_20180521_iso19115.xml,https://erddap.emso.eu/erddap/info/Pylos_20170416_20180521/index,(local files),https://poseidon.hcmr.gr/,https://erddap.emso.eu/erddap/rss/Pylos_20170416_20180521.rss,https://erddap.emso.eu/erddap/subscriptions/add.html?datasetID=Pylos_20170416_20180521&showErrors=false&email=,,,Med Sea - Hellenic Arc - Near Real Time (NRT) in situ Observations
Pylos_20180522_20190721,public,HCMR POSEIDON,table,TimeSeries,EDDTableFromErddap,"Med Sea, Hellenic Arc, NRT in situ Observations",21.5928,21.5928,,36.8437,36.8437,,3.0,-1000.0,2018-05-22T03:00:00Z,2019-07-21T21:00:00Z,,,https://erddap.emso.eu/erddap/tabledap/Pylos_20180522_20190721.subset,https://erddap.emso.eu/erddap/tabledap/Pylos_20180522_20190721,https://erddap.emso.eu/erddap/tabledap/Pylos_20180522_20190721.graph,,,,,https://erddap.emso.eu/erddap/metadata/fgdc/xml/Pylos_20180522_20190721_fgdc.xml,https://erddap.emso.eu/erddap/metadata/iso19115/xml/Pylos_20180522_20190721_iso19115.xml,https://erddap.emso.eu/erddap/info/Pylos_20180522_20190721/index,(local files),https://poseidon.hcmr.gr/,https://erddap.emso.eu/erddap/rss/Pylos_20180522_20190721.rss,https://erddap.emso.eu/erddap/subscriptions/add.html?datasetID=Pylos_20180522_20190721&showErrors=false&email=,,,Med Sea - Hellenic Arc - Near Real Time (NRT) in situ Observations
Pylos_20190722_20200901,public,HCMR POSEIDON,table,TimeSeries,EDDTableFromErddap,"Med Sea, Hellenic Arc, NRT in situ Observations",21.5928,21.6068,,36.8288,36.8437,,3.0,-1000.0,2019-07-22T06:00:00Z,2020-04-10T00:00:00Z,,,https://erddap.emso.eu/erddap/tabledap/Pylos_20190722_20200901.subset,https://erddap.emso.eu/erddap/tabledap/Pylos_20190722_20200901,https://erddap.emso.eu/erddap/tabledap/Pylos_20190722_20200901.graph,,,,,https://erddap.emso.eu/erddap/metadata/fgdc/xml/Pylos_20190722_20200901_fgdc.xml,https://erddap.emso.eu/erddap/metadata/iso19115/xml/Pylos_20190722_20200901_iso19115.xml,https://erddap.emso.eu/erddap/info/Pylos_20190722_20200901/index,(local files),https://poseidon.hcmr.gr/,https://erddap.emso.eu/erddap/rss/Pylos_20190722_20200901.rss,https://erddap.emso.eu/erddap/subscriptions/add.html?datasetID=Pylos_20190722_20200901&showErrors=false&email=,,,Med Sea - Hellenic Arc - Near Real Time (NRT) in situ Observations
Pylos_20200902_20210909,public,HCMR POSEIDON,table,TimeSeries,EDDTableFromErddap,"Med Sea, Hellenic Arc, NRT in situ Observations",21.6068,21.6068,,36.8288,36.8288,,3.0,-1000.0,2020-09-02T09:00:00Z,2021-09-08T15:00:00Z,,,https://erddap.emso.eu/erddap/tabledap/Pylos_20200902_20210909.subset,https://erddap.emso.eu/erddap/tabledap/Pylos_20200902_20210909,https://erddap.emso.eu/erddap/tabledap/Pylos_20200902_20210909.graph,,,,,https://erddap.emso.eu/erddap/metadata/fgdc/xml/Pylos_20200902_20210909_fgdc.xml,https://erddap.emso.eu/erddap/metadata/iso19115/xml/Pylos_20200902_20210909_iso19115.xml,https://erddap.emso.eu/erddap/info/Pylos_20200902_20210909/index,(local files),https://poseidon.hcmr.gr/,https://erddap.emso.eu/erddap/rss/Pylos_20200902_20210909.rss,https://erddap.emso.eu/erddap/subscriptions/add.html?datasetID=Pylos_20200902_20210909&showErrors=false&email=,,,Med Sea - Hellenic Arc - Near Real Time (NRT) in situ Observations
Pylos_20210910_20221220,public,HCMR POSEIDON,table,TimeSeries,EDDTableFromErddap,"Med Sea, Hellenic Arc, NRT in situ Observations",21.6068,21.6068,,36.8288,36.8288,,3.0,-1000.0,2021-09-10T12:00:00Z,2022-12-19T15:00:00Z,,,https://erddap.emso.eu/erddap/tabledap/Pylos_20210910_20221220.subset,https://erddap.emso.eu/erddap/tabledap/Pylos_20210910_20221220,https://erddap.emso.eu/erddap/tabledap/Pylos_20210910_20221220.graph,,,,,https://erddap.emso.eu/erddap/metadata/fgdc/xml/Pylos_20210910_20221220_fgdc.xml,https://erddap.emso.eu/erddap/metadata/iso19115/xml/Pylos_20210910_20221220_iso19115.xml,https://erddap.emso.eu/erddap/info/Pylos_20210910_20221220/index,(local files),https://poseidon.hcmr.gr/,https://erddap.emso.eu/erddap/rss/Pylos_20210910_20221220.rss,https://erddap.emso.eu/erddap/subscriptions/add.html?datasetID=Pylos_20210910_20221220&showErrors=false&email=,,,Med Sea - Hellenic Arc - Near Real Time (NRT) in situ Observations
Pylos_20221221_20240309,public,HCMR POSEIDON,table,TimeSeries,EDDTableFromErddap,"Med Sea, Hellenic Arc, NRT in situ Observations",21.6068,21.6068,,36.8288,36.8288,,3.0,-1000.0,2022-12-21T12:00:00Z,2024-03-09T12:00:00Z,,,https://erddap.emso.eu/erddap/tabledap/Pylos_20221221_20240309.subset,https://erddap.emso.eu/erddap/tabledap/Pylos_20221221_20240309,https://erddap.emso.eu/erddap/tabledap/Pylos_20221221_20240309.graph,,,,,https://erddap.emso.eu/erddap/metadata/fgdc/xml/Pylos_20221221_20240309_fgdc.xml,https://erddap.emso.eu/erddap/metadata/iso19115/xml/Pylos_20221221_20240309_iso19115.xml,https://erddap.emso.eu/erddap/info/Pylos_20221221_20240309/index,(local files),https://poseidon.hcmr.gr/,https://erddap.emso.eu/erddap/rss/Pylos_20221221_20240309.rss,https://erddap.emso.eu/erddap/subscriptions/add.html?datasetID=Pylos_20221221_20240309&showErrors=false&email=,,,Med Sea - Hellenic Arc - Near Real Time (NRT) in situ Observations
EMSO_Western_Ionian_Sea_CTD_2002_2003,public,Istituto Nazionale Geofisica e Vulcanologia - Sez. Roma2,table,TimeSeries,EDDTableFromErddap,NEMO-SN1 Observatory CTD data (2002-2003),15.39311,15.39311,,37.44221,37.44221,,-2100.0,-2100.0,2002-10-09T14:24:00Z,2003-02-20T21:48:00Z,,,https://erddap.emso.eu/erddap/tabledap/EMSO_Western_Ionian_Sea_CTD_2002_2003.subset,https://erddap.emso.eu/erddap/tabledap/EMSO_Western_Ionian_Sea_CTD_2002_2003,https://erddap.emso.eu/erddap/tabledap/EMSO_Western_Ionian_Sea_CTD_2002_2003.graph,,,,,https://erddap.emso.eu/erddap/metadata/fgdc/xml/EMSO_Western_Ionian_Sea_CTD_2002_2003_fgdc.xml,https://erddap.emso.eu/erddap/metadata/iso19115/xml/EMSO_Western_Ionian_Sea_CTD_2002_2003_iso19115.xml,https://erddap.emso.eu/erddap/info/EMSO_Western_Ionian_Sea_CTD_2002_2003/index,(local files),http://www.moist.it/sites/western_ionian_sea/2/GNDT1/ctd/22,https://erddap.emso.eu/erddap/rss/EMSO_Western_Ionian_Sea_CTD_2002_2003.rss,https://erddap.emso.eu/erddap/subscriptions/add.html?datasetID=EMSO_Western_Ionian_Sea_CTD_2002_2003&showErrors=false&email=,,,"The dataset contains sea bottom Conductivity, Temperature and Pressure data (about 1 m above the bottom) acquired through a SBE 37-SM installed on SN-1 station. The collection period ranges from October 2002 through February 2003."
EMSO_Western_Ionian_Sea_CTD_2012_2013,public,Istituto Nazionale Geofisica e Vulcanologia - Sez. Roma2,table,TimeSeries,EDDTableFromErddap,NEMO-SN1 Observatory CTD data (2012-2013),15.3975,15.3975,,37.54765,37.54765,,-2071.5,-2071.5,2012-06-10T00:00:47Z,2013-06-12T19:03:01Z,,,https://erddap.emso.eu/erddap/tabledap/EMSO_Western_Ionian_Sea_CTD_2012_2013.subset,https://erddap.emso.eu/erddap/tabledap/EMSO_Western_Ionian_Sea_CTD_2012_2013,https://erddap.emso.eu/erddap/tabledap/EMSO_Western_Ionian_Sea_CTD_2012_2013.graph,,,,,https://erddap.emso.eu/erddap/metadata/fgdc/xml/EMSO_Western_Ionian_Sea_CTD_2012_2013_fgdc.xml,https://erddap.emso.eu/erddap/metadata/iso19115/xml/EMSO_Western_Ionian_Sea_CTD_2012_2013_iso19115.xml,https://erddap.emso.eu/erddap/info/EMSO_Western_Ionian_Sea_CTD_2012_2013/index,(local files),http://www.moist.it/sites/western_ionian_sea/2/SMO1/ctd/36,https://erddap.emso.eu/erddap/rss/EMSO_Western_Ionian_Sea_CTD_2012_2013.rss,https://erddap.emso.eu/erddap/subscriptions/add.html?datasetID=EMSO_Western_Ionian_Sea_CTD_2012_2013&showErrors=false&email=,,,"The dataset contains sea bottom Conductivity, Temperature and Pressure data (about 1 m above the bottom) acquired through a SBE 37-SM installed on SN-1 station."
EMSO_Western_Ionian_Sea_PRESSURE_GAUGE_2012_2013,public,Istituto Nazionale Geofisica e Vulcanologia - Sez. Roma2,table,TimeSeries,EDDTableFromErddap,NEMO-SN1 Observatory Observatory Pressure Gauge data,15.3975,15.3975,,37.54765,37.54765,,-2071.5,-2071.5,2012-06-10T00:00:00Z,2013-06-12T19:52:30Z,,,https://erddap.emso.eu/erddap/tabledap/EMSO_Western_Ionian_Sea_PRESSURE_GAUGE_2012_2013.subset,https://erddap.emso.eu/erddap/tabledap/EMSO_Western_Ionian_Sea_PRESSURE_GAUGE_2012_2013,https://erddap.emso.eu/erddap/tabledap/EMSO_Western_Ionian_Sea_PRESSURE_GAUGE_2012_2013.graph,,,,,https://erddap.emso.eu/erddap/metadata/fgdc/xml/EMSO_Western_Ionian_Sea_PRESSURE_GAUGE_2012_2013_fgdc.xml,https://erddap.emso.eu/erddap/metadata/iso19115/xml/EMSO_Western_Ionian_Sea_PRESSURE_GAUGE_2012_2013_iso19115.xml,https://erddap.emso.eu/erddap/info/EMSO_Western_Ionian_Sea_PRESSURE_GAUGE_2012_2013/index,(local files),http://www.moist.it/sites/western_ionian_sea/2/SMO1/pressure_gauge/37,https://erddap.emso.eu/erddap/rss/EMSO_Western_Ionian_Sea_PRESSURE_GAUGE_2012_2013.rss,https://erddap.emso.eu/erddap/subscriptions/add.html?datasetID=EMSO_Western_Ionian_Sea_PRESSURE_GAUGE_2012_2013&showErrors=false&email=,,,This sensor measures the hydrostatic (water column) pressure exerted on the sensor resulting from the pressure of water above its position and the atmospheric air pressure acting on the sea surface.
EMSO_OBSEA_Besos_Buoy_SA8065_30min,public,Polytechnic University of Catalonia,table,Point,EDDTableFromErddap,Physicochemical data from an SA8065 multiparameter probe at OBSEA's Besos Buoy (30min average),1.75257,1.75257,,41.18212,41.18212,,-0.62,-1.449,2022-10-28T08:00:00Z,2024-07-29T16:00:00Z,,,https://erddap.emso.eu/erddap/tabledap/EMSO_OBSEA_Besos_Buoy_SA8065_30min.subset,https://erddap.emso.eu/erddap/tabledap/EMSO_OBSEA_Besos_Buoy_SA8065_30min,https://erddap.emso.eu/erddap/tabledap/EMSO_OBSEA_Besos_Buoy_SA8065_30min.graph,,,,,https://erddap.emso.eu/erddap/metadata/fgdc/xml/EMSO_OBSEA_Besos_Buoy_SA8065_30min_fgdc.xml,https://erddap.emso.eu/erddap/metadata/iso19115/xml/EMSO_OBSEA_Besos_Buoy_SA8065_30min_iso19115.xml,https://erddap.emso.eu/erddap/info/EMSO_OBSEA_Besos_Buoy_SA8065_30min/index,(local files),https://edmo.seadatanet.org/report/2150,https://erddap.emso.eu/erddap/rss/EMSO_OBSEA_Besos_Buoy_SA8065_30min.rss,https://erddap.emso.eu/erddap/subscriptions/add.html?datasetID=EMSO_OBSEA_Besos_Buoy_SA8065_30min&showErrors=false&email=,,,"Physicochemical data collected by an SA8065-SN0000 multiparameter probe at the Besos Buoy, on top of the OBSEA observatory, 30min average"
EMSO_OBSEA_Besos_Buoy_SA8065_full,public,Polytechnic University of Catalonia,table,Point,EDDTableFromErddap,Physicochemical data from an SA8065 multiparameter probe at OBSEA's Besos Buoy (full data),1.75257,1.75257,,41.18212,41.18212,,-0.0,-918.0,2022-08-02T10:29:50Z,2024-07-29T16:20:28Z,,,https://erddap.emso.eu/erddap/tabledap/EMSO_OBSEA_Besos_Buoy_SA8065_full.subset,https://erddap.emso.eu/erddap/tabledap/EMSO_OBSEA_Besos_Buoy_SA8065_full,https://erddap.emso.eu/erddap/tabledap/EMSO_OBSEA_Besos_Buoy_SA8065_full.graph,,,,,https://erddap.emso.eu/erddap/metadata/fgdc/xml/EMSO_OBSEA_Besos_Buoy_SA8065_full_fgdc.xml,https://erddap.emso.eu/erddap/metadata/iso19115/xml/EMSO_OBSEA_Besos_Buoy_SA8065_full_iso19115.xml,https://erddap.emso.eu/erddap/info/EMSO_OBSEA_Besos_Buoy_SA8065_full/index,(local files),https://edmo.seadatanet.org/report/2150,https://erddap.emso.eu/erddap/rss/EMSO_OBSEA_Besos_Buoy_SA8065_full.rss,https://erddap.emso.eu/erddap/subscriptions/add.html?datasetID=EMSO_OBSEA_Besos_Buoy_SA8065_full&showErrors=false&email=,,,"Physicochemical data collected by an SA8065-SN0000 multiparameter probe at the Besos Buoy, on top of the OBSEA observatory, full sensor data"
OS_ESTOC_1992_D_SEDIMENT_TRAP_CI_1_1050m,public,"Department of Geosciences and MARUM, Universit\u00c3\u00a4t Bremen",grid,TimeSeries,EDDGridFromErddap,"Sediment-Trap, OS ESTOC 1992 D SEDIMENT TRAP CI 1 1050m (OceanSITES ESTOC in-situ data.)",,,,,,,,,1991-11-25T00:00:00Z,1992-09-10T00:00:00Z,1318736.8421052631,https://erddap.emso.eu/erddap/griddap/OS_ESTOC_1992_D_SEDIMENT_TRAP_CI_1_1050m,,,https://erddap.emso.eu/erddap/griddap/OS_ESTOC_1992_D_SEDIMENT_TRAP_CI_1_1050m.graph,,,,,,,https://erddap.emso.eu/erddap/info/OS_ESTOC_1992_D_SEDIMENT_TRAP_CI_1_1050m/index,http://data.plocan.eu/thredds/dodsC/estoc/mooring-watercolumn/Sediment-Trap/OS_ESTOC_1992_D_SEDIMENT_TRAP_CI_1_1050m.nc,http://data.plocan.eu/thredds/PLOCAN-Observatory_Data-Policy_v2.pdf,https://erddap.emso.eu/erddap/rss/OS_ESTOC_1992_D_SEDIMENT_TRAP_CI_1_1050m.rss,https://erddap.emso.eu/erddap/subscriptions/add.html?datasetID=OS_ESTOC_1992_D_SEDIMENT_TRAP_CI_1_1050m&showErrors=false&email=,,,"OceanSITES ESTOC in-situ data. The European Station forTime-series in the Ocean, Canary Islands (ESTOC) is a sustained and multidisciplinary observatory located at the east central North Atlantic. The ESTOC goal is the creation of an Eulerian long time series on an inter- and multidisciplinary basis in order to monitor and help understand oceanic long-term variability in the North Atlantic subtropical gyre. ESTOC is providing hydrographic and biogeochemical time-series datasets from 1994. Activities include a ship-based observation program (observations of physical, chemical and biological parameters) and one moored structure with meteorological and oceanic surface observations, as well as in the water column."
OS_ESTOC_1992_D_SEDIMENT_TRAP_CI_1_3060m,public,"Department of Geosciences and MARUM, Universit\u00c3\u00a4t Bremen",grid,TimeSeries,EDDGridFromErddap,"Sediment-Trap, OS ESTOC 1992 D SEDIMENT TRAP CI 1 3060m (OceanSITES ESTOC in-situ data.)",,,,,,,,,1991-11-25T00:00:00Z,1992-09-10T00:00:00Z,1318736.8421052631,https://erddap.emso.eu/erddap/griddap/OS_ESTOC_1992_D_SEDIMENT_TRAP_CI_1_3060m,,,https://erddap.emso.eu/erddap/griddap/OS_ESTOC_1992_D_SEDIMENT_TRAP_CI_1_3060m.graph,,,,,,,https://erddap.emso.eu/erddap/info/OS_ESTOC_1992_D_SEDIMENT_TRAP_CI_1_3060m/index,http://data.plocan.eu/thredds/dodsC/estoc/mooring-watercolumn/Sediment-Trap/OS_ESTOC_1992_D_SEDIMENT_TRAP_CI_1_3060m.nc,http://data.plocan.eu/thredds/PLOCAN-Observatory_Data-Policy_v2.pdf,https://erddap.emso.eu/erddap/rss/OS_ESTOC_1992_D_SEDIMENT_TRAP_CI_1_3060m.rss,https://erddap.emso.eu/erddap/subscriptions/add.html?datasetID=OS_ESTOC_1992_D_SEDIMENT_TRAP_CI_1_3060m&showErrors=false&email=,,,"OceanSITES ESTOC in-situ data. The European Station forTime-series in the Ocean, Canary Islands (ESTOC) is a sustained and multidisciplinary observatory located at the east central North Atlantic. The ESTOC goal is the creation of an Eulerian long time series on an inter- and multidisciplinary basis in order to monitor and help understand oceanic long-term variability in the North Atlantic subtropical gyre. ESTOC is providing hydrographic and biogeochemical time-series datasets from 1994. Activities include a ship-based observation program (observations of physical, chemical and biological parameters) and one moored structure with meteorological and oceanic surface observations, as well as in the water column."
OS_ESTOC_1993_D_SEDIMENT_TRAP_CI_3_1050m,public,"Department of Geosciences and MARUM, Universit\u00c3\u00a4t Bremen",grid,TimeSeries,EDDGridFromErddap,"Sediment-Trap, OS ESTOC 1993 D SEDIMENT TRAP CI 3 1050m (OceanSITES ESTOC in-situ data.)",,,,,,,,,1993-04-12T00:00:00Z,1994-05-06T00:00:00Z,1768926.3157894737,https://erddap.emso.eu/erddap/griddap/OS_ESTOC_1993_D_SEDIMENT_TRAP_CI_3_1050m,,,https://erddap.emso.eu/erddap/griddap/OS_ESTOC_1993_D_SEDIMENT_TRAP_CI_3_1050m.graph,,,,,,,https://erddap.emso.eu/erddap/info/OS_ESTOC_1993_D_SEDIMENT_TRAP_CI_3_1050m/index,http://data.plocan.eu/thredds/dodsC/estoc/mooring-watercolumn/Sediment-Trap/OS_ESTOC_1993_D_SEDIMENT_TRAP_CI_3_1050m.nc,http://data.plocan.eu/thredds/PLOCAN-Observatory_Data-Policy_v2.pdf,https://erddap.emso.eu/erddap/rss/OS_ESTOC_1993_D_SEDIMENT_TRAP_CI_3_1050m.rss,https://erddap.emso.eu/erddap/subscriptions/add.html?datasetID=OS_ESTOC_1993_D_SEDIMENT_TRAP_CI_3_1050m&showErrors=false&email=,,,"OceanSITES ESTOC in-situ data. The European Station forTime-series in the Ocean, Canary Islands (ESTOC) is a sustained and multidisciplinary observatory located at the east central North Atlantic. The ESTOC goal is the creation of an Eulerian long time series on an inter- and multidisciplinary basis in order to monitor and help understand oceanic long-term variability in the North Atlantic subtropical gyre. ESTOC is providing hydrographic and biogeochemical time-series datasets from 1994. Activities include a ship-based observation program (observations of physical, chemical and biological parameters) and one moored structure with meteorological and oceanic surface observations, as well as in the water column."
OS_ESTOC_1993_D_SEDIMENT_TRAP_CI_3_3060m,public,"Department of Geosciences and MARUM, Universit\u00c3\u00a4t Bremen",grid,TimeSeries,EDDGridFromErddap,"Sediment-Trap, OS ESTOC 1993 D SEDIMENT TRAP CI 3 3060m (OceanSITES ESTOC in-situ data.)",,,,,,,,,1993-04-12T00:00:00Z,1994-04-15T00:00:00Z,1766400.0,https://erddap.emso.eu/erddap/griddap/OS_ESTOC_1993_D_SEDIMENT_TRAP_CI_3_3060m,,,https://erddap.emso.eu/erddap/griddap/OS_ESTOC_1993_D_SEDIMENT_TRAP_CI_3_3060m.graph,,,,,,,https://erddap.emso.eu/erddap/info/OS_ESTOC_1993_D_SEDIMENT_TRAP_CI_3_3060m/index,http://data.plocan.eu/thredds/dodsC/estoc/mooring-watercolumn/Sediment-Trap/OS_ESTOC_1993_D_SEDIMENT_TRAP_CI_3_3060m.nc,http://data.plocan.eu/thredds/PLOCAN-Observatory_Data-Policy_v2.pdf,https://erddap.emso.eu/erddap/rss/OS_ESTOC_1993_D_SEDIMENT_TRAP_CI_3_3060m.rss,https://erddap.emso.eu/erddap/subscriptions/add.html?datasetID=OS_ESTOC_1993_D_SEDIMENT_TRAP_CI_3_3060m&showErrors=false&email=,,,"OceanSITES ESTOC in-situ data. The European Station forTime-series in the Ocean, Canary Islands (ESTOC) is a sustained and multidisciplinary observatory located at the east central North Atlantic. The ESTOC goal is the creation of an Eulerian long time series on an inter- and multidisciplinary basis in order to monitor and help understand oceanic long-term variability in the North Atlantic subtropical gyre. ESTOC is providing hydrographic and biogeochemical time-series datasets from 1994. Activities include a ship-based observation program (observations of physical, chemical and biological parameters) and one moored structure with meteorological and oceanic surface observations, as well as in the water column."
OS_ESTOC_1993_D_SEDIMENT_TRAP_CI_3_750m,public,"Department of Geosciences and MARUM, Universit\u00c3\u00a4t Bremen",grid,TimeSeries,EDDGridFromErddap,"Sediment-Trap, OS ESTOC 1993 D SEDIMENT TRAP CI 3 750m (OceanSITES ESTOC in-situ data.)",,,,,,,,,1993-04-12T00:00:00Z,1993-07-16T00:00:00Z,1641600.0,https://erddap.emso.eu/erddap/griddap/OS_ESTOC_1993_D_SEDIMENT_TRAP_CI_3_750m,,,https://erddap.emso.eu/erddap/griddap/OS_ESTOC_1993_D_SEDIMENT_TRAP_CI_3_750m.graph,,,,,,,https://erddap.emso.eu/erddap/info/OS_ESTOC_1993_D_SEDIMENT_TRAP_CI_3_750m/index,http://data.plocan.eu/thredds/dodsC/estoc/mooring-watercolumn/Sediment-Trap/OS_ESTOC_1993_D_SEDIMENT_TRAP_CI_3_750m.nc,http://data.plocan.eu/thredds/PLOCAN-Observatory_Data-Policy_v2.pdf,https://erddap.emso.eu/erddap/rss/OS_ESTOC_1993_D_SEDIMENT_TRAP_CI_3_750m.rss,https://erddap.emso.eu/erddap/subscriptions/add.html?datasetID=OS_ESTOC_1993_D_SEDIMENT_TRAP_CI_3_750m&showErrors=false&email=,,,"OceanSITES ESTOC in-situ data. The European Station forTime-series in the Ocean, Canary Islands (ESTOC) is a sustained and multidisciplinary observatory located at the east central North Atlantic. The ESTOC goal is the creation of an Eulerian long time series on an inter- and multidisciplinary basis in order to monitor and help understand oceanic long-term variability in the North Atlantic subtropical gyre. ESTOC is providing hydrographic and biogeochemical time-series datasets from 1994. Activities include a ship-based observation program (observations of physical, chemical and biological parameters) and one moored structure with meteorological and oceanic surface observations, as well as in the water column."
OS_ESTOC_1994_D_SEDIMENT_TRAP_CI_4_1050m,public,"Department of Geosciences and MARUM, Universit\u00c3\u00a4t Bremen",grid,TimeSeries,EDDGridFromErddap,"Sediment-Trap, OS ESTOC 1994 D SEDIMENT TRAP CI 4 1050m (OceanSITES ESTOC in-situ data.)",,,,,,,,,1994-06-09T00:00:00Z,1994-08-24T00:00:00Z,729600.0,https://erddap.emso.eu/erddap/griddap/OS_ESTOC_1994_D_SEDIMENT_TRAP_CI_4_1050m,,,https://erddap.emso.eu/erddap/griddap/OS_ESTOC_1994_D_SEDIMENT_TRAP_CI_4_1050m.graph,,,,,,,https://erddap.emso.eu/erddap/info/OS_ESTOC_1994_D_SEDIMENT_TRAP_CI_4_1050m/index,http://data.plocan.eu/thredds/dodsC/estoc/mooring-watercolumn/Sediment-Trap/OS_ESTOC_1994_D_SEDIMENT_TRAP_CI_4_1050m.nc,http://data.plocan.eu/thredds/PLOCAN-Observatory_Data-Policy_v2.pdf,https://erddap.emso.eu/erddap/rss/OS_ESTOC_1994_D_SEDIMENT_TRAP_CI_4_1050m.rss,https://erddap.emso.eu/erddap/subscriptions/add.html?datasetID=OS_ESTOC_1994_D_SEDIMENT_TRAP_CI_4_1050m&showErrors=false&email=,,,"OceanSITES ESTOC in-situ data. The European Station forTime-series in the Ocean, Canary Islands (ESTOC) is a sustained and multidisciplinary observatory located at the east central North Atlantic. The ESTOC goal is the creation of an Eulerian long time series on an inter- and multidisciplinary basis in order to monitor and help understand oceanic long-term variability in the North Atlantic subtropical gyre. ESTOC is providing hydrographic and biogeochemical time-series datasets from 1994. Activities include a ship-based observation program (observations of physical, chemical and biological parameters) and one moored structure with meteorological and oceanic surface observations, as well as in the water column."
OS_ESTOC_1994_D_SEDIMENT_TRAP_CI_4_3060m,public,"Department of Geosciences and MARUM, Universit\u00c3\u00a4t Bremen",grid,TimeSeries,EDDGridFromErddap,"Sediment-Trap, OS ESTOC 1994 D SEDIMENT TRAP CI 4 3060m (OceanSITES ESTOC in-situ data.)",,,,,,,,,1994-06-09T00:00:00Z,1994-08-24T00:00:00Z,729600.0,https://erddap.emso.eu/erddap/griddap/OS_ESTOC_1994_D_SEDIMENT_TRAP_CI_4_3060m,,,https://erddap.emso.eu/erddap/griddap/OS_ESTOC_1994_D_SEDIMENT_TRAP_CI_4_3060m.graph,,,,,,,https://erddap.emso.eu/erddap/info/OS_ESTOC_1994_D_SEDIMENT_TRAP_CI_4_3060m/index,http://data.plocan.eu/thredds/dodsC/estoc/mooring-watercolumn/Sediment-Trap/OS_ESTOC_1994_D_SEDIMENT_TRAP_CI_4_3060m.nc,http://data.plocan.eu/thredds/PLOCAN-Observatory_Data-Policy_v2.pdf,https://erddap.emso.eu/erddap/rss/OS_ESTOC_1994_D_SEDIMENT_TRAP_CI_4_3060m.rss,https://erddap.emso.eu/erddap/subscriptions/add.html?datasetID=OS_ESTOC_1994_D_SEDIMENT_TRAP_CI_4_3060m&showErrors=false&email=,,,"OceanSITES ESTOC in-situ data. The European Station forTime-series in the Ocean, Canary Islands (ESTOC) is a sustained and multidisciplinary observatory located at the east central North Atlantic. The ESTOC goal is the creation of an Eulerian long time series on an inter- and multidisciplinary basis in order to monitor and help understand oceanic long-term variability in the North Atlantic subtropical gyre. ESTOC is providing hydrographic and biogeochemical time-series datasets from 1994. Activities include a ship-based observation program (observations of physical, chemical and biological parameters) and one moored structure with meteorological and oceanic surface observations, as well as in the water column."
OS_ESTOC_1994_D_SEDIMENT_TRAP_CI_4_750m,public,"Department of Geosciences and MARUM, Universit\u00c3\u00a4t Bremen",grid,TimeSeries,EDDGridFromErddap,"Sediment-Trap, OS ESTOC 1994 D SEDIMENT TRAP CI 4 750m (OceanSITES ESTOC in-situ data.)",,,,,,,,,1994-06-09T00:00:00Z,1994-08-24T00:00:00Z,729600.0,https://erddap.emso.eu/erddap/griddap/OS_ESTOC_1994_D_SEDIMENT_TRAP_CI_4_750m,,,https://erddap.emso.eu/erddap/griddap/OS_ESTOC_1994_D_SEDIMENT_TRAP_CI_4_750m.graph,,,,,,,https://erddap.emso.eu/erddap/info/OS_ESTOC_1994_D_SEDIMENT_TRAP_CI_4_750m/index,http://data.plocan.eu/thredds/dodsC/estoc/mooring-watercolumn/Sediment-Trap/OS_ESTOC_1994_D_SEDIMENT_TRAP_CI_4_750m.nc,http://data.plocan.eu/thredds/PLOCAN-Observatory_Data-Policy_v2.pdf,https://erddap.emso.eu/erddap/rss/OS_ESTOC_1994_D_SEDIMENT_TRAP_CI_4_750m.rss,https://erddap.emso.eu/erddap/subscriptions/add.html?datasetID=OS_ESTOC_1994_D_SEDIMENT_TRAP_CI_4_750m&showErrors=false&email=,,,"OceanSITES ESTOC in-situ data. The European Station forTime-series in the Ocean, Canary Islands (ESTOC) is a sustained and multidisciplinary observatory located at the east central North Atlantic. The ESTOC goal is the creation of an Eulerian long time series on an inter- and multidisciplinary basis in order to monitor and help understand oceanic long-term variability in the North Atlantic subtropical gyre. ESTOC is providing hydrographic and biogeochemical time-series datasets from 1994. Activities include a ship-based observation program (observations of physical, chemical and biological parameters) and one moored structure with meteorological and oceanic surface observations, as well as in the water column."
OS_ESTOC_1995_D_SEDIMENT_TRAP_CI_5_1050m,public,"Department of Geosciences and MARUM, Universit\u00c3\u00a4t Bremen",grid,TimeSeries,EDDGridFromErddap,"Sediment-Trap, OS ESTOC 1995 D SEDIMENT TRAP CI 5 1050m (OceanSITES ESTOC in-situ data.)",,,,,,,,,1994-09-05T00:00:00Z,1995-10-25T00:00:00Z,1887157.894736842,https://erddap.emso.eu/erddap/griddap/OS_ESTOC_1995_D_SEDIMENT_TRAP_CI_5_1050m,,,https://erddap.emso.eu/erddap/griddap/OS_ESTOC_1995_D_SEDIMENT_TRAP_CI_5_1050m.graph,,,,,,,https://erddap.emso.eu/erddap/info/OS_ESTOC_1995_D_SEDIMENT_TRAP_CI_5_1050m/index,http://data.plocan.eu/thredds/dodsC/estoc/mooring-watercolumn/Sediment-Trap/OS_ESTOC_1995_D_SEDIMENT_TRAP_CI_5_1050m.nc,http://data.plocan.eu/thredds/PLOCAN-Observatory_Data-Policy_v2.pdf,https://erddap.emso.eu/erddap/rss/OS_ESTOC_1995_D_SEDIMENT_TRAP_CI_5_1050m.rss,https://erddap.emso.eu/erddap/subscriptions/add.html?datasetID=OS_ESTOC_1995_D_SEDIMENT_TRAP_CI_5_1050m&showErrors=false&email=,,,"OceanSITES ESTOC in-situ data. The European Station forTime-series in the Ocean, Canary Islands (ESTOC) is a sustained and multidisciplinary observatory located at the east central North Atlantic. The ESTOC goal is the creation of an Eulerian long time series on an inter- and multidisciplinary basis in order to monitor and help understand oceanic long-term variability in the North Atlantic subtropical gyre. ESTOC is providing hydrographic and biogeochemical time-series datasets from 1994. Activities include a ship-based observation program (observations of physical, chemical and biological parameters) and one moored structure with meteorological and oceanic surface observations, as well as in the water column."
OS_ESTOC_1997_D_SEDIMENT_TRAP_CI_7_3060m,public,"Department of Geosciences and MARUM, Universit\u00c3\u00a4t Bremen",grid,TimeSeries,EDDGridFromErddap,"Sediment-Trap, OS ESTOC 1997 D SEDIMENT TRAP CI 7 3060m (OceanSITES ESTOC in-situ data.)",,,,,,,,,1996-12-23T00:00:00Z,1997-09-01T00:00:00Z,1209600.0,https://erddap.emso.eu/erddap/griddap/OS_ESTOC_1997_D_SEDIMENT_TRAP_CI_7_3060m,,,https://erddap.emso.eu/erddap/griddap/OS_ESTOC_1997_D_SEDIMENT_TRAP_CI_7_3060m.graph,,,,,,,https://erddap.emso.eu/erddap/info/OS_ESTOC_1997_D_SEDIMENT_TRAP_CI_7_3060m/index,http://data.plocan.eu/thredds/dodsC/estoc/mooring-watercolumn/Sediment-Trap/OS_ESTOC_1997_D_SEDIMENT_TRAP_CI_7_3060m.nc,http://data.plocan.eu/thredds/PLOCAN-Observatory_Data-Policy_v2.pdf,https://erddap.emso.eu/erddap/rss/OS_ESTOC_1997_D_SEDIMENT_TRAP_CI_7_3060m.rss,https://erddap.emso.eu/erddap/subscriptions/add.html?datasetID=OS_ESTOC_1997_D_SEDIMENT_TRAP_CI_7_3060m&showErrors=false&email=,,,"OceanSITES ESTOC in-situ data. The European Station forTime-series in the Ocean, Canary Islands (ESTOC) is a sustained and multidisciplinary observatory located at the east central North Atlantic. The ESTOC goal is the creation of an Eulerian long time series on an inter- and multidisciplinary basis in order to monitor and help understand oceanic long-term variability in the North Atlantic subtropical gyre. ESTOC is providing hydrographic and biogeochemical time-series datasets from 1994. Activities include a ship-based observation program (observations of physical, chemical and biological parameters) and one moored structure with meteorological and oceanic surface observations, as well as in the water column."
OS_ESTOC_1998_D_SEDIMENT_TRAP_CI_8_1050m,public,"Department of Geosciences and MARUM, Universit\u00c3\u00a4t Bremen",grid,TimeSeries,EDDGridFromErddap,"Sediment-Trap, OS ESTOC 1998 D SEDIMENT TRAP CI 8 1050m (OceanSITES ESTOC in-situ data.), 1997",,,,,,,,,1997-10-05T00:00:00Z,1997-11-03T00:00:00Z,835200.0,https://erddap.emso.eu/erddap/griddap/OS_ESTOC_1998_D_SEDIMENT_TRAP_CI_8_1050m,,,https://erddap.emso.eu/erddap/griddap/OS_ESTOC_1998_D_SEDIMENT_TRAP_CI_8_1050m.graph,,,,,,,https://erddap.emso.eu/erddap/info/OS_ESTOC_1998_D_SEDIMENT_TRAP_CI_8_1050m/index,http://data.plocan.eu/thredds/dodsC/estoc/mooring-watercolumn/Sediment-Trap/OS_ESTOC_1998_D_SEDIMENT_TRAP_CI_8_1050m.nc,http://data.plocan.eu/thredds/PLOCAN-Observatory_Data-Policy_v2.pdf,https://erddap.emso.eu/erddap/rss/OS_ESTOC_1998_D_SEDIMENT_TRAP_CI_8_1050m.rss,https://erddap.emso.eu/erddap/subscriptions/add.html?datasetID=OS_ESTOC_1998_D_SEDIMENT_TRAP_CI_8_1050m&showErrors=false&email=,,,"OceanSITES ESTOC in-situ data. The European Station forTime-series in the Ocean, Canary Islands (ESTOC) is a sustained and multidisciplinary observatory located at the east central North Atlantic. The ESTOC goal is the creation of an Eulerian long time series on an inter- and multidisciplinary basis in order to monitor and help understand oceanic long-term variability in the North Atlantic subtropical gyre. ESTOC is providing hydrographic and biogeochemical time-series datasets from 1994. Activities include a ship-based observation program (observations of physical, chemical and biological parameters) and one moored structure with meteorological and oceanic surface observations, as well as in the water column."
OS_ESTOC_1998_D_SEDIMENT_TRAP_CI_8_3060m,public,"Department of Geosciences and MARUM, Universit\u00c3\u00a4t Bremen",grid,TimeSeries,EDDGridFromErddap,"Sediment-Trap, OS ESTOC 1998 D SEDIMENT TRAP CI 8 3060m (OceanSITES ESTOC in-situ data.)",,,,,,,,,1997-10-05T00:00:00Z,1998-03-06T00:00:00Z,820800.0,https://erddap.emso.eu/erddap/griddap/OS_ESTOC_1998_D_SEDIMENT_TRAP_CI_8_3060m,,,https://erddap.emso.eu/erddap/griddap/OS_ESTOC_1998_D_SEDIMENT_TRAP_CI_8_3060m.graph,,,,,,,https://erddap.emso.eu/erddap/info/OS_ESTOC_1998_D_SEDIMENT_TRAP_CI_8_3060m/index,http://data.plocan.eu/thredds/dodsC/estoc/mooring-watercolumn/Sediment-Trap/OS_ESTOC_1998_D_SEDIMENT_TRAP_CI_8_3060m.nc,http://data.plocan.eu/thredds/PLOCAN-Observatory_Data-Policy_v2.pdf,https://erddap.emso.eu/erddap/rss/OS_ESTOC_1998_D_SEDIMENT_TRAP_CI_8_3060m.rss,https://erddap.emso.eu/erddap/subscriptions/add.html?datasetID=OS_ESTOC_1998_D_SEDIMENT_TRAP_CI_8_3060m&showErrors=false&email=,,,"OceanSITES ESTOC in-situ data. The European Station forTime-series in the Ocean, Canary Islands (ESTOC) is a sustained and multidisciplinary observatory located at the east central North Atlantic. The ESTOC goal is the creation of an Eulerian long time series on an inter- and multidisciplinary basis in order to monitor and help understand oceanic long-term variability in the North Atlantic subtropical gyre. ESTOC is providing hydrographic and biogeochemical time-series datasets from 1994. Activities include a ship-based observation program (observations of physical, chemical and biological parameters) and one moored structure with meteorological and oceanic surface observations, as well as in the water column."
OS_ESTOC_1998_D_SEDIMENT_TRAP_CI_8_750m,public,"Department of Geosciences and MARUM, Universit\u00c3\u00a4t Bremen",grid,TimeSeries,EDDGridFromErddap,"Sediment-Trap, OS ESTOC 1998 D SEDIMENT TRAP CI 8 750m (OceanSITES ESTOC in-situ data.)",,,,,,,,,1997-10-05T00:00:00Z,1998-03-06T00:00:00Z,820800.0,https://erddap.emso.eu/erddap/griddap/OS_ESTOC_1998_D_SEDIMENT_TRAP_CI_8_750m,,,https://erddap.emso.eu/erddap/griddap/OS_ESTOC_1998_D_SEDIMENT_TRAP_CI_8_750m.graph,,,,,,,https://erddap.emso.eu/erddap/info/OS_ESTOC_1998_D_SEDIMENT_TRAP_CI_8_750m/index,http://data.plocan.eu/thredds/dodsC/estoc/mooring-watercolumn/Sediment-Trap/OS_ESTOC_1998_D_SEDIMENT_TRAP_CI_8_750m.nc,http://data.plocan.eu/thredds/PLOCAN-Observatory_Data-Policy_v2.pdf,https://erddap.emso.eu/erddap/rss/OS_ESTOC_1998_D_SEDIMENT_TRAP_CI_8_750m.rss,https://erddap.emso.eu/erddap/subscriptions/add.html?datasetID=OS_ESTOC_1998_D_SEDIMENT_TRAP_CI_8_750m&showErrors=false&email=,,,"OceanSITES ESTOC in-situ data. The European Station forTime-series in the Ocean, Canary Islands (ESTOC) is a sustained and multidisciplinary observatory located at the east central North Atlantic. The ESTOC goal is the creation of an Eulerian long time series on an inter- and multidisciplinary basis in order to monitor and help understand oceanic long-term variability in the North Atlantic subtropical gyre. ESTOC is providing hydrographic and biogeochemical time-series datasets from 1994. Activities include a ship-based observation program (observations of physical, chemical and biological parameters) and one moored structure with meteorological and oceanic surface observations, as well as in the water column."
OS_ESTOC_1998_D_SEDIMENT_TRAP_CI_9_3060m,public,"Department of Geosciences and MARUM, Universit\u00c3\u00a4t Bremen",grid,TimeSeries,EDDGridFromErddap,"Sediment-Trap, OS ESTOC 1998 D SEDIMENT TRAP CI 9 3060m (OceanSITES ESTOC in-situ data.)",,,,,,,,,1998-03-26T00:00:00Z,1998-09-22T00:00:00Z,818526.3157894737,https://erddap.emso.eu/erddap/griddap/OS_ESTOC_1998_D_SEDIMENT_TRAP_CI_9_3060m,,,https://erddap.emso.eu/erddap/griddap/OS_ESTOC_1998_D_SEDIMENT_TRAP_CI_9_3060m.graph,,,,,,,https://erddap.emso.eu/erddap/info/OS_ESTOC_1998_D_SEDIMENT_TRAP_CI_9_3060m/index,http://data.plocan.eu/thredds/dodsC/estoc/mooring-watercolumn/Sediment-Trap/OS_ESTOC_1998_D_SEDIMENT_TRAP_CI_9_3060m.nc,http://data.plocan.eu/thredds/PLOCAN-Observatory_Data-Policy_v2.pdf,https://erddap.emso.eu/erddap/rss/OS_ESTOC_1998_D_SEDIMENT_TRAP_CI_9_3060m.rss,https://erddap.emso.eu/erddap/subscriptions/add.html?datasetID=OS_ESTOC_1998_D_SEDIMENT_TRAP_CI_9_3060m&showErrors=false&email=,,,"OceanSITES ESTOC in-situ data. The European Station forTime-series in the Ocean, Canary Islands (ESTOC) is a sustained and multidisciplinary observatory located at the east central North Atlantic. The ESTOC goal is the creation of an Eulerian long time series on an inter- and multidisciplinary basis in order to monitor and help understand oceanic long-term variability in the North Atlantic subtropical gyre. ESTOC is providing hydrographic and biogeochemical time-series datasets from 1994. Activities include a ship-based observation program (observations of physical, chemical and biological parameters) and one moored structure with meteorological and oceanic surface observations, as well as in the water column."
OS_ESTOC_1999_D_SEDIMENT_TRAP_CI_10_1050m,public,"Department of Geosciences and MARUM, Universit\u00c3\u00a4t Bremen",grid,TimeSeries,EDDGridFromErddap,"Sediment-Trap, OS ESTOC 1999 D SEDIMENT TRAP CI 10 1050m (OceanSITES ESTOC in-situ data.)",,,,,,,,,1998-10-03T00:00:00Z,1999-04-28T00:00:00Z,941305.2631578948,https://erddap.emso.eu/erddap/griddap/OS_ESTOC_1999_D_SEDIMENT_TRAP_CI_10_1050m,,,https://erddap.emso.eu/erddap/griddap/OS_ESTOC_1999_D_SEDIMENT_TRAP_CI_10_1050m.graph,,,,,,,https://erddap.emso.eu/erddap/info/OS_ESTOC_1999_D_SEDIMENT_TRAP_CI_10_1050m/index,http://data.plocan.eu/thredds/dodsC/estoc/mooring-watercolumn/Sediment-Trap/OS_ESTOC_1999_D_SEDIMENT_TRAP_CI_10_1050m.nc,http://data.plocan.eu/thredds/PLOCAN-Observatory_Data-Policy_v2.pdf,https://erddap.emso.eu/erddap/rss/OS_ESTOC_1999_D_SEDIMENT_TRAP_CI_10_1050m.rss,https://erddap.emso.eu/erddap/subscriptions/add.html?datasetID=OS_ESTOC_1999_D_SEDIMENT_TRAP_CI_10_1050m&showErrors=false&email=,,,"OceanSITES ESTOC in-situ data. The European Station forTime-series in the Ocean, Canary Islands (ESTOC) is a sustained and multidisciplinary observatory located at the east central North Atlantic. The ESTOC goal is the creation of an Eulerian long time series on an inter- and multidisciplinary basis in order to monitor and help understand oceanic long-term variability in the North Atlantic subtropical gyre. ESTOC is providing hydrographic and biogeochemical time-series datasets from 1994. Activities include a ship-based observation program (observations of physical, chemical and biological parameters) and one moored structure with meteorological and oceanic surface observations, as well as in the water column."
OS_ESTOC_1999_D_SEDIMENT_TRAP_CI_10_3060m,public,"Department of Geosciences and MARUM, Universit\u00c3\u00a4t Bremen",grid,TimeSeries,EDDGridFromErddap,"Sediment-Trap, OS ESTOC 1999 D SEDIMENT TRAP CI 10 3060m (OceanSITES ESTOC in-situ data.)",,,,,,,,,1998-10-03T00:00:00Z,1999-04-28T00:00:00Z,941305.2631578948,https://erddap.emso.eu/erddap/griddap/OS_ESTOC_1999_D_SEDIMENT_TRAP_CI_10_3060m,,,https://erddap.emso.eu/erddap/griddap/OS_ESTOC_1999_D_SEDIMENT_TRAP_CI_10_3060m.graph,,,,,,,https://erddap.emso.eu/erddap/info/OS_ESTOC_1999_D_SEDIMENT_TRAP_CI_10_3060m/index,http://data.plocan.eu/thredds/dodsC/estoc/mooring-watercolumn/Sediment-Trap/OS_ESTOC_1999_D_SEDIMENT_TRAP_CI_10_3060m.nc,http://data.plocan.eu/thredds/PLOCAN-Observatory_Data-Policy_v2.pdf,https://erddap.emso.eu/erddap/rss/OS_ESTOC_1999_D_SEDIMENT_TRAP_CI_10_3060m.rss,https://erddap.emso.eu/erddap/subscriptions/add.html?datasetID=OS_ESTOC_1999_D_SEDIMENT_TRAP_CI_10_3060m&showErrors=false&email=,,,"OceanSITES ESTOC in-situ data. The European Station forTime-series in the Ocean, Canary Islands (ESTOC) is a sustained and multidisciplinary observatory located at the east central North Atlantic. The ESTOC goal is the creation of an Eulerian long time series on an inter- and multidisciplinary basis in order to monitor and help understand oceanic long-term variability in the North Atlantic subtropical gyre. ESTOC is providing hydrographic and biogeochemical time-series datasets from 1994. Activities include a ship-based observation program (observations of physical, chemical and biological parameters) and one moored structure with meteorological and oceanic surface observations, as well as in the water column."
OS_ESTOC_1999_D_SEDIMENT_TRAP_CI_10_750m,public,"Department of Geosciences and MARUM, Universit\u00c3\u00a4t Bremen",grid,TimeSeries,EDDGridFromErddap,"Sediment-Trap, OS ESTOC 1999 D SEDIMENT TRAP CI 10 750m (OceanSITES ESTOC in-situ data.)",,,,,,,,,1998-10-03T00:00:00Z,1999-04-28T00:00:00Z,941305.2631578948,https://erddap.emso.eu/erddap/griddap/OS_ESTOC_1999_D_SEDIMENT_TRAP_CI_10_750m,,,https://erddap.emso.eu/erddap/griddap/OS_ESTOC_1999_D_SEDIMENT_TRAP_CI_10_750m.graph,,,,,,,https://erddap.emso.eu/erddap/info/OS_ESTOC_1999_D_SEDIMENT_TRAP_CI_10_750m/index,http://data.plocan.eu/thredds/dodsC/estoc/mooring-watercolumn/Sediment-Trap/OS_ESTOC_1999_D_SEDIMENT_TRAP_CI_10_750m.nc,http://data.plocan.eu/thredds/PLOCAN-Observatory_Data-Policy_v2.pdf,https://erddap.emso.eu/erddap/rss/OS_ESTOC_1999_D_SEDIMENT_TRAP_CI_10_750m.rss,https://erddap.emso.eu/erddap/subscriptions/add.html?datasetID=OS_ESTOC_1999_D_SEDIMENT_TRAP_CI_10_750m&showErrors=false&email=,,,"OceanSITES ESTOC in-situ data. The European Station forTime-series in the Ocean, Canary Islands (ESTOC) is a sustained and multidisciplinary observatory located at the east central North Atlantic. The ESTOC goal is the creation of an Eulerian long time series on an inter- and multidisciplinary basis in order to monitor and help understand oceanic long-term variability in the North Atlantic subtropical gyre. ESTOC is providing hydrographic and biogeochemical time-series datasets from 1994. Activities include a ship-based observation program (observations of physical, chemical and biological parameters) and one moored structure with meteorological and oceanic surface observations, as well as in the water column."
OS_ESTOC_1999_D_SEDIMENT_TRAP_CI_11_750m,public,"Department of Geosciences and MARUM, Universit\u00c3\u00a4t Bremen",grid,TimeSeries,EDDGridFromErddap,"Sediment-Trap, OS ESTOC 1999 D SEDIMENT TRAP CI 11 750m (OceanSITES ESTOC in-situ data.)",,,,,,,,,1999-06-01T00:00:00Z,1999-10-25T00:00:00Z,840960.0,https://erddap.emso.eu/erddap/griddap/OS_ESTOC_1999_D_SEDIMENT_TRAP_CI_11_750m,,,https://erddap.emso.eu/erddap/griddap/OS_ESTOC_1999_D_SEDIMENT_TRAP_CI_11_750m.graph,,,,,,,https://erddap.emso.eu/erddap/info/OS_ESTOC_1999_D_SEDIMENT_TRAP_CI_11_750m/index,http://data.plocan.eu/thredds/dodsC/estoc/mooring-watercolumn/Sediment-Trap/OS_ESTOC_1999_D_SEDIMENT_TRAP_CI_11_750m.nc,http://data.plocan.eu/thredds/PLOCAN-Observatory_Data-Policy_v2.pdf,https://erddap.emso.eu/erddap/rss/OS_ESTOC_1999_D_SEDIMENT_TRAP_CI_11_750m.rss,https://erddap.emso.eu/erddap/subscriptions/add.html?datasetID=OS_ESTOC_1999_D_SEDIMENT_TRAP_CI_11_750m&showErrors=false&email=,,,"OceanSITES ESTOC in-situ data. The European Station forTime-series in the Ocean, Canary Islands (ESTOC) is a sustained and multidisciplinary observatory located at the east central North Atlantic. The ESTOC goal is the creation of an Eulerian long time series on an inter- and multidisciplinary basis in order to monitor and help understand oceanic long-term variability in the North Atlantic subtropical gyre. ESTOC is providing hydrographic and biogeochemical time-series datasets from 1994. Activities include a ship-based observation program (observations of physical, chemical and biological parameters) and one moored structure with meteorological and oceanic surface observations, as well as in the water column."
OS_ESTOC_1999_D_SEDIMENT_TRAP_CI_12_1050m,public,"Department of Geosciences and MARUM, Universit\u00c3\u00a4t Bremen",grid,TimeSeries,EDDGridFromErddap,"Sediment-Trap, OS ESTOC 1999 D SEDIMENT TRAP CI 12 1050m (OceanSITES ESTOC in-situ data.)",,,,,,,,,1999-11-08T00:00:00Z,1999-12-28T00:00:00Z,864000.0,https://erddap.emso.eu/erddap/griddap/OS_ESTOC_1999_D_SEDIMENT_TRAP_CI_12_1050m,,,https://erddap.emso.eu/erddap/griddap/OS_ESTOC_1999_D_SEDIMENT_TRAP_CI_12_1050m.graph,,,,,,,https://erddap.emso.eu/erddap/info/OS_ESTOC_1999_D_SEDIMENT_TRAP_CI_12_1050m/index,http://data.plocan.eu/thredds/dodsC/estoc/mooring-watercolumn/Sediment-Trap/OS_ESTOC_1999_D_SEDIMENT_TRAP_CI_12_1050m.nc,http://data.plocan.eu/thredds/PLOCAN-Observatory_Data-Policy_v2.pdf,https://erddap.emso.eu/erddap/rss/OS_ESTOC_1999_D_SEDIMENT_TRAP_CI_12_1050m.rss,https://erddap.emso.eu/erddap/subscriptions/add.html?datasetID=OS_ESTOC_1999_D_SEDIMENT_TRAP_CI_12_1050m&showErrors=false&email=,,,"OceanSITES ESTOC in-situ data. The European Station forTime-series in the Ocean, Canary Islands (ESTOC) is a sustained and multidisciplinary observatory located at the east central North Atlantic. The ESTOC goal is the creation of an Eulerian long time series on an inter- and multidisciplinary basis in order to monitor and help understand oceanic long-term variability in the North Atlantic subtropical gyre. ESTOC is providing hydrographic and biogeochemical time-series datasets from 1994. Activities include a ship-based observation program (observations of physical, chemical and biological parameters) and one moored structure with meteorological and oceanic surface observations, as well as in the water column."
OS_ESTOC_1999_D_SEDIMENT_TRAP_CI_12_3060m,public,"Department of Geosciences and MARUM, Universit\u00c3\u00a4t Bremen",grid,TimeSeries,EDDGridFromErddap,"Sediment-Trap, OS ESTOC 1999 D SEDIMENT TRAP CI 12 3060m (OceanSITES ESTOC in-situ data.)",,,,,,,,,1999-02-20T00:00:00Z,1999-04-09T00:00:00Z,829440.0,https://erddap.emso.eu/erddap/griddap/OS_ESTOC_1999_D_SEDIMENT_TRAP_CI_12_3060m,,,https://erddap.emso.eu/erddap/griddap/OS_ESTOC_1999_D_SEDIMENT_TRAP_CI_12_3060m.graph,,,,,,,https://erddap.emso.eu/erddap/info/OS_ESTOC_1999_D_SEDIMENT_TRAP_CI_12_3060m/index,http://data.plocan.eu/thredds/dodsC/estoc/mooring-watercolumn/Sediment-Trap/OS_ESTOC_1999_D_SEDIMENT_TRAP_CI_12_3060m.nc,http://data.plocan.eu/thredds/PLOCAN-Observatory_Data-Policy_v2.pdf,https://erddap.emso.eu/erddap/rss/OS_ESTOC_1999_D_SEDIMENT_TRAP_CI_12_3060m.rss,https://erddap.emso.eu/erddap/subscriptions/add.html?datasetID=OS_ESTOC_1999_D_SEDIMENT_TRAP_CI_12_3060m&showErrors=false&email=,,,"OceanSITES ESTOC in-situ data. The European Station forTime-series in the Ocean, Canary Islands (ESTOC) is a sustained and multidisciplinary observatory located at the east central North Atlantic. The ESTOC goal is the creation of an Eulerian long time series on an inter- and multidisciplinary basis in order to monitor and help understand oceanic long-term variability in the North Atlantic subtropical gyre. ESTOC is providing hydrographic and biogeochemical time-series datasets from 1994. Activities include a ship-based observation program (observations of physical, chemical and biological parameters) and one moored structure with meteorological and oceanic surface observations, as well as in the water column."
OS_ESTOC_2000_D_SEDIMENT_TRAP_CI_13_1050m,public,"Department of Geosciences and MARUM, Universit\u00c3\u00a4t Bremen",grid,TimeSeries,EDDGridFromErddap,"Sediment-Trap, OS ESTOC 2000 D SEDIMENT TRAP CI 13 1050m (OceanSITES ESTOC in-situ data.)",,,,,,,,,2000-03-28T00:00:00Z,2000-04-16T00:00:00Z,1641600.0,https://erddap.emso.eu/erddap/griddap/OS_ESTOC_2000_D_SEDIMENT_TRAP_CI_13_1050m,,,https://erddap.emso.eu/erddap/griddap/OS_ESTOC_2000_D_SEDIMENT_TRAP_CI_13_1050m.graph,,,,,,,https://erddap.emso.eu/erddap/info/OS_ESTOC_2000_D_SEDIMENT_TRAP_CI_13_1050m/index,http://data.plocan.eu/thredds/dodsC/estoc/mooring-watercolumn/Sediment-Trap/OS_ESTOC_2000_D_SEDIMENT_TRAP_CI_13_1050m.nc,http://data.plocan.eu/thredds/PLOCAN-Observatory_Data-Policy_v2.pdf,https://erddap.emso.eu/erddap/rss/OS_ESTOC_2000_D_SEDIMENT_TRAP_CI_13_1050m.rss,https://erddap.emso.eu/erddap/subscriptions/add.html?datasetID=OS_ESTOC_2000_D_SEDIMENT_TRAP_CI_13_1050m&showErrors=false&email=,,,"OceanSITES ESTOC in-situ data. The European Station forTime-series in the Ocean, Canary Islands (ESTOC) is a sustained and multidisciplinary observatory located at the east central North Atlantic. The ESTOC goal is the creation of an Eulerian long time series on an inter- and multidisciplinary basis in order to monitor and help understand oceanic long-term variability in the North Atlantic subtropical gyre. ESTOC is providing hydrographic and biogeochemical time-series datasets from 1994. Activities include a ship-based observation program (observations of physical, chemical and biological parameters) and one moored structure with meteorological and oceanic surface observations, as well as in the water column."
OS_ESTOC_2000_D_SEDIMENT_TRAP_CI_13_3060m,public,"Department of Geosciences and MARUM, Universit\u00c3\u00a4t Bremen",grid,TimeSeries,EDDGridFromErddap,"Sediment-Trap, OS ESTOC 2000 D SEDIMENT TRAP CI 13 3060m (OceanSITES ESTOC in-situ data.)",,,,,,,,,2000-03-28T00:00:00Z,2001-03-05T00:00:00Z,1641600.0,https://erddap.emso.eu/erddap/griddap/OS_ESTOC_2000_D_SEDIMENT_TRAP_CI_13_3060m,,,https://erddap.emso.eu/erddap/griddap/OS_ESTOC_2000_D_SEDIMENT_TRAP_CI_13_3060m.graph,,,,,,,https://erddap.emso.eu/erddap/info/OS_ESTOC_2000_D_SEDIMENT_TRAP_CI_13_3060m/index,http://data.plocan.eu/thredds/dodsC/estoc/mooring-watercolumn/Sediment-Trap/OS_ESTOC_2000_D_SEDIMENT_TRAP_CI_13_3060m.nc,http://data.plocan.eu/thredds/PLOCAN-Observatory_Data-Policy_v2.pdf,https://erddap.emso.eu/erddap/rss/OS_ESTOC_2000_D_SEDIMENT_TRAP_CI_13_3060m.rss,https://erddap.emso.eu/erddap/subscriptions/add.html?datasetID=OS_ESTOC_2000_D_SEDIMENT_TRAP_CI_13_3060m&showErrors=false&email=,,,"OceanSITES ESTOC in-situ data. The European Station forTime-series in the Ocean, Canary Islands (ESTOC) is a sustained and multidisciplinary observatory located at the east central North Atlantic. The ESTOC goal is the creation of an Eulerian long time series on an inter- and multidisciplinary basis in order to monitor and help understand oceanic long-term variability in the North Atlantic subtropical gyre. ESTOC is providing hydrographic and biogeochemical time-series datasets from 1994. Activities include a ship-based observation program (observations of physical, chemical and biological parameters) and one moored structure with meteorological and oceanic surface observations, as well as in the water column."
OS_ESTOC_2000_D_SEDIMENT_TRAP_CI_13_750m,public,"Department of Geosciences and MARUM, Universit\u00c3\u00a4t Bremen",grid,TimeSeries,EDDGridFromErddap,"Sediment-Trap, OS ESTOC 2000 D SEDIMENT TRAP CI 13 750m (OceanSITES ESTOC in-situ data.)",,,,,,,,,2000-03-28T00:00:00Z,2001-03-05T00:00:00Z,1641600.0,https://erddap.emso.eu/erddap/griddap/OS_ESTOC_2000_D_SEDIMENT_TRAP_CI_13_750m,,,https://erddap.emso.eu/erddap/griddap/OS_ESTOC_2000_D_SEDIMENT_TRAP_CI_13_750m.graph,,,,,,,https://erddap.emso.eu/erddap/info/OS_ESTOC_2000_D_SEDIMENT_TRAP_CI_13_750m/index,http://data.plocan.eu/thredds/dodsC/estoc/mooring-watercolumn/Sediment-Trap/OS_ESTOC_2000_D_SEDIMENT_TRAP_CI_13_750m.nc,http://data.plocan.eu/thredds/PLOCAN-Observatory_Data-Policy_v2.pdf,https://erddap.emso.eu/erddap/rss/OS_ESTOC_2000_D_SEDIMENT_TRAP_CI_13_750m.rss,https://erddap.emso.eu/erddap/subscriptions/add.html?datasetID=OS_ESTOC_2000_D_SEDIMENT_TRAP_CI_13_750m&showErrors=false&email=,,,"OceanSITES ESTOC in-situ data. The European Station forTime-series in the Ocean, Canary Islands (ESTOC) is a sustained and multidisciplinary observatory located at the east central North Atlantic. The ESTOC goal is the creation of an Eulerian long time series on an inter- and multidisciplinary basis in order to monitor and help understand oceanic long-term variability in the North Atlantic subtropical gyre. ESTOC is providing hydrographic and biogeochemical time-series datasets from 1994. Activities include a ship-based observation program (observations of physical, chemical and biological parameters) and one moored structure with meteorological and oceanic surface observations, as well as in the water column."
OS_ESTOC_2001_D_SEDIMENT_TRAP_CI_14_1050m,public,"Department of Geosciences and MARUM, Universit\u00c3\u00a4t Bremen",grid,TimeSeries,EDDGridFromErddap,"Sediment-Trap, OS ESTOC 2001 D SEDIMENT TRAP CI 14 1050m (OceanSITES ESTOC in-situ data.)",,,,,,,,,2001-03-23T00:00:00Z,2002-03-23T00:00:00Z,1659789.4736842106,https://erddap.emso.eu/erddap/griddap/OS_ESTOC_2001_D_SEDIMENT_TRAP_CI_14_1050m,,,https://erddap.emso.eu/erddap/griddap/OS_ESTOC_2001_D_SEDIMENT_TRAP_CI_14_1050m.graph,,,,,,,https://erddap.emso.eu/erddap/info/OS_ESTOC_2001_D_SEDIMENT_TRAP_CI_14_1050m/index,http://data.plocan.eu/thredds/dodsC/estoc/mooring-watercolumn/Sediment-Trap/OS_ESTOC_2001_D_SEDIMENT_TRAP_CI_14_1050m.nc,http://data.plocan.eu/thredds/PLOCAN-Observatory_Data-Policy_v2.pdf,https://erddap.emso.eu/erddap/rss/OS_ESTOC_2001_D_SEDIMENT_TRAP_CI_14_1050m.rss,https://erddap.emso.eu/erddap/subscriptions/add.html?datasetID=OS_ESTOC_2001_D_SEDIMENT_TRAP_CI_14_1050m&showErrors=false&email=,,,"OceanSITES ESTOC in-situ data. The European Station forTime-series in the Ocean, Canary Islands (ESTOC) is a sustained and multidisciplinary observatory located at the east central North Atlantic. The ESTOC goal is the creation of an Eulerian long time series on an inter- and multidisciplinary basis in order to monitor and help understand oceanic long-term variability in the North Atlantic subtropical gyre. ESTOC is providing hydrographic and biogeochemical time-series datasets from 1994. Activities include a ship-based observation program (observations of physical, chemical and biological parameters) and one moored structure with meteorological and oceanic surface observations, as well as in the water column."
OS_ESTOC_2001_D_SEDIMENT_TRAP_CI_14_3060m,public,"Department of Geosciences and MARUM, Universit\u00c3\u00a4t Bremen",grid,TimeSeries,EDDGridFromErddap,"Sediment-Trap, OS ESTOC 2001 D SEDIMENT TRAP CI 14 3060m (OceanSITES ESTOC in-situ data.)",,,,,,,,,2001-03-23T00:00:00Z,2002-03-23T00:00:00Z,1659789.4736842106,https://erddap.emso.eu/erddap/griddap/OS_ESTOC_2001_D_SEDIMENT_TRAP_CI_14_3060m,,,https://erddap.emso.eu/erddap/griddap/OS_ESTOC_2001_D_SEDIMENT_TRAP_CI_14_3060m.graph,,,,,,,https://erddap.emso.eu/erddap/info/OS_ESTOC_2001_D_SEDIMENT_TRAP_CI_14_3060m/index,http://data.plocan.eu/thredds/dodsC/estoc/mooring-watercolumn/Sediment-Trap/OS_ESTOC_2001_D_SEDIMENT_TRAP_CI_14_3060m.nc,http://data.plocan.eu/thredds/PLOCAN-Observatory_Data-Policy_v2.pdf,https://erddap.emso.eu/erddap/rss/OS_ESTOC_2001_D_SEDIMENT_TRAP_CI_14_3060m.rss,https://erddap.emso.eu/erddap/subscriptions/add.html?datasetID=OS_ESTOC_2001_D_SEDIMENT_TRAP_CI_14_3060m&showErrors=false&email=,,,"OceanSITES ESTOC in-situ data. The European Station forTime-series in the Ocean, Canary Islands (ESTOC) is a sustained and multidisciplinary observatory located at the east central North Atlantic. The ESTOC goal is the creation of an Eulerian long time series on an inter- and multidisciplinary basis in order to monitor and help understand oceanic long-term variability in the North Atlantic subtropical gyre. ESTOC is providing hydrographic and biogeochemical time-series datasets from 1994. Activities include a ship-based observation program (observations of physical, chemical and biological parameters) and one moored structure with meteorological and oceanic surface observations, as well as in the water column."
OS_ESTOC_2003_D_SEDIMENT_TRAP_CI_16_1050m,public,"Department of Geosciences and MARUM, Universit\u00c3\u00a4t Bremen",grid,TimeSeries,EDDGridFromErddap,"Sediment-Trap, OS ESTOC 2003 D SEDIMENT TRAP CI 16 1050m (OceanSITES ESTOC in-situ data.)",,,,,,,,,2003-04-12T00:00:00Z,2003-05-18T00:00:00Z,1555200.0,https://erddap.emso.eu/erddap/griddap/OS_ESTOC_2003_D_SEDIMENT_TRAP_CI_16_1050m,,,https://erddap.emso.eu/erddap/griddap/OS_ESTOC_2003_D_SEDIMENT_TRAP_CI_16_1050m.graph,,,,,,,https://erddap.emso.eu/erddap/info/OS_ESTOC_2003_D_SEDIMENT_TRAP_CI_16_1050m/index,http://data.plocan.eu/thredds/dodsC/estoc/mooring-watercolumn/Sediment-Trap/OS_ESTOC_2003_D_SEDIMENT_TRAP_CI_16_1050m.nc,http://data.plocan.eu/thredds/PLOCAN-Observatory_Data-Policy_v2.pdf,https://erddap.emso.eu/erddap/rss/OS_ESTOC_2003_D_SEDIMENT_TRAP_CI_16_1050m.rss,https://erddap.emso.eu/erddap/subscriptions/add.html?datasetID=OS_ESTOC_2003_D_SEDIMENT_TRAP_CI_16_1050m&showErrors=false&email=,,,"OceanSITES ESTOC in-situ data. The European Station forTime-series in the Ocean, Canary Islands (ESTOC) is a sustained and multidisciplinary observatory located at the east central North Atlantic. The ESTOC goal is the creation of an Eulerian long time series on an inter- and multidisciplinary basis in order to monitor and help understand oceanic long-term variability in the North Atlantic subtropical gyre. ESTOC is providing hydrographic and biogeochemical time-series datasets from 1994. Activities include a ship-based observation program (observations of physical, chemical and biological parameters) and one moored structure with meteorological and oceanic surface observations, as well as in the water column."
OS_ESTOC_2003_D_SEDIMENT_TRAP_CI_16_3060m,public,"Department of Geosciences and MARUM, Universit\u00c3\u00a4t Bremen",grid,TimeSeries,EDDGridFromErddap,"Sediment-Trap, OS ESTOC 2003 D SEDIMENT TRAP CI 16 3060m (OceanSITES ESTOC in-situ data.)",,,,,,,,,2003-04-12T00:00:00Z,2004-03-19T00:00:00Z,1555200.0,https://erddap.emso.eu/erddap/griddap/OS_ESTOC_2003_D_SEDIMENT_TRAP_CI_16_3060m,,,https://erddap.emso.eu/erddap/griddap/OS_ESTOC_2003_D_SEDIMENT_TRAP_CI_16_3060m.graph,,,,,,,https://erddap.emso.eu/erddap/info/OS_ESTOC_2003_D_SEDIMENT_TRAP_CI_16_3060m/index,http://data.plocan.eu/thredds/dodsC/estoc/mooring-watercolumn/Sediment-Trap/OS_ESTOC_2003_D_SEDIMENT_TRAP_CI_16_3060m.nc,http://data.plocan.eu/thredds/PLOCAN-Observatory_Data-Policy_v2.pdf,https://erddap.emso.eu/erddap/rss/OS_ESTOC_2003_D_SEDIMENT_TRAP_CI_16_3060m.rss,https://erddap.emso.eu/erddap/subscriptions/add.html?datasetID=OS_ESTOC_2003_D_SEDIMENT_TRAP_CI_16_3060m&showErrors=false&email=,,,"OceanSITES ESTOC in-situ data. The European Station forTime-series in the Ocean, Canary Islands (ESTOC) is a sustained and multidisciplinary observatory located at the east central North Atlantic. The ESTOC goal is the creation of an Eulerian long time series on an inter- and multidisciplinary basis in order to monitor and help understand oceanic long-term variability in the North Atlantic subtropical gyre. ESTOC is providing hydrographic and biogeochemical time-series datasets from 1994. Activities include a ship-based observation program (observations of physical, chemical and biological parameters) and one moored structure with meteorological and oceanic surface observations, as well as in the water column."
OS_ESTOC_2003_D_SEDIMENT_TRAP_MSD1_3630m,public,"Department of Geosciences and MARUM, Universit\u00c3\u00a4t Bremen",grid,TimeSeries,EDDGridFromErddap,"Sediment-Trap, OS ESTOC 2003 D SEDIMENT TRAP MSD1 3630m (OceanSITES ESTOC in-situ data.)",,,,,,,,,2002-04-16T00:00:00Z,2003-04-02T00:00:00Z,777600.0,https://erddap.emso.eu/erddap/griddap/OS_ESTOC_2003_D_SEDIMENT_TRAP_MSD1_3630m,,,https://erddap.emso.eu/erddap/griddap/OS_ESTOC_2003_D_SEDIMENT_TRAP_MSD1_3630m.graph,,,,,,,https://erddap.emso.eu/erddap/info/OS_ESTOC_2003_D_SEDIMENT_TRAP_MSD1_3630m/index,http://data.plocan.eu/thredds/dodsC/estoc/mooring-watercolumn/Sediment-Trap/OS_ESTOC_2003_D_SEDIMENT_TRAP_MSD1_3630m.nc,http://data.plocan.eu/thredds/PLOCAN-Observatory_Data-Policy_v2.pdf,https://erddap.emso.eu/erddap/rss/OS_ESTOC_2003_D_SEDIMENT_TRAP_MSD1_3630m.rss,https://erddap.emso.eu/erddap/subscriptions/add.html?datasetID=OS_ESTOC_2003_D_SEDIMENT_TRAP_MSD1_3630m&showErrors=false&email=,,,"OceanSITES ESTOC in-situ data. The European Station forTime-series in the Ocean, Canary Islands (ESTOC) is a sustained and multidisciplinary observatory located at the east central North Atlantic. The ESTOC goal is the creation of an Eulerian long time series on an inter- and multidisciplinary basis in order to monitor and help understand oceanic long-term variability in the North Atlantic subtropical gyre. ESTOC is providing hydrographic and biogeochemical time-series datasets from 1994. Activities include a ship-based observation program (observations of physical, chemical and biological parameters) and one moored structure with meteorological and oceanic surface observations, as well as in the water column."
OS_ESTOC_2004_D_SEDIMENT_TRAP_CI_17_1050m,public,"Department of Geosciences and MARUM, Universit\u00c3\u00a4t Bremen",grid,TimeSeries,EDDGridFromErddap,"Sediment-Trap, OS ESTOC 2004 D SEDIMENT TRAP CI 17 1050m (OceanSITES ESTOC in-situ data.)",,,,,,,,,2004-04-26T00:00:00Z,2005-02-05T00:00:00Z,1296000.0,https://erddap.emso.eu/erddap/griddap/OS_ESTOC_2004_D_SEDIMENT_TRAP_CI_17_1050m,,,https://erddap.emso.eu/erddap/griddap/OS_ESTOC_2004_D_SEDIMENT_TRAP_CI_17_1050m.graph,,,,,,,https://erddap.emso.eu/erddap/info/OS_ESTOC_2004_D_SEDIMENT_TRAP_CI_17_1050m/index,http://data.plocan.eu/thredds/dodsC/estoc/mooring-watercolumn/Sediment-Trap/OS_ESTOC_2004_D_SEDIMENT_TRAP_CI_17_1050m.nc,http://data.plocan.eu/thredds/PLOCAN-Observatory_Data-Policy_v2.pdf,https://erddap.emso.eu/erddap/rss/OS_ESTOC_2004_D_SEDIMENT_TRAP_CI_17_1050m.rss,https://erddap.emso.eu/erddap/subscriptions/add.html?datasetID=OS_ESTOC_2004_D_SEDIMENT_TRAP_CI_17_1050m&showErrors=false&email=,,,"OceanSITES ESTOC in-situ data. The European Station forTime-series in the Ocean, Canary Islands (ESTOC) is a sustained and multidisciplinary observatory located at the east central North Atlantic. The ESTOC goal is the creation of an Eulerian long time series on an inter- and multidisciplinary basis in order to monitor and help understand oceanic long-term variability in the North Atlantic subtropical gyre. ESTOC is providing hydrographic and biogeochemical time-series datasets from 1994. Activities include a ship-based observation program (observations of physical, chemical and biological parameters) and one moored structure with meteorological and oceanic surface observations, as well as in the water column."
OS_ESTOC_2004_D_SEDIMENT_TRAP_CI_17_3060m,public,"Department of Geosciences and MARUM, Universit\u00c3\u00a4t Bremen",grid,TimeSeries,EDDGridFromErddap,"Sediment-Trap, OS ESTOC 2004 D SEDIMENT TRAP CI 17 3060m (OceanSITES ESTOC in-situ data.)",,,,,,,,,2004-04-26T00:00:00Z,2005-02-05T00:00:00Z,1296000.0,https://erddap.emso.eu/erddap/griddap/OS_ESTOC_2004_D_SEDIMENT_TRAP_CI_17_3060m,,,https://erddap.emso.eu/erddap/griddap/OS_ESTOC_2004_D_SEDIMENT_TRAP_CI_17_3060m.graph,,,,,,,https://erddap.emso.eu/erddap/info/OS_ESTOC_2004_D_SEDIMENT_TRAP_CI_17_3060m/index,http://data.plocan.eu/thredds/dodsC/estoc/mooring-watercolumn/Sediment-Trap/OS_ESTOC_2004_D_SEDIMENT_TRAP_CI_17_3060m.nc,http://data.plocan.eu/thredds/PLOCAN-Observatory_Data-Policy_v2.pdf,https://erddap.emso.eu/erddap/rss/OS_ESTOC_2004_D_SEDIMENT_TRAP_CI_17_3060m.rss,https://erddap.emso.eu/erddap/subscriptions/add.html?datasetID=OS_ESTOC_2004_D_SEDIMENT_TRAP_CI_17_3060m&showErrors=false&email=,,,"OceanSITES ESTOC in-situ data. The European Station forTime-series in the Ocean, Canary Islands (ESTOC) is a sustained and multidisciplinary observatory located at the east central North Atlantic. The ESTOC goal is the creation of an Eulerian long time series on an inter- and multidisciplinary basis in order to monitor and help understand oceanic long-term variability in the North Atlantic subtropical gyre. ESTOC is providing hydrographic and biogeochemical time-series datasets from 1994. Activities include a ship-based observation program (observations of physical, chemical and biological parameters) and one moored structure with meteorological and oceanic surface observations, as well as in the water column."
OS_ESTOC_2004_D_SEDIMENT_TRAP_CI_17_750m,public,"Department of Geosciences and MARUM, Universit\u00c3\u00a4t Bremen",grid,TimeSeries,EDDGridFromErddap,"Sediment-Trap, OS ESTOC 2004 D SEDIMENT TRAP CI 17 750m (OceanSITES ESTOC in-situ data.)",,,,,,,,,2004-04-26T00:00:00Z,2005-02-05T00:00:00Z,1296000.0,https://erddap.emso.eu/erddap/griddap/OS_ESTOC_2004_D_SEDIMENT_TRAP_CI_17_750m,,,https://erddap.emso.eu/erddap/griddap/OS_ESTOC_2004_D_SEDIMENT_TRAP_CI_17_750m.graph,,,,,,,https://erddap.emso.eu/erddap/info/OS_ESTOC_2004_D_SEDIMENT_TRAP_CI_17_750m/index,http://data.plocan.eu/thredds/dodsC/estoc/mooring-watercolumn/Sediment-Trap/OS_ESTOC_2004_D_SEDIMENT_TRAP_CI_17_750m.nc,http://data.plocan.eu/thredds/PLOCAN-Observatory_Data-Policy_v2.pdf,https://erddap.emso.eu/erddap/rss/OS_ESTOC_2004_D_SEDIMENT_TRAP_CI_17_750m.rss,https://erddap.emso.eu/erddap/subscriptions/add.html?datasetID=OS_ESTOC_2004_D_SEDIMENT_TRAP_CI_17_750m&showErrors=false&email=,,,"OceanSITES ESTOC in-situ data. The European Station forTime-series in the Ocean, Canary Islands (ESTOC) is a sustained and multidisciplinary observatory located at the east central North Atlantic. The ESTOC goal is the creation of an Eulerian long time series on an inter- and multidisciplinary basis in order to monitor and help understand oceanic long-term variability in the North Atlantic subtropical gyre. ESTOC is providing hydrographic and biogeochemical time-series datasets from 1994. Activities include a ship-based observation program (observations of physical, chemical and biological parameters) and one moored structure with meteorological and oceanic surface observations, as well as in the water column."
OS_ESTOC_2004_D_SEDIMENT_TRAP_MSD3_3060m,public,"Department of Geosciences and MARUM, Universit\u00c3\u00a4t Bremen",grid,TimeSeries,EDDGridFromErddap,"Sediment-Trap, OS ESTOC 2004 D SEDIMENT TRAP MSD3 3060m (OceanSITES ESTOC in-situ data.)",,,,,,,,,2004-04-25T00:00:00Z,2004-11-28T00:00:00Z,646510.3448275862,https://erddap.emso.eu/erddap/griddap/OS_ESTOC_2004_D_SEDIMENT_TRAP_MSD3_3060m,,,https://erddap.emso.eu/erddap/griddap/OS_ESTOC_2004_D_SEDIMENT_TRAP_MSD3_3060m.graph,,,,,,,https://erddap.emso.eu/erddap/info/OS_ESTOC_2004_D_SEDIMENT_TRAP_MSD3_3060m/index,http://data.plocan.eu/thredds/dodsC/estoc/mooring-watercolumn/Sediment-Trap/OS_ESTOC_2004_D_SEDIMENT_TRAP_MSD3_3060m.nc,http://data.plocan.eu/thredds/PLOCAN-Observatory_Data-Policy_v2.pdf,https://erddap.emso.eu/erddap/rss/OS_ESTOC_2004_D_SEDIMENT_TRAP_MSD3_3060m.rss,https://erddap.emso.eu/erddap/subscriptions/add.html?datasetID=OS_ESTOC_2004_D_SEDIMENT_TRAP_MSD3_3060m&showErrors=false&email=,,,"OceanSITES ESTOC in-situ data. The European Station forTime-series in the Ocean, Canary Islands (ESTOC) is a sustained and multidisciplinary observatory located at the east central North Atlantic. The ESTOC goal is the creation of an Eulerian long time series on an inter- and multidisciplinary basis in order to monitor and help understand oceanic long-term variability in the North Atlantic subtropical gyre. ESTOC is providing hydrographic and biogeochemical time-series datasets from 1994. Activities include a ship-based observation program (observations of physical, chemical and biological parameters) and one moored structure with meteorological and oceanic surface observations, as well as in the water column."
OS_ESTOC_2005_D_SEDIMENT_TRAP_CI_18_1050m,public,"Department of Geosciences and MARUM, Universit\u00c3\u00a4t Bremen",grid,TimeSeries,EDDGridFromErddap,"Sediment-Trap, OS ESTOC 2005 D SEDIMENT TRAP CI 18 1050m (OceanSITES ESTOC in-situ data.)",,,,,,,,,2005-05-15T00:00:00Z,2005-08-13T00:00:00Z,1296000.0,https://erddap.emso.eu/erddap/griddap/OS_ESTOC_2005_D_SEDIMENT_TRAP_CI_18_1050m,,,https://erddap.emso.eu/erddap/griddap/OS_ESTOC_2005_D_SEDIMENT_TRAP_CI_18_1050m.graph,,,,,,,https://erddap.emso.eu/erddap/info/OS_ESTOC_2005_D_SEDIMENT_TRAP_CI_18_1050m/index,http://data.plocan.eu/thredds/dodsC/estoc/mooring-watercolumn/Sediment-Trap/OS_ESTOC_2005_D_SEDIMENT_TRAP_CI_18_1050m.nc,http://data.plocan.eu/thredds/PLOCAN-Observatory_Data-Policy_v2.pdf,https://erddap.emso.eu/erddap/rss/OS_ESTOC_2005_D_SEDIMENT_TRAP_CI_18_1050m.rss,https://erddap.emso.eu/erddap/subscriptions/add.html?datasetID=OS_ESTOC_2005_D_SEDIMENT_TRAP_CI_18_1050m&showErrors=false&email=,,,"OceanSITES ESTOC in-situ data. The European Station forTime-series in the Ocean, Canary Islands (ESTOC) is a sustained and multidisciplinary observatory located at the east central North Atlantic. The ESTOC goal is the creation of an Eulerian long time series on an inter- and multidisciplinary basis in order to monitor and help understand oceanic long-term variability in the North Atlantic subtropical gyre. ESTOC is providing hydrographic and biogeochemical time-series datasets from 1994. Activities include a ship-based observation program (observations of physical, chemical and biological parameters) and one moored structure with meteorological and oceanic surface observations, as well as in the water column."
OS_ESTOC_2005_D_SEDIMENT_TRAP_CI_18_3060m,public,"Department of Geosciences and MARUM, Universit\u00c3\u00a4t Bremen",grid,TimeSeries,EDDGridFromErddap,"Sediment-Trap, OS ESTOC 2005 D SEDIMENT TRAP CI 18 3060m (OceanSITES ESTOC in-situ data.)",,,,,,,,,2005-03-16T00:00:00Z,2005-11-11T00:00:00Z,1296000.0,https://erddap.emso.eu/erddap/griddap/OS_ESTOC_2005_D_SEDIMENT_TRAP_CI_18_3060m,,,https://erddap.emso.eu/erddap/griddap/OS_ESTOC_2005_D_SEDIMENT_TRAP_CI_18_3060m.graph,,,,,,,https://erddap.emso.eu/erddap/info/OS_ESTOC_2005_D_SEDIMENT_TRAP_CI_18_3060m/index,http://data.plocan.eu/thredds/dodsC/estoc/mooring-watercolumn/Sediment-Trap/OS_ESTOC_2005_D_SEDIMENT_TRAP_CI_18_3060m.nc,http://data.plocan.eu/thredds/PLOCAN-Observatory_Data-Policy_v2.pdf,https://erddap.emso.eu/erddap/rss/OS_ESTOC_2005_D_SEDIMENT_TRAP_CI_18_3060m.rss,https://erddap.emso.eu/erddap/subscriptions/add.html?datasetID=OS_ESTOC_2005_D_SEDIMENT_TRAP_CI_18_3060m&showErrors=false&email=,,,"OceanSITES ESTOC in-situ data. The European Station forTime-series in the Ocean, Canary Islands (ESTOC) is a sustained and multidisciplinary observatory located at the east central North Atlantic. The ESTOC goal is the creation of an Eulerian long time series on an inter- and multidisciplinary basis in order to monitor and help understand oceanic long-term variability in the North Atlantic subtropical gyre. ESTOC is providing hydrographic and biogeochemical time-series datasets from 1994. Activities include a ship-based observation program (observations of physical, chemical and biological parameters) and one moored structure with meteorological and oceanic surface observations, as well as in the water column."
OS_ESTOC_2005_D_SEDIMENT_TRAP_CI_18_750m,public,"Department of Geosciences and MARUM, Universit\u00c3\u00a4t Bremen",grid,TimeSeries,EDDGridFromErddap,"Sediment-Trap, OS ESTOC 2005 D SEDIMENT TRAP CI 18 750m (OceanSITES ESTOC in-situ data.)",,,,,,,,,2005-03-16T00:00:00Z,2005-11-11T00:00:00Z,1296000.0,https://erddap.emso.eu/erddap/griddap/OS_ESTOC_2005_D_SEDIMENT_TRAP_CI_18_750m,,,https://erddap.emso.eu/erddap/griddap/OS_ESTOC_2005_D_SEDIMENT_TRAP_CI_18_750m.graph,,,,,,,https://erddap.emso.eu/erddap/info/OS_ESTOC_2005_D_SEDIMENT_TRAP_CI_18_750m/index,http://data.plocan.eu/thredds/dodsC/estoc/mooring-watercolumn/Sediment-Trap/OS_ESTOC_2005_D_SEDIMENT_TRAP_CI_18_750m.nc,http://data.plocan.eu/thredds/PLOCAN-Observatory_Data-Policy_v2.pdf,https://erddap.emso.eu/erddap/rss/OS_ESTOC_2005_D_SEDIMENT_TRAP_CI_18_750m.rss,https://erddap.emso.eu/erddap/subscriptions/add.html?datasetID=OS_ESTOC_2005_D_SEDIMENT_TRAP_CI_18_750m&showErrors=false&email=,,,"OceanSITES ESTOC in-situ data. The European Station forTime-series in the Ocean, Canary Islands (ESTOC) is a sustained and multidisciplinary observatory located at the east central North Atlantic. The ESTOC goal is the creation of an Eulerian long time series on an inter- and multidisciplinary basis in order to monitor and help understand oceanic long-term variability in the North Atlantic subtropical gyre. ESTOC is providing hydrographic and biogeochemical time-series datasets from 1994. Activities include a ship-based observation program (observations of physical, chemical and biological parameters) and one moored structure with meteorological and oceanic surface observations, as well as in the water column."
OS_ESTOC_2005_D_SEDIMENT_TRAP_MSD4_3060m,public,"Department of Geosciences and MARUM, Universit\u00c3\u00a4t Bremen",grid,TimeSeries,EDDGridFromErddap,"Sediment-Trap, OS ESTOC 2005 D SEDIMENT TRAP MSD4 3060m (OceanSITES ESTOC in-situ data.)",,,,,,,,,2004-12-18T00:00:00Z,2005-03-03T00:00:00Z,648000.0,https://erddap.emso.eu/erddap/griddap/OS_ESTOC_2005_D_SEDIMENT_TRAP_MSD4_3060m,,,https://erddap.emso.eu/erddap/griddap/OS_ESTOC_2005_D_SEDIMENT_TRAP_MSD4_3060m.graph,,,,,,,https://erddap.emso.eu/erddap/info/OS_ESTOC_2005_D_SEDIMENT_TRAP_MSD4_3060m/index,http://data.plocan.eu/thredds/dodsC/estoc/mooring-watercolumn/Sediment-Trap/OS_ESTOC_2005_D_SEDIMENT_TRAP_MSD4_3060m.nc,http://data.plocan.eu/thredds/PLOCAN-Observatory_Data-Policy_v2.pdf,https://erddap.emso.eu/erddap/rss/OS_ESTOC_2005_D_SEDIMENT_TRAP_MSD4_3060m.rss,https://erddap.emso.eu/erddap/subscriptions/add.html?datasetID=OS_ESTOC_2005_D_SEDIMENT_TRAP_MSD4_3060m&showErrors=false&email=,,,"OceanSITES ESTOC in-situ data. The European Station forTime-series in the Ocean, Canary Islands (ESTOC) is a sustained and multidisciplinary observatory located at the east central North Atlantic. The ESTOC goal is the creation of an Eulerian long time series on an inter- and multidisciplinary basis in order to monitor and help understand oceanic long-term variability in the North Atlantic subtropical gyre. ESTOC is providing hydrographic and biogeochemical time-series datasets from 1994. Activities include a ship-based observation program (observations of physical, chemical and biological parameters) and one moored structure with meteorological and oceanic surface observations, as well as in the water column."
OS_ESTOC_2005_D_SEDIMENT_TRAP_MSD5_750m,public,"Department of Geosciences and MARUM, Universit\u00c3\u00a4t Bremen",grid,TimeSeries,EDDGridFromErddap,"Sediment-Trap, OS ESTOC 2005 D SEDIMENT TRAP MSD5 750m (OceanSITES ESTOC in-situ data.)",,,,,,,,,2005-03-11T00:00:00Z,2005-10-31T00:00:00Z,518400.0,https://erddap.emso.eu/erddap/griddap/OS_ESTOC_2005_D_SEDIMENT_TRAP_MSD5_750m,,,https://erddap.emso.eu/erddap/griddap/OS_ESTOC_2005_D_SEDIMENT_TRAP_MSD5_750m.graph,,,,,,,https://erddap.emso.eu/erddap/info/OS_ESTOC_2005_D_SEDIMENT_TRAP_MSD5_750m/index,http://data.plocan.eu/thredds/dodsC/estoc/mooring-watercolumn/Sediment-Trap/OS_ESTOC_2005_D_SEDIMENT_TRAP_MSD5_750m.nc,http://data.plocan.eu/thredds/PLOCAN-Observatory_Data-Policy_v2.pdf,https://erddap.emso.eu/erddap/rss/OS_ESTOC_2005_D_SEDIMENT_TRAP_MSD5_750m.rss,https://erddap.emso.eu/erddap/subscriptions/add.html?datasetID=OS_ESTOC_2005_D_SEDIMENT_TRAP_MSD5_750m&showErrors=false&email=,,,"OceanSITES ESTOC in-situ data. The European Station forTime-series in the Ocean, Canary Islands (ESTOC) is a sustained and multidisciplinary observatory located at the east central North Atlantic. The ESTOC goal is the creation of an Eulerian long time series on an inter- and multidisciplinary basis in order to monitor and help understand oceanic long-term variability in the North Atlantic subtropical gyre. ESTOC is providing hydrographic and biogeochemical time-series datasets from 1994. Activities include a ship-based observation program (observations of physical, chemical and biological parameters) and one moored structure with meteorological and oceanic surface observations, as well as in the water column."
OS_ESTOC_2006_D_SEDIMENT_TRAP_CI_19_1050m,public,"Department of Geosciences and MARUM, Universit\u00c3\u00a4t Bremen",grid,TimeSeries,EDDGridFromErddap,"Sediment-Trap, OS ESTOC 2006 D SEDIMENT TRAP CI 19 1050m (OceanSITES ESTOC in-situ data.)",,,,,,,,,2005-11-27T00:00:00Z,2006-02-11T00:00:00Z,1094400.0,https://erddap.emso.eu/erddap/griddap/OS_ESTOC_2006_D_SEDIMENT_TRAP_CI_19_1050m,,,https://erddap.emso.eu/erddap/griddap/OS_ESTOC_2006_D_SEDIMENT_TRAP_CI_19_1050m.graph,,,,,,,https://erddap.emso.eu/erddap/info/OS_ESTOC_2006_D_SEDIMENT_TRAP_CI_19_1050m/index,http://data.plocan.eu/thredds/dodsC/estoc/mooring-watercolumn/Sediment-Trap/OS_ESTOC_2006_D_SEDIMENT_TRAP_CI_19_1050m.nc,http://data.plocan.eu/thredds/PLOCAN-Observatory_Data-Policy_v2.pdf,https://erddap.emso.eu/erddap/rss/OS_ESTOC_2006_D_SEDIMENT_TRAP_CI_19_1050m.rss,https://erddap.emso.eu/erddap/subscriptions/add.html?datasetID=OS_ESTOC_2006_D_SEDIMENT_TRAP_CI_19_1050m&showErrors=false&email=,,,"OceanSITES ESTOC in-situ data. The European Station forTime-series in the Ocean, Canary Islands (ESTOC) is a sustained and multidisciplinary observatory located at the east central North Atlantic. The ESTOC goal is the creation of an Eulerian long time series on an inter- and multidisciplinary basis in order to monitor and help understand oceanic long-term variability in the North Atlantic subtropical gyre. ESTOC is providing hydrographic and biogeochemical time-series datasets from 1994. Activities include a ship-based observation program (observations of physical, chemical and biological parameters) and one moored structure with meteorological and oceanic surface observations, as well as in the water column."
OS_ESTOC_2006_D_SEDIMENT_TRAP_CI_19_750m,public,"Department of Geosciences and MARUM, Universit\u00c3\u00a4t Bremen",grid,TimeSeries,EDDGridFromErddap,"Sediment-Trap, OS ESTOC 2006 D SEDIMENT TRAP CI 19 750m (OceanSITES ESTOC in-situ data.)",,,,,,,,,2005-11-27T00:00:00Z,2006-02-02T00:00:00Z,1929600.0,https://erddap.emso.eu/erddap/griddap/OS_ESTOC_2006_D_SEDIMENT_TRAP_CI_19_750m,,,https://erddap.emso.eu/erddap/griddap/OS_ESTOC_2006_D_SEDIMENT_TRAP_CI_19_750m.graph,,,,,,,https://erddap.emso.eu/erddap/info/OS_ESTOC_2006_D_SEDIMENT_TRAP_CI_19_750m/index,http://data.plocan.eu/thredds/dodsC/estoc/mooring-watercolumn/Sediment-Trap/OS_ESTOC_2006_D_SEDIMENT_TRAP_CI_19_750m.nc,http://data.plocan.eu/thredds/PLOCAN-Observatory_Data-Policy_v2.pdf,https://erddap.emso.eu/erddap/rss/OS_ESTOC_2006_D_SEDIMENT_TRAP_CI_19_750m.rss,https://erddap.emso.eu/erddap/subscriptions/add.html?datasetID=OS_ESTOC_2006_D_SEDIMENT_TRAP_CI_19_750m&showErrors=false&email=,,,"OceanSITES ESTOC in-situ data. The European Station forTime-series in the Ocean, Canary Islands (ESTOC) is a sustained and multidisciplinary observatory located at the east central North Atlantic. The ESTOC goal is the creation of an Eulerian long time series on an inter- and multidisciplinary basis in order to monitor and help understand oceanic long-term variability in the North Atlantic subtropical gyre. ESTOC is providing hydrographic and biogeochemical time-series datasets from 1994. Activities include a ship-based observation program (observations of physical, chemical and biological parameters) and one moored structure with meteorological and oceanic surface observations, as well as in the water column."
OS_ESTOC_2007_D_SEDIMENT_TRAP_CI_20_1050m,public,"Department of Geosciences and MARUM, Universit\u00c3\u00a4t Bremen",grid,TimeSeries,EDDGridFromErddap,"Sediment-Trap, OS ESTOC 2007 D SEDIMENT TRAP CI 20 1050m (OceanSITES ESTOC in-situ data.)",,,,,,,,,2006-03-10T00:00:00Z,2007-02-03T00:00:00Z,2036571.4285714289,https://erddap.emso.eu/erddap/griddap/OS_ESTOC_2007_D_SEDIMENT_TRAP_CI_20_1050m,,,https://erddap.emso.eu/erddap/griddap/OS_ESTOC_2007_D_SEDIMENT_TRAP_CI_20_1050m.graph,,,,,,,https://erddap.emso.eu/erddap/info/OS_ESTOC_2007_D_SEDIMENT_TRAP_CI_20_1050m/index,http://data.plocan.eu/thredds/dodsC/estoc/mooring-watercolumn/Sediment-Trap/OS_ESTOC_2007_D_SEDIMENT_TRAP_CI_20_1050m.nc,http://data.plocan.eu/thredds/PLOCAN-Observatory_Data-Policy_v2.pdf,https://erddap.emso.eu/erddap/rss/OS_ESTOC_2007_D_SEDIMENT_TRAP_CI_20_1050m.rss,https://erddap.emso.eu/erddap/subscriptions/add.html?datasetID=OS_ESTOC_2007_D_SEDIMENT_TRAP_CI_20_1050m&showErrors=false&email=,,,"OceanSITES ESTOC in-situ data. The European Station forTime-series in the Ocean, Canary Islands (ESTOC) is a sustained and multidisciplinary observatory located at the east central North Atlantic. The ESTOC goal is the creation of an Eulerian long time series on an inter- and multidisciplinary basis in order to monitor and help understand oceanic long-term variability in the North Atlantic subtropical gyre. ESTOC is providing hydrographic and biogeochemical time-series datasets from 1994. Activities include a ship-based observation program (observations of physical, chemical and biological parameters) and one moored structure with meteorological and oceanic surface observations, as well as in the water column."
OS_ESTOC_2007_D_SEDIMENT_TRAP_CI_20_750m,public,"Department of Geosciences and MARUM, Universit\u00c3\u00a4t Bremen",grid,TimeSeries,EDDGridFromErddap,"Sediment-Trap, OS ESTOC 2007 D SEDIMENT TRAP CI 20 750m (OceanSITES ESTOC in-situ data.)",,,,,,,,,2006-03-10T00:00:00Z,2007-02-25T00:00:00Z,1900800.0,https://erddap.emso.eu/erddap/griddap/OS_ESTOC_2007_D_SEDIMENT_TRAP_CI_20_750m,,,https://erddap.emso.eu/erddap/griddap/OS_ESTOC_2007_D_SEDIMENT_TRAP_CI_20_750m.graph,,,,,,,https://erddap.emso.eu/erddap/info/OS_ESTOC_2007_D_SEDIMENT_TRAP_CI_20_750m/index,http://data.plocan.eu/thredds/dodsC/estoc/mooring-watercolumn/Sediment-Trap/OS_ESTOC_2007_D_SEDIMENT_TRAP_CI_20_750m.nc,http://data.plocan.eu/thredds/PLOCAN-Observatory_Data-Policy_v2.pdf,https://erddap.emso.eu/erddap/rss/OS_ESTOC_2007_D_SEDIMENT_TRAP_CI_20_750m.rss,https://erddap.emso.eu/erddap/subscriptions/add.html?datasetID=OS_ESTOC_2007_D_SEDIMENT_TRAP_CI_20_750m&showErrors=false&email=,,,"OceanSITES ESTOC in-situ data. The European Station forTime-series in the Ocean, Canary Islands (ESTOC) is a sustained and multidisciplinary observatory located at the east central North Atlantic. The ESTOC goal is the creation of an Eulerian long time series on an inter- and multidisciplinary basis in order to monitor and help understand oceanic long-term variability in the North Atlantic subtropical gyre. ESTOC is providing hydrographic and biogeochemical time-series datasets from 1994. Activities include a ship-based observation program (observations of physical, chemical and biological parameters) and one moored structure with meteorological and oceanic surface observations, as well as in the water column."
OS_ESTOC_2008_D_SEDIMENT_TRAP_CI_21_750m,public,"Department of Geosciences and MARUM, Universit\u00c3\u00a4t Bremen",grid,TimeSeries,EDDGridFromErddap,"Sediment-Trap, OS ESTOC 2008 D SEDIMENT TRAP CI 21 750m (OceanSITES ESTOC in-situ data.)",,,,,,,,,2007-03-22T00:00:00Z,2008-03-17T00:00:00Z,1949400.0,https://erddap.emso.eu/erddap/griddap/OS_ESTOC_2008_D_SEDIMENT_TRAP_CI_21_750m,,,https://erddap.emso.eu/erddap/griddap/OS_ESTOC_2008_D_SEDIMENT_TRAP_CI_21_750m.graph,,,,,,,https://erddap.emso.eu/erddap/info/OS_ESTOC_2008_D_SEDIMENT_TRAP_CI_21_750m/index,http://data.plocan.eu/thredds/dodsC/estoc/mooring-watercolumn/Sediment-Trap/OS_ESTOC_2008_D_SEDIMENT_TRAP_CI_21_750m.nc,http://data.plocan.eu/thredds/PLOCAN-Observatory_Data-Policy_v2.pdf,https://erddap.emso.eu/erddap/rss/OS_ESTOC_2008_D_SEDIMENT_TRAP_CI_21_750m.rss,https://erddap.emso.eu/erddap/subscriptions/add.html?datasetID=OS_ESTOC_2008_D_SEDIMENT_TRAP_CI_21_750m&showErrors=false&email=,,,"OceanSITES ESTOC in-situ data. The European Station forTime-series in the Ocean, Canary Islands (ESTOC) is a sustained and multidisciplinary observatory located at the east central North Atlantic. The ESTOC goal is the creation of an Eulerian long time series on an inter- and multidisciplinary basis in order to monitor and help understand oceanic long-term variability in the North Atlantic subtropical gyre. ESTOC is providing hydrographic and biogeochemical time-series datasets from 1994. Activities include a ship-based observation program (observations of physical, chemical and biological parameters) and one moored structure with meteorological and oceanic surface observations, as well as in the water column."
OS_ESTOC_2009_D_SEDIMENT_TRAP_CI_22_1050m,public,"Department of Geosciences and MARUM, Universit\u00c3\u00a4t Bremen",grid,TimeSeries,EDDGridFromErddap,"Sediment-Trap, OS ESTOC 2009 D SEDIMENT TRAP CI 22 1050m (OceanSITES ESTOC in-situ data.), 2008",,,,,,,,,2008-04-16T00:00:00Z,2008-12-27T00:00:00Z,1694769.2307692308,https://erddap.emso.eu/erddap/griddap/OS_ESTOC_2009_D_SEDIMENT_TRAP_CI_22_1050m,,,https://erddap.emso.eu/erddap/griddap/OS_ESTOC_2009_D_SEDIMENT_TRAP_CI_22_1050m.graph,,,,,,,https://erddap.emso.eu/erddap/info/OS_ESTOC_2009_D_SEDIMENT_TRAP_CI_22_1050m/index,http://data.plocan.eu/thredds/dodsC/estoc/mooring-watercolumn/Sediment-Trap/OS_ESTOC_2009_D_SEDIMENT_TRAP_CI_22_1050m.nc,http://data.plocan.eu/thredds/PLOCAN-Observatory_Data-Policy_v2.pdf,https://erddap.emso.eu/erddap/rss/OS_ESTOC_2009_D_SEDIMENT_TRAP_CI_22_1050m.rss,https://erddap.emso.eu/erddap/subscriptions/add.html?datasetID=OS_ESTOC_2009_D_SEDIMENT_TRAP_CI_22_1050m&showErrors=false&email=,,,"OceanSITES ESTOC in-situ data. The European Station forTime-series in the Ocean, Canary Islands (ESTOC) is a sustained and multidisciplinary observatory located at the east central North Atlantic. The ESTOC goal is the creation of an Eulerian long time series on an inter- and multidisciplinary basis in order to monitor and help understand oceanic long-term variability in the North Atlantic subtropical gyre. ESTOC is providing hydrographic and biogeochemical time-series datasets from 1994. Activities include a ship-based observation program (observations of physical, chemical and biological parameters) and one moored structure with meteorological and oceanic surface observations, as well as in the water column."
OS_ESTOC_2009_D_SEDIMENT_TRAP_CI_22_750m,public,"Department of Geosciences and MARUM, Universit\u00c3\u00a4t Bremen",grid,TimeSeries,EDDGridFromErddap,"Sediment-Trap, OS ESTOC 2009 D SEDIMENT TRAP CI 22 750m (OceanSITES ESTOC in-situ data.), 2008",,,,,,,,,2008-04-16T00:00:00Z,2008-12-27T00:00:00Z,1694769.2307692308,https://erddap.emso.eu/erddap/griddap/OS_ESTOC_2009_D_SEDIMENT_TRAP_CI_22_750m,,,https://erddap.emso.eu/erddap/griddap/OS_ESTOC_2009_D_SEDIMENT_TRAP_CI_22_750m.graph,,,,,,,https://erddap.emso.eu/erddap/info/OS_ESTOC_2009_D_SEDIMENT_TRAP_CI_22_750m/index,http://data.plocan.eu/thredds/dodsC/estoc/mooring-watercolumn/Sediment-Trap/OS_ESTOC_2009_D_SEDIMENT_TRAP_CI_22_750m.nc,http://data.plocan.eu/thredds/PLOCAN-Observatory_Data-Policy_v2.pdf,https://erddap.emso.eu/erddap/rss/OS_ESTOC_2009_D_SEDIMENT_TRAP_CI_22_750m.rss,https://erddap.emso.eu/erddap/subscriptions/add.html?datasetID=OS_ESTOC_2009_D_SEDIMENT_TRAP_CI_22_750m&showErrors=false&email=,,,"OceanSITES ESTOC in-situ data. The European Station forTime-series in the Ocean, Canary Islands (ESTOC) is a sustained and multidisciplinary observatory located at the east central North Atlantic. The ESTOC goal is the creation of an Eulerian long time series on an inter- and multidisciplinary basis in order to monitor and help understand oceanic long-term variability in the North Atlantic subtropical gyre. ESTOC is providing hydrographic and biogeochemical time-series datasets from 1994. Activities include a ship-based observation program (observations of physical, chemical and biological parameters) and one moored structure with meteorological and oceanic surface observations, as well as in the water column."
IBMA-CSV_ADCP_d02_20220531_to_20221006_v002,public,"Algarve Centre of Marine Sciences (CCMAR), Portuguese Institute for Sea and Atmosphere(IPMA)",table,Point,EDDTableFromErddap,"Sentinel ADCP Data at 150m Jun-Oct 2022 in front of Cape St.Vincent, Sagres, PT",-8.927072,-8.927072,,36.84848,36.84848,,,,2022-05-31T19:00:00Z,2022-10-06T11:00:00Z,,,https://erddap.emso.eu/erddap/tabledap/IBMA-CSV_ADCP_d02_20220531_to_20221006_v002.subset,https://erddap.emso.eu/erddap/tabledap/IBMA-CSV_ADCP_d02_20220531_to_20221006_v002,https://erddap.emso.eu/erddap/tabledap/IBMA-CSV_ADCP_d02_20220531_to_20221006_v002.graph,,,,,https://erddap.emso.eu/erddap/metadata/fgdc/xml/IBMA-CSV_ADCP_d02_20220531_to_20221006_v002_fgdc.xml,https://erddap.emso.eu/erddap/metadata/iso19115/xml/IBMA-CSV_ADCP_d02_20220531_to_20221006_v002_iso19115.xml,https://erddap.emso.eu/erddap/info/IBMA-CSV_ADCP_d02_20220531_to_20221006_v002/index,(local files),https://www.ccmar.ualg.pt/,https://erddap.emso.eu/erddap/rss/IBMA-CSV_ADCP_d02_20220531_to_20221006_v002.rss,https://erddap.emso.eu/erddap/subscriptions/add.html?datasetID=IBMA-CSV_ADCP_d02_20220531_to_20221006_v002&showErrors=false&email=,,,"This dataset contains data collected with a Teledyne RDI Sentinel V100 300 kHz Acoustic Doppler Current Profiler (ADCP), mounted in a upward facing subsurface buoy.\nData are collected every hour for 3.0m depth bins. Blank 2.0m"
IBMA-CSV_ADCP_d01_20210524_to_20210609_v002,public,"Algarve Centre of Marine Sciences (CCMAR), Portuguese Institute for Sea and Atmosphere(IPMA)",table,Point,EDDTableFromErddap,"Sentinel ADCP Data at 150m May-June 2021 in front of Cape St. Vincent, Sagres, PT",-8.927072,-8.927072,,36.84848,36.84848,,,,2021-05-24T21:00:00Z,2021-06-09T12:00:00Z,,,https://erddap.emso.eu/erddap/tabledap/IBMA-CSV_ADCP_d01_20210524_to_20210609_v002.subset,https://erddap.emso.eu/erddap/tabledap/IBMA-CSV_ADCP_d01_20210524_to_20210609_v002,https://erddap.emso.eu/erddap/tabledap/IBMA-CSV_ADCP_d01_20210524_to_20210609_v002.graph,,,,,https://erddap.emso.eu/erddap/metadata/fgdc/xml/IBMA-CSV_ADCP_d01_20210524_to_20210609_v002_fgdc.xml,https://erddap.emso.eu/erddap/metadata/iso19115/xml/IBMA-CSV_ADCP_d01_20210524_to_20210609_v002_iso19115.xml,https://erddap.emso.eu/erddap/info/IBMA-CSV_ADCP_d01_20210524_to_20210609_v002/index,(local files),https://www.ccmar.ualg.pt/,https://erddap.emso.eu/erddap/rss/IBMA-CSV_ADCP_d01_20210524_to_20210609_v002.rss,https://erddap.emso.eu/erddap/subscriptions/add.html?datasetID=IBMA-CSV_ADCP_d01_20210524_to_20210609_v002&showErrors=false&email=,,,"This dataset contains data collected with a Teledyne RDI Sentinel V100 300 kHz Acoustic Doppler Current Profiler (ADCP), mounted in a upward facing subsurface buoy.\nData are collected every hour for 3.0m depth bins. Blank 2.0m"
OS_ESTOC_201510_D_CTD-P3,public,Oceanic Platform of the Canary Islands- PLOCAN,grid,Profile,EDDGridFromErddap,"ship-based, OS ESTOC 201510 D CTD-P3 (OceanSITES ESTOC in-situ data.)",,,,,,,-4.966239,-3601.2434,2015-10-24T03:05:45Z,2015-10-24T03:05:45Z,,https://erddap.emso.eu/erddap/griddap/OS_ESTOC_201510_D_CTD-P3,,,https://erddap.emso.eu/erddap/griddap/OS_ESTOC_201510_D_CTD-P3.graph,,,,,,,https://erddap.emso.eu/erddap/info/OS_ESTOC_201510_D_CTD-P3/index,http://data.plocan.eu/thredds/dodsC/estoc/ship-based/OS_ESTOC_201510_D_CTD-P3.nc,http://data.plocan.eu/thredds/PLOCAN-Observatory_Data-Policy_v2.pdf,https://erddap.emso.eu/erddap/rss/OS_ESTOC_201510_D_CTD-P3.rss,https://erddap.emso.eu/erddap/subscriptions/add.html?datasetID=OS_ESTOC_201510_D_CTD-P3&showErrors=false&email=,,,"OceanSITES ESTOC in-situ data. The European Station forTime-series in the Ocean, Canary Islands (ESTOC) is a sustained and multidisciplinary observatory located at the east central North Atlantic. The ESTOC goal is the creation of an Eulerian long time series on an inter- and multidisciplinary basis in order to monitor and help understand oceanic long-term variability in the North Atlantic subtropical gyre. ESTOC is providing hydrographic and biogeochemical time-series datasets from 1994. Activities include a ship-based observation program (observations of physical, chemical and biological parameters) and one moored structure with meteorological and oceanic surface observations, as well as in the water column."
smartbay_obs_daily_mean,public,Marine Institute,table,TimeSeries,EDDTableFromErddap,SmartBay Observatory NRT sensor feed - 1 day average - all sensors,,,,,,,,,,,,,https://erddap.emso.eu/erddap/tabledap/smartbay_obs_daily_mean.subset,https://erddap.emso.eu/erddap/tabledap/smartbay_obs_daily_mean,https://erddap.emso.eu/erddap/tabledap/smartbay_obs_daily_mean.graph,,,,,https://erddap.emso.eu/erddap/metadata/fgdc/xml/smartbay_obs_daily_mean_fgdc.xml,https://erddap.emso.eu/erddap/metadata/iso19115/xml/smartbay_obs_daily_mean_iso19115.xml,https://erddap.emso.eu/erddap/info/smartbay_obs_daily_mean/index,(source database),http://data.marine.ie/geonetwork/srv/eng/catalog.search#/metadata/ie.marine.data:dataset.4953,https://erddap.emso.eu/erddap/rss/smartbay_obs_daily_mean.rss,https://erddap.emso.eu/erddap/subscriptions/add.html?datasetID=smartbay_obs_daily_mean&showErrors=false&email=,,,"The SmartBay Observatory in Galway Bay is an underwater observatory which uses cameras, probes and sensors to permit continuous and remote live underwater monitoring. The observatory was installed in 2015 on the seafloor 1.5km off the coast of Spiddal, Co. Galway, Ireland at a depth of 20-25m. Underwater observatories allow ocean researchers unique real-time access to monitor ongoing changes in the marine environment. The SmartBay Observatory is an important contribution by Ireland to the growing global network of real-time data capture systems deployed in the ocean. Data relating to the marine environment at the SmartBay Observatory site is transferred in real-time through a fibre optic telecommunications cable to the Marine Institute headquarters and then made publically available on the internet. The data includes a live video stream, the depth of the observatory node, the water temperature and salinity, and estimates of the chlorophyll and turbidity levels in the water which give an indication of the volume of phytoplankton and other particles, such as sediment, in the water. Maintenance take place on the observatory every 18 to 24 months. This dataset comprises daily mean of data collected from the SmartBay Observatory site using an Idronaut Ocean-Seven 304 plus CTD, Sea_Bird SBE16plus CT, Sea-Bird SBE43 dissolved oxygen sensor, WetLabs ECO-FL, Contros pCO2, Kongsberg ADCP and icListen hydrophone sensors."
smartbay_obs_hour_mean,public,Marine Institute,table,TimeSeries,EDDTableFromErddap,SmartBay Observatory NRT sensor feed - 1 hour average - all sensors,,,,,,,,,,,,,https://erddap.emso.eu/erddap/tabledap/smartbay_obs_hour_mean.subset,https://erddap.emso.eu/erddap/tabledap/smartbay_obs_hour_mean,https://erddap.emso.eu/erddap/tabledap/smartbay_obs_hour_mean.graph,,,,,https://erddap.emso.eu/erddap/metadata/fgdc/xml/smartbay_obs_hour_mean_fgdc.xml,https://erddap.emso.eu/erddap/metadata/iso19115/xml/smartbay_obs_hour_mean_iso19115.xml,https://erddap.emso.eu/erddap/info/smartbay_obs_hour_mean/index,(source database),http://data.marine.ie/geonetwork/srv/eng/catalog.search#/metadata/ie.marine.data:dataset.4953,https://erddap.emso.eu/erddap/rss/smartbay_obs_hour_mean.rss,https://erddap.emso.eu/erddap/subscriptions/add.html?datasetID=smartbay_obs_hour_mean&showErrors=false&email=,,,"The SmartBay Observatory in Galway Bay is an underwater observatory which uses cameras, probes and sensors to permit continuous and remote live underwater monitoring. The observatory was installed in 2015 on the seafloor 1.5km off the coast of Spiddal, Co. Galway, Ireland at a depth of 20-25m. Underwater observatories allow ocean researchers unique real-time access to monitor ongoing changes in the marine environment. The SmartBay Observatory is an important contribution by Ireland to the growing global network of real-time data capture systems deployed in the ocean. Data relating to the marine environment at the SmartBay Observatory site is transferred in real-time through a fibre optic telecommunications cable to the Marine Institute headquarters and then made publically available on the internet. The data includes a live video stream, the depth of the observatory node, the water temperature and salinity, and estimates of the chlorophyll and turbidity levels in the water which give an indication of the volume of phytoplankton and other particles, such as sediment, in the water. Maintenance take place on the observatory every 18 to 24 months. This dataset comprises hourly mean of data collected from the SmartBay Observatory site using an Idronaut Ocean-Seven 304 plus CTD, Sea_Bird SBE16plus CT, Sea-Bird SBE43 dissolved oxygen sensor, WetLabs ECO-FL, Contros pCO2, Kongsberg ADCP and icListen hydrophone sensors."
smartbay_obs_15min_mean,public,Marine Institute,table,TimeSeries,EDDTableFromErddap,SmartBay Observatory NRT sensor feed - 15 minute average - all sensors,,,,,,,,,,,,,https://erddap.emso.eu/erddap/tabledap/smartbay_obs_15min_mean.subset,https://erddap.emso.eu/erddap/tabledap/smartbay_obs_15min_mean,https://erddap.emso.eu/erddap/tabledap/smartbay_obs_15min_mean.graph,,,,,https://erddap.emso.eu/erddap/metadata/fgdc/xml/smartbay_obs_15min_mean_fgdc.xml,https://erddap.emso.eu/erddap/metadata/iso19115/xml/smartbay_obs_15min_mean_iso19115.xml,https://erddap.emso.eu/erddap/info/smartbay_obs_15min_mean/index,(source database),http://data.marine.ie/geonetwork/srv/eng/catalog.search#/metadata/ie.marine.data:dataset.4953,https://erddap.emso.eu/erddap/rss/smartbay_obs_15min_mean.rss,https://erddap.emso.eu/erddap/subscriptions/add.html?datasetID=smartbay_obs_15min_mean&showErrors=false&email=,,,"The SmartBay Observatory in Galway Bay is an underwater observatory which uses cameras, probes and sensors to permit continuous and remote live underwater monitoring. The observatory was installed in 2015 on the seafloor 1.5km off the coast of Spiddal, Co. Galway, Ireland at a depth of 20-25m. Underwater observatories allow ocean researchers unique real-time access to monitor ongoing changes in the marine environment. The SmartBay Observatory is an important contribution by Ireland to the growing global network of real-time data capture systems deployed in the ocean. Data relating to the marine environment at the SmartBay Observatory site is transferred in real-time through a fibre optic telecommunications cable to the Marine Institute headquarters and then made publically available on the internet. The data includes a live video stream, the depth of the observatory node, the water temperature and salinity, and estimates of the chlorophyll and turbidity levels in the water which give an indication of the volume of phytoplankton and other particles, such as sediment, in the water. Maintenance take place on the observatory every 18 to 24 months. This dataset comprises 15 minute mean of data collected from the SmartBay Observatory site using an Idronaut Ocean-Seven 304 plus CTD, Sea_Bird SBE16plus CT, Sea-Bird SBE43 dissolved oxygen sensor, WetLabs ECO-FL, Contros pCO2, Kongsberg ADCP and icListen hydrophone sensors."
smartbay_obs_adcp,public,Marine Institute,table,TimeSeries,EDDTableFromErddap,SmartBay Observatory NRT sensor feed - ADCP data,,,,,,,,,,,,,https://erddap.emso.eu/erddap/tabledap/smartbay_obs_adcp.subset,https://erddap.emso.eu/erddap/tabledap/smartbay_obs_adcp,https://erddap.emso.eu/erddap/tabledap/smartbay_obs_adcp.graph,,,,,https://erddap.emso.eu/erddap/metadata/fgdc/xml/smartbay_obs_adcp_fgdc.xml,https://erddap.emso.eu/erddap/metadata/iso19115/xml/smartbay_obs_adcp_iso19115.xml,https://erddap.emso.eu/erddap/info/smartbay_obs_adcp/index,(source database),http://data.marine.ie/geonetwork/srv/eng/catalog.search#/metadata/ie.marine.data:dataset.2820,https://erddap.emso.eu/erddap/rss/smartbay_obs_adcp.rss,https://erddap.emso.eu/erddap/subscriptions/add.html?datasetID=smartbay_obs_adcp&showErrors=false&email=,,,"The SmartBay Observatory in Galway Bay is an underwater observatory which uses cameras, probes and sensors to permit continuous and remote live underwater monitoring. The observatory was installed in 2015 on the seafloor 1.5km off the coast of Spiddal, Co. Galway, Ireland at a depth of 20-25m. Underwater observatories allow ocean researchers unique real-time access to monitor ongoing changes in the marine environment. The SmartBay Observatory is an important contribution by Ireland to the growing global network of real-time data capture systems deployed in the ocean. Data relating to the marine environment at the SmartBay Observatory site is transferred in real-time through a fibre optic telecommunications cable to the Marine Institute headquarters and then made publically available on the internet. The data includes a live video stream, the depth of the observatory node, the water temperature and salinity, and estimates of the chlorophyll and turbidity levels in the water which give an indication of the volume of phytoplankton and other particles, such as sediment, in the water. Maintenance take place on the observatory every 18 to 24 months. A Teledyne RDI Workhorse Broadband 600KHz acoustic Doppler current profiler (ADCP ) is mounted on the observatory infrastructure. It is approximately two metres above the seabed, looking up towards the sea surface. Data are collected every minute for 1.0m depth bins from approx. 1 metre above the instrument to the surface. Data are collected in RDI's PD0 binary format (more information is available from the link: http://spiddal.marine.ie/data.html#adcp). The .PD0 raw files are processed as they are collected and the real time values for the Near Surface and Mid Water Current Speeds and Directions are extracted. The extracted values are displayed in near-real-time on smartbay.marine.ie. The processed data is also provided via an ERDDAP data server allowing the data to be downloaded in a range of open formats. The sensor is deployed on the EMSO Smartbay Cable End Equipment Node in Galway Bay in approx. 25m depth of water."
smartbay_obs_pco2_contros,public,Marine Institute,table,TimeSeries,EDDTableFromErddap,SmartBay Observatory NRT sensor feed - Contros pCO2 data,,,,,,,,,,,,,https://erddap.emso.eu/erddap/tabledap/smartbay_obs_pco2_contros.subset,https://erddap.emso.eu/erddap/tabledap/smartbay_obs_pco2_contros,https://erddap.emso.eu/erddap/tabledap/smartbay_obs_pco2_contros.graph,,,,,https://erddap.emso.eu/erddap/metadata/fgdc/xml/smartbay_obs_pco2_contros_fgdc.xml,https://erddap.emso.eu/erddap/metadata/iso19115/xml/smartbay_obs_pco2_contros_iso19115.xml,https://erddap.emso.eu/erddap/info/smartbay_obs_pco2_contros/index,(source database),http://data.marine.ie/geonetwork/srv/eng/catalog.search#/metadata/ie.marine.data:dataset.4825,https://erddap.emso.eu/erddap/rss/smartbay_obs_pco2_contros.rss,https://erddap.emso.eu/erddap/subscriptions/add.html?datasetID=smartbay_obs_pco2_contros&showErrors=false&email=,,,"The SmartBay Observatory in Galway Bay is an underwater observatory which uses cameras, probes and sensors to permit continuous and remote live underwater monitoring. The observatory was installed in 2015 on the seafloor 1.5km off the coast of Spiddal, Co. Galway, Ireland at a depth of 20-25m. Underwater observatories allow ocean researchers unique real-time access to monitor ongoing changes in the marine environment. The SmartBay Observatory is an important contribution by Ireland to the growing global network of real-time data capture systems deployed in the ocean. Data relating to the marine environment at the SmartBay Observatory site is transferred in real-time through a fibre optic telecommunications cable to the Marine Institute headquarters and then made publically available on the internet. The data includes a live video stream, the depth of the observatory node, the water temperature and salinity, and estimates of the chlorophyll and turbidity levels in the water which give an indication of the volume of phytoplankton and other particles, such as sediment, in the water. Maintenance take place on the observatory every 18 to 24 months. A CONTROS HydroC CO2 sensor was installed on the SmartBay cabled observatory in June 2020. The sensor is connected to the fibre and power cable and is transmitting real time high frequency partial pressure of carbon dioxide {CO2 CAS 124-38-9} {pCO2} data in the water body at 25 m depth on a continuous basis. The sensor is deployed on the EMSO Smartbay Cable End Equipment Node in Galway Bay in approx. 25m depth of water."
smartbay_obs_acoustic,public,Marine Institute,table,TimeSeries,EDDTableFromErddap,SmartBay Observatory NRT sensor feed - Hydrophone Sound Pressure Level data,,,,,,,,,,,,,https://erddap.emso.eu/erddap/tabledap/smartbay_obs_acoustic.subset,https://erddap.emso.eu/erddap/tabledap/smartbay_obs_acoustic,https://erddap.emso.eu/erddap/tabledap/smartbay_obs_acoustic.graph,,,,,https://erddap.emso.eu/erddap/metadata/fgdc/xml/smartbay_obs_acoustic_fgdc.xml,https://erddap.emso.eu/erddap/metadata/iso19115/xml/smartbay_obs_acoustic_iso19115.xml,https://erddap.emso.eu/erddap/info/smartbay_obs_acoustic/index,(source database),http://data.marine.ie/geonetwork/srv/eng/catalog.search#/metadata/ie.marine.data:dataset.2939,https://erddap.emso.eu/erddap/rss/smartbay_obs_acoustic.rss,https://erddap.emso.eu/erddap/subscriptions/add.html?datasetID=smartbay_obs_acoustic&showErrors=false&email=,,,"The SmartBay Observatory in Galway Bay is an underwater observatory which uses cameras, probes and sensors to permit continuous and remote live underwater monitoring. The observatory was installed in 2015 on the seafloor 1.5km off the coast of Spiddal, Co. Galway, Ireland at a depth of 20-25m. Underwater observatories allow ocean researchers unique real-time access to monitor ongoing changes in the marine environment. The SmartBay Observatory is an important contribution by Ireland to the growing global network of real-time data capture systems deployed in the ocean. Data relating to the marine environment at the SmartBay Observatory site is transferred in real-time through a fibre optic telecommunications cable to the Marine Institute headquarters and then made publically available on the internet. The data includes a live video stream, the depth of the observatory node, the water temperature and salinity, and estimates of the chlorophyll and turbidity levels in the water which give an indication of the volume of phytoplankton and other particles, such as sediment, in the water. Maintenance take place on the observatory every 18 to 24 months. This dataset comprises of processed acoustic data that has been collected from the SmartBay Observatory using an icListen HF Smart Hydrophone &#8211; a digital hydrophone that processes and stores acoustic data. The dataset comprises of processed data, collected from the SmartBay Observatory since its installation in 2015. The wide frequency range hydrophone is installed on a separate lander approximately 30m away from the EMSO Smartbay Cable End Equipment Node in Galway Bay in approx. 25m depth of water at 53 degrees 13.640'N 9 degrees 15.979'W."
smartbay_obs_ctd_idronaut,public,Marine Institute,table,TimeSeries,EDDTableFromErddap,SmartBay Observatory NRT sensor feed - Idronaut CTD data,,,,,,,,,,,,,https://erddap.emso.eu/erddap/tabledap/smartbay_obs_ctd_idronaut.subset,https://erddap.emso.eu/erddap/tabledap/smartbay_obs_ctd_idronaut,https://erddap.emso.eu/erddap/tabledap/smartbay_obs_ctd_idronaut.graph,,,,,https://erddap.emso.eu/erddap/metadata/fgdc/xml/smartbay_obs_ctd_idronaut_fgdc.xml,https://erddap.emso.eu/erddap/metadata/iso19115/xml/smartbay_obs_ctd_idronaut_iso19115.xml,https://erddap.emso.eu/erddap/info/smartbay_obs_ctd_idronaut/index,(source database),http://data.marine.ie/geonetwork/srv/eng/catalog.search#/metadata/ie.marine.data:dataset.2839,https://erddap.emso.eu/erddap/rss/smartbay_obs_ctd_idronaut.rss,https://erddap.emso.eu/erddap/subscriptions/add.html?datasetID=smartbay_obs_ctd_idronaut&showErrors=false&email=,,,"The SmartBay Observatory in Galway Bay is an underwater observatory which uses cameras, probes and sensors to permit continuous and remote live underwater monitoring. The observatory was installed in 2015 on the seafloor 1.5km off the coast of Spiddal, Co. Galway, Ireland at a depth of 20-25m. Underwater observatories allow ocean researchers unique real-time access to monitor ongoing changes in the marine environment. The SmartBay Observatory is an important contribution by Ireland to the growing global network of real-time data capture systems deployed in the ocean. Data relating to the marine environment at the SmartBay Observatory site is transferred in real-time through a fibre optic telecommunications cable to the Marine Institute headquarters and then made publically available on the internet. The data includes a live video stream, the depth of the observatory node, the water temperature and salinity, and estimates of the chlorophyll and turbidity levels in the water which give an indication of the volume of phytoplankton and other particles, such as sediment, in the water. Maintenance take place on the observatory every 18 to 24 months. This CTD (Conductivity, Temperature, Depth) and Oxygen Dataset comprises of the raw data that is collected from the Galway Observatory site using an Idronaut Ocean-Seven 304 plus Conductivity-Temperature-Depth (CTD) sensor probe. The sensor measures the temperature and conductivity of the seawater. The conductivity is used to calculate an estimate of the salinity. The pressure exerted by the seawater above is used to calculate the depth of the sensor, and these parameters are also used to estimate the speed of sound within the sea. The Ocean-Seven 304 Plus CTD has also been equipped with a polarographic IDRONAUT dissolved oxygen sensor which measure the dissolved oxygen concentration of the seawater. The sensor is deployed on the EMSO Smartbay Cable End Equipment Node in Galway Bay in approx. 25m depth of water."
smartbay_obs_ctd_sbe16,public,Marine Institute,table,TimeSeries,EDDTableFromErddap,SmartBay Observatory NRT sensor feed - SBE16plus CTD data,,,,,,,,,,,,,https://erddap.emso.eu/erddap/tabledap/smartbay_obs_ctd_sbe16.subset,https://erddap.emso.eu/erddap/tabledap/smartbay_obs_ctd_sbe16,https://erddap.emso.eu/erddap/tabledap/smartbay_obs_ctd_sbe16.graph,,,,,https://erddap.emso.eu/erddap/metadata/fgdc/xml/smartbay_obs_ctd_sbe16_fgdc.xml,https://erddap.emso.eu/erddap/metadata/iso19115/xml/smartbay_obs_ctd_sbe16_iso19115.xml,https://erddap.emso.eu/erddap/info/smartbay_obs_ctd_sbe16/index,(source database),http://data.marine.ie/geonetwork/srv/eng/catalog.search#/metadata/ie.marine.data:dataset.2839,https://erddap.emso.eu/erddap/rss/smartbay_obs_ctd_sbe16.rss,https://erddap.emso.eu/erddap/subscriptions/add.html?datasetID=smartbay_obs_ctd_sbe16&showErrors=false&email=,,,"The SmartBay Observatory in Galway Bay is an underwater observatory which uses cameras, probes and sensors to permit continuous and remote live underwater monitoring. The observatory was installed in 2015 on the seafloor 1.5km off the coast of Spiddal, Co. Galway, Ireland at a depth of 20-25m. Underwater observatories allow ocean researchers unique real-time access to monitor ongoing changes in the marine environment. The SmartBay Observatory is an important contribution by Ireland to the growing global network of real-time data capture systems deployed in the ocean. Data relating to the marine environment at the SmartBay Observatory site is transferred in real-time through a fibre optic telecommunications cable to the Marine Institute headquarters and then made publically available on the internet. The data includes a live video stream, the depth of the observatory node, the water temperature and salinity, and estimates of the chlorophyll and turbidity levels in the water which give an indication of the volume of phytoplankton and other particles, such as sediment, in the water. Maintenance take place on the observatory every 18 to 24 months. This CTD (Conductivity, Temperature, Depth) and Oxygen Dataset comprises of the raw data that is collected from the Galway Observatory site using a SeaBird 16plus Conductivity-Temperature-Depth (CTD) sensor probe. The sensor measures the temperature and conductivity of the seawater. The conductivity is used to calculate an estimate of the salinity. The pressure exerted by the seawater above is used to calculate the depth of the sensor, and these parameters are also used to estimate the speed of sound within the sea. The SBE16plus CTD has also been equipped with a SBE43 dissolved oxygen sensor which measures the dissolved oxygen concentration of the seawater. The sensor is deployed on the EMSO Smartbay Cable End Equipment Node in Galway Bay in approx. 25m depth of water."
smartbay_obs_fluorometer_ecofl,public,Marine Institute,table,TimeSeries,EDDTableFromErddap,SmartBay Observatory NRT sensor feed - WetLabs ECO-FLNTU fluorescence and turbidity data,,,,,,,,,,,,,https://erddap.emso.eu/erddap/tabledap/smartbay_obs_fluorometer_ecofl.subset,https://erddap.emso.eu/erddap/tabledap/smartbay_obs_fluorometer_ecofl,https://erddap.emso.eu/erddap/tabledap/smartbay_obs_fluorometer_ecofl.graph,,,,,https://erddap.emso.eu/erddap/metadata/fgdc/xml/smartbay_obs_fluorometer_ecofl_fgdc.xml,https://erddap.emso.eu/erddap/metadata/iso19115/xml/smartbay_obs_fluorometer_ecofl_iso19115.xml,https://erddap.emso.eu/erddap/info/smartbay_obs_fluorometer_ecofl/index,(source database),http://data.marine.ie/geonetwork/srv/eng/catalog.search#/metadata/ie.marine.data:dataset.3879,https://erddap.emso.eu/erddap/rss/smartbay_obs_fluorometer_ecofl.rss,https://erddap.emso.eu/erddap/subscriptions/add.html?datasetID=smartbay_obs_fluorometer_ecofl&showErrors=false&email=,,,"The SmartBay Observatory in Galway Bay is an underwater observatory which uses cameras, probes and sensors to permit continuous and remote live underwater monitoring. The observatory was installed in 2015 on the seafloor 1.5km off the coast of Spiddal, Co. Galway, Ireland at a depth of 20-25m. Underwater observatories allow ocean researchers unique real-time access to monitor ongoing changes in the marine environment. The SmartBay Observatory is an important contribution by Ireland to the growing global network of real-time data capture systems deployed in the ocean. Data relating to the marine environment at the SmartBay Observatory site is transferred in real-time through a fibre optic telecommunications cable to the Marine Institute headquarters and then made publically available on the internet. The data includes a live video stream, the depth of the observatory node, the water temperature and salinity, and estimates of the chlorophyll and turbidity levels in the water which give an indication of the volume of phytoplankton and other particles, such as sediment, in the water. Maintenance take place on the observatory every 18 to 24 months. A WetLabs ECO-FLNTU is installed on the observatory infrastructure. It measures the fluorescence of the seawater to give an estimate of the volume of chlorophyll present (indicative of the amount of phytoplankton in the seawater) and it measures turbidity, or the 'cloudiness' of the seawater, caused by the presence of particles such as sediment from the seabed suspended in the water. The sensor is deployed on the EMSO Smartbay Cable End Equipment Node in Galway Bay in approx. 25m depth of water."
EMSO_OBSEA_NAXYS_SPL_30min,public,Polytechnic University of Catalonia,table,Point,EDDTableFromErddap,SPL data from a Naxys Hydrophone at OBSEA (30min average),1.75257,1.75257,,41.18212,41.18212,,-20.0,-20.0,2020-04-06T21:30:00Z,2024-12-16T13:30:00Z,,,https://erddap.emso.eu/erddap/tabledap/EMSO_OBSEA_NAXYS_SPL_30min.subset,https://erddap.emso.eu/erddap/tabledap/EMSO_OBSEA_NAXYS_SPL_30min,https://erddap.emso.eu/erddap/tabledap/EMSO_OBSEA_NAXYS_SPL_30min.graph,,,,,https://erddap.emso.eu/erddap/metadata/fgdc/xml/EMSO_OBSEA_NAXYS_SPL_30min_fgdc.xml,https://erddap.emso.eu/erddap/metadata/iso19115/xml/EMSO_OBSEA_NAXYS_SPL_30min_iso19115.xml,https://erddap.emso.eu/erddap/info/EMSO_OBSEA_NAXYS_SPL_30min/index,(local files),https://edmo.seadatanet.org/report/2150,https://erddap.emso.eu/erddap/rss/EMSO_OBSEA_NAXYS_SPL_30min.rss,https://erddap.emso.eu/erddap/subscriptions/add.html?datasetID=EMSO_OBSEA_NAXYS_SPL_30min&showErrors=false&email=,,,"Sound Pressure Level (ambient noise) from hydrophone data collected at OBSEA by a Naxys Ethernet 02345 Hydrophone and processed in real-time using the SWE Bridge software, 30min average. The SPL values are calculated with a time-window of 10 seconds."
EMSO_OBSEA_NAXYS_SPL_full,public,Polytechnic University of Catalonia,table,Point,EDDTableFromErddap,SPL data from a Naxys Hydrophone at OBSEA (full data),1.75257,1.75257,,41.18212,41.18212,,-20.0,-20.0,2020-04-06T21:53:24Z,2024-12-16T14:29:48Z,,,https://erddap.emso.eu/erddap/tabledap/EMSO_OBSEA_NAXYS_SPL_full.subset,https://erddap.emso.eu/erddap/tabledap/EMSO_OBSEA_NAXYS_SPL_full,https://erddap.emso.eu/erddap/tabledap/EMSO_OBSEA_NAXYS_SPL_full.graph,,,,,https://erddap.emso.eu/erddap/metadata/fgdc/xml/EMSO_OBSEA_NAXYS_SPL_full_fgdc.xml,https://erddap.emso.eu/erddap/metadata/iso19115/xml/EMSO_OBSEA_NAXYS_SPL_full_iso19115.xml,https://erddap.emso.eu/erddap/info/EMSO_OBSEA_NAXYS_SPL_full/index,(local files),https://edmo.seadatanet.org/report/2150,https://erddap.emso.eu/erddap/rss/EMSO_OBSEA_NAXYS_SPL_full.rss,https://erddap.emso.eu/erddap/subscriptions/add.html?datasetID=EMSO_OBSEA_NAXYS_SPL_full&showErrors=false&email=,,,"Sound Pressure Level (ambient noise) from hydrophone data collected at OBSEA by a Naxys Ethernet 02345 Hydrophone and processed in real-time using the SWE Bridge software, full data.  The SPL values are calculated with a time-window of 10 seconds."
NorEMSO_StationM,public,NORCE UiB-GFI,table,TimeSeries,EDDTableFromErddap,Station M hydrography and CO2 data,1.983,2.203,,65.803,66.015,,-500.0,-2000.0,2020-08-25T12:00:00Z,2022-08-02T04:04:48Z,,,https://erddap.emso.eu/erddap/tabledap/NorEMSO_StationM.subset,https://erddap.emso.eu/erddap/tabledap/NorEMSO_StationM,https://erddap.emso.eu/erddap/tabledap/NorEMSO_StationM.graph,,,,,https://erddap.emso.eu/erddap/metadata/fgdc/xml/NorEMSO_StationM_fgdc.xml,https://erddap.emso.eu/erddap/metadata/iso19115/xml/NorEMSO_StationM_iso19115.xml,https://erddap.emso.eu/erddap/info/NorEMSO_StationM/index,(local files),https://www.hi.no,https://erddap.emso.eu/erddap/rss/NorEMSO_StationM.rss,https://erddap.emso.eu/erddap/subscriptions/add.html?datasetID=NorEMSO_StationM&showErrors=false&email=,,,"This dataset contains data from a single array mooring covering the depths between 500 m and 2000 m (bottom) at Station M (OWSM) in the Norwegian Seas located at 66 N, 2 E. Measurements frequency is 1/1 hr for the hydrography (temperature, salinity, pressure) and 1/12 hr for the carbon measurements.At 800 m and 1200 m nominal depth, the pressure has been calculated based on distance between the SBE sensors. The CO2 sensor data (at 500 m nominal depth) are validated by comparing the values towards calculated pCO2 from discrete Dissolved Inorganic Carbon (DIC) and Total Alkalinity (TA) taken multiple times a year. Calibrated values are available. Data from 2020 onwards are part of the NorEMSO project. The NorEMSO data is part of EMSO-ERIC."
NorEMSO_Svinoy_South,public,IMR,table,TimeSeries,EDDTableFromErddap,Svin\u00f8y South hydrography and currents data,4.268,4.269,,62.815,62.816,,-293.0,-483.0,2020-05-19T19:55:12Z,2023-05-15T10:04:48Z,,,https://erddap.emso.eu/erddap/tabledap/NorEMSO_Svinoy_South.subset,https://erddap.emso.eu/erddap/tabledap/NorEMSO_Svinoy_South,https://erddap.emso.eu/erddap/tabledap/NorEMSO_Svinoy_South.graph,,,,,https://erddap.emso.eu/erddap/metadata/fgdc/xml/NorEMSO_Svinoy_South_fgdc.xml,https://erddap.emso.eu/erddap/metadata/iso19115/xml/NorEMSO_Svinoy_South_iso19115.xml,https://erddap.emso.eu/erddap/info/NorEMSO_Svinoy_South/index,(local files),https://www.hi.no,https://erddap.emso.eu/erddap/rss/NorEMSO_Svinoy_South.rss,https://erddap.emso.eu/erddap/subscriptions/add.html?datasetID=NorEMSO_Svinoy_South&showErrors=false&email=,,,"This dataset contains current and hydrography data from a single array mooring (Svin\u00f8y South) located in the Svin\u00f8y Section current meter mooring array at 62.81 N, 4.27 E. It's part of the long-term monitoring timeseries of the Norwegian Atlantic Slope Current and transport estimation that started in 1995. Data from 2020 onwards are part of the NorEMSO project."
OS_ESTOC-C_199402_D_CTD,public,Oceanic Platform of the Canary Islands- PLOCAN,grid,TimeSeries,EDDGridFromErddap,"UnderRevision, OS ESTOC-C 199402 D CTD (OceanSITES ESTOC in-situ data.)",,,,,,,-2500.0,-2500.0,1994-02-10T00:29:24Z,1994-12-15T23:59:59Z,1764.5472569898852,https://erddap.emso.eu/erddap/griddap/OS_ESTOC-C_199402_D_CTD,,,https://erddap.emso.eu/erddap/griddap/OS_ESTOC-C_199402_D_CTD.graph,,,,,,,https://erddap.emso.eu/erddap/info/OS_ESTOC-C_199402_D_CTD/index,http://data.plocan.eu/thredds/dodsC/estoc/ship-based/UnderRevision/OS_ESTOC-C_199402_D_CTD.nc,http://data.plocan.eu/thredds/PLOCAN-Observatory_Data-Policy_v2.pdf,https://erddap.emso.eu/erddap/rss/OS_ESTOC-C_199402_D_CTD.rss,https://erddap.emso.eu/erddap/subscriptions/add.html?datasetID=OS_ESTOC-C_199402_D_CTD&showErrors=false&email=,,,"OceanSITES ESTOC in-situ data. The European Station forTime-series in the Ocean, Canary Islands (ESTOC) is a sustained and multidisciplinary observatory located at the east central North Atlantic. The ESTOC goal is the creation of an Eulerian long time series on an inter- and multidisciplinary basis in order to monitor and help understand oceanic long-term variability in the North Atlantic subtropical gyre. ESTOC is providing hydrographic and biogeochemical time-series datasets from 1994. Activities include a ship-based observation program (observations of physical, chemical and biological parameters) and one moored structure with meteorological and oceanic surface observations, as well as in the water column."
OS_ESTOC-C_199501_D_CTD,public,Oceanic Platform of the Canary Islands- PLOCAN,grid,TimeSeries,EDDGridFromErddap,"UnderRevision, OS ESTOC-C 199501 D CTD (OceanSITES ESTOC in-situ data.)",,,,,,,-2500.0,-2500.0,1995-01-26T00:36:47Z,1995-11-25T23:59:59Z,2207.193276998075,https://erddap.emso.eu/erddap/griddap/OS_ESTOC-C_199501_D_CTD,,,https://erddap.emso.eu/erddap/griddap/OS_ESTOC-C_199501_D_CTD.graph,,,,,,,https://erddap.emso.eu/erddap/info/OS_ESTOC-C_199501_D_CTD/index,http://data.plocan.eu/thredds/dodsC/estoc/ship-based/UnderRevision/OS_ESTOC-C_199501_D_CTD.nc,http://data.plocan.eu/thredds/PLOCAN-Observatory_Data-Policy_v2.pdf,https://erddap.emso.eu/erddap/rss/OS_ESTOC-C_199501_D_CTD.rss,https://erddap.emso.eu/erddap/subscriptions/add.html?datasetID=OS_ESTOC-C_199501_D_CTD&showErrors=false&email=,,,"OceanSITES ESTOC in-situ data. The European Station forTime-series in the Ocean, Canary Islands (ESTOC) is a sustained and multidisciplinary observatory located at the east central North Atlantic. The ESTOC goal is the creation of an Eulerian long time series on an inter- and multidisciplinary basis in order to monitor and help understand oceanic long-term variability in the North Atlantic subtropical gyre. ESTOC is providing hydrographic and biogeochemical time-series datasets from 1994. Activities include a ship-based observation program (observations of physical, chemical and biological parameters) and one moored structure with meteorological and oceanic surface observations, as well as in the water column."
OS_ESTOC-C_199601_D_CTD,public,Oceanic Platform of the Canary Islands- PLOCAN,grid,TimeSeries,EDDGridFromErddap,"UnderRevision, OS ESTOC-C 199601 D CTD (OceanSITES ESTOC in-situ data.)",,,,,,,-2500.0,-2500.0,1996-01-25T00:33:04Z,1996-12-17T23:59:59Z,1984.53781497304,https://erddap.emso.eu/erddap/griddap/OS_ESTOC-C_199601_D_CTD,,,https://erddap.emso.eu/erddap/griddap/OS_ESTOC-C_199601_D_CTD.graph,,,,,,,https://erddap.emso.eu/erddap/info/OS_ESTOC-C_199601_D_CTD/index,http://data.plocan.eu/thredds/dodsC/estoc/ship-based/UnderRevision/OS_ESTOC-C_199601_D_CTD.nc,http://data.plocan.eu/thredds/PLOCAN-Observatory_Data-Policy_v2.pdf,https://erddap.emso.eu/erddap/rss/OS_ESTOC-C_199601_D_CTD.rss,https://erddap.emso.eu/erddap/subscriptions/add.html?datasetID=OS_ESTOC-C_199601_D_CTD&showErrors=false&email=,,,"OceanSITES ESTOC in-situ data. The European Station forTime-series in the Ocean, Canary Islands (ESTOC) is a sustained and multidisciplinary observatory located at the east central North Atlantic. The ESTOC goal is the creation of an Eulerian long time series on an inter- and multidisciplinary basis in order to monitor and help understand oceanic long-term variability in the North Atlantic subtropical gyre. ESTOC is providing hydrographic and biogeochemical time-series datasets from 1994. Activities include a ship-based observation program (observations of physical, chemical and biological parameters) and one moored structure with meteorological and oceanic surface observations, as well as in the water column."
OS_ESTOC-C_199701_D_CTD,public,Oceanic Platform of the Canary Islands- PLOCAN,grid,TimeSeries,EDDGridFromErddap,"UnderRevision, OS ESTOC-C 199701 D CTD (OceanSITES ESTOC in-situ data.)",,,,,,,-2500.0,-2500.0,1997-01-11T00:32:42Z,1997-12-03T00:00:00Z,1962.8153310335176,https://erddap.emso.eu/erddap/griddap/OS_ESTOC-C_199701_D_CTD,,,https://erddap.emso.eu/erddap/griddap/OS_ESTOC-C_199701_D_CTD.graph,,,,,,,https://erddap.emso.eu/erddap/info/OS_ESTOC-C_199701_D_CTD/index,http://data.plocan.eu/thredds/dodsC/estoc/ship-based/UnderRevision/OS_ESTOC-C_199701_D_CTD.nc,http://data.plocan.eu/thredds/PLOCAN-Observatory_Data-Policy_v2.pdf,https://erddap.emso.eu/erddap/rss/OS_ESTOC-C_199701_D_CTD.rss,https://erddap.emso.eu/erddap/subscriptions/add.html?datasetID=OS_ESTOC-C_199701_D_CTD&showErrors=false&email=,,,"OceanSITES ESTOC in-situ data. The European Station forTime-series in the Ocean, Canary Islands (ESTOC) is a sustained and multidisciplinary observatory located at the east central North Atlantic. The ESTOC goal is the creation of an Eulerian long time series on an inter- and multidisciplinary basis in order to monitor and help understand oceanic long-term variability in the North Atlantic subtropical gyre. ESTOC is providing hydrographic and biogeochemical time-series datasets from 1994. Activities include a ship-based observation program (observations of physical, chemical and biological parameters) and one moored structure with meteorological and oceanic surface observations, as well as in the water column."
OS_ESTOC-C_199801_D_CTD,public,Oceanic Platform of the Canary Islands- PLOCAN,grid,TimeSeries,EDDGridFromErddap,"UnderRevision, OS ESTOC-C 199801 D CTD (OceanSITES ESTOC in-situ data.)",,,,,,,-2500.0,-2500.0,1998-01-21T00:22:00Z,1998-12-16T00:00:00Z,1320.1560470019938,https://erddap.emso.eu/erddap/griddap/OS_ESTOC-C_199801_D_CTD,,,https://erddap.emso.eu/erddap/griddap/OS_ESTOC-C_199801_D_CTD.graph,,,,,,,https://erddap.emso.eu/erddap/info/OS_ESTOC-C_199801_D_CTD/index,http://data.plocan.eu/thredds/dodsC/estoc/ship-based/UnderRevision/OS_ESTOC-C_199801_D_CTD.nc,http://data.plocan.eu/thredds/PLOCAN-Observatory_Data-Policy_v2.pdf,https://erddap.emso.eu/erddap/rss/OS_ESTOC-C_199801_D_CTD.rss,https://erddap.emso.eu/erddap/subscriptions/add.html?datasetID=OS_ESTOC-C_199801_D_CTD&showErrors=false&email=,,,"OceanSITES ESTOC in-situ data. The European Station forTime-series in the Ocean, Canary Islands (ESTOC) is a sustained and multidisciplinary observatory located at the east central North Atlantic. The ESTOC goal is the creation of an Eulerian long time series on an inter- and multidisciplinary basis in order to monitor and help understand oceanic long-term variability in the North Atlantic subtropical gyre. ESTOC is providing hydrographic and biogeochemical time-series datasets from 1994. Activities include a ship-based observation program (observations of physical, chemical and biological parameters) and one moored structure with meteorological and oceanic surface observations, as well as in the water column."
OS_ESTOC-C_199901_D_CTD,public,Oceanic Platform of the Canary Islands- PLOCAN,grid,TimeSeries,EDDGridFromErddap,"UnderRevision, OS ESTOC-C 199901 D CTD (OceanSITES ESTOC in-situ data.)",,,,,,,-2500.0,-2500.0,1999-01-01T00:23:27Z,1999-12-01T23:59:59Z,1407.3029610035971,https://erddap.emso.eu/erddap/griddap/OS_ESTOC-C_199901_D_CTD,,,https://erddap.emso.eu/erddap/griddap/OS_ESTOC-C_199901_D_CTD.graph,,,,,,,https://erddap.emso.eu/erddap/info/OS_ESTOC-C_199901_D_CTD/index,http://data.plocan.eu/thredds/dodsC/estoc/ship-based/UnderRevision/OS_ESTOC-C_199901_D_CTD.nc,http://data.plocan.eu/thredds/PLOCAN-Observatory_Data-Policy_v2.pdf,https://erddap.emso.eu/erddap/rss/OS_ESTOC-C_199901_D_CTD.rss,https://erddap.emso.eu/erddap/subscriptions/add.html?datasetID=OS_ESTOC-C_199901_D_CTD&showErrors=false&email=,,,"OceanSITES ESTOC in-situ data. The European Station forTime-series in the Ocean, Canary Islands (ESTOC) is a sustained and multidisciplinary observatory located at the east central North Atlantic. The ESTOC goal is the creation of an Eulerian long time series on an inter- and multidisciplinary basis in order to monitor and help understand oceanic long-term variability in the North Atlantic subtropical gyre. ESTOC is providing hydrographic and biogeochemical time-series datasets from 1994. Activities include a ship-based observation program (observations of physical, chemical and biological parameters) and one moored structure with meteorological and oceanic surface observations, as well as in the water column."
OS_ESTOC-C_200001_D_CTD,public,Oceanic Platform of the Canary Islands- PLOCAN,grid,TimeSeries,EDDGridFromErddap,"UnderRevision, OS ESTOC-C 200001 D CTD (OceanSITES ESTOC in-situ data.)",,,,,,,-2500.0,-2500.0,2000-01-28T00:48:29Z,2000-12-02T23:59:59Z,2909.0909089724087,https://erddap.emso.eu/erddap/griddap/OS_ESTOC-C_200001_D_CTD,,,https://erddap.emso.eu/erddap/griddap/OS_ESTOC-C_200001_D_CTD.graph,,,,,,,https://erddap.emso.eu/erddap/info/OS_ESTOC-C_200001_D_CTD/index,http://data.plocan.eu/thredds/dodsC/estoc/ship-based/UnderRevision/OS_ESTOC-C_200001_D_CTD.nc,http://data.plocan.eu/thredds/PLOCAN-Observatory_Data-Policy_v2.pdf,https://erddap.emso.eu/erddap/rss/OS_ESTOC-C_200001_D_CTD.rss,https://erddap.emso.eu/erddap/subscriptions/add.html?datasetID=OS_ESTOC-C_200001_D_CTD&showErrors=false&email=,,,"OceanSITES ESTOC in-situ data. The European Station forTime-series in the Ocean, Canary Islands (ESTOC) is a sustained and multidisciplinary observatory located at the east central North Atlantic. The ESTOC goal is the creation of an Eulerian long time series on an inter- and multidisciplinary basis in order to monitor and help understand oceanic long-term variability in the North Atlantic subtropical gyre. ESTOC is providing hydrographic and biogeochemical time-series datasets from 1994. Activities include a ship-based observation program (observations of physical, chemical and biological parameters) and one moored structure with meteorological and oceanic surface observations, as well as in the water column."
OS_ESTOC-C_200101_D_CTD,public,Oceanic Platform of the Canary Islands- PLOCAN,grid,TimeSeries,EDDGridFromErddap,"UnderRevision, OS ESTOC-C 200101 D CTD (OceanSITES ESTOC in-situ data.)",,,,,,,-2500.0,-2500.0,2001-01-24T00:22:59Z,2001-10-09T00:00:00Z,1379.0645879477784,https://erddap.emso.eu/erddap/griddap/OS_ESTOC-C_200101_D_CTD,,,https://erddap.emso.eu/erddap/griddap/OS_ESTOC-C_200101_D_CTD.graph,,,,,,,https://erddap.emso.eu/erddap/info/OS_ESTOC-C_200101_D_CTD/index,http://data.plocan.eu/thredds/dodsC/estoc/ship-based/UnderRevision/OS_ESTOC-C_200101_D_CTD.nc,http://data.plocan.eu/thredds/PLOCAN-Observatory_Data-Policy_v2.pdf,https://erddap.emso.eu/erddap/rss/OS_ESTOC-C_200101_D_CTD.rss,https://erddap.emso.eu/erddap/subscriptions/add.html?datasetID=OS_ESTOC-C_200101_D_CTD&showErrors=false&email=,,,"OceanSITES ESTOC in-situ data. The European Station forTime-series in the Ocean, Canary Islands (ESTOC) is a sustained and multidisciplinary observatory located at the east central North Atlantic. The ESTOC goal is the creation of an Eulerian long time series on an inter- and multidisciplinary basis in order to monitor and help understand oceanic long-term variability in the North Atlantic subtropical gyre. ESTOC is providing hydrographic and biogeochemical time-series datasets from 1994. Activities include a ship-based observation program (observations of physical, chemical and biological parameters) and one moored structure with meteorological and oceanic surface observations, as well as in the water column."
OS_ESTOC-C_200202_D_CTD,public,Oceanic Platform of the Canary Islands- PLOCAN,grid,TimeSeries,EDDGridFromErddap,"UnderRevision, OS ESTOC-C 200202 D CTD (OceanSITES ESTOC in-situ data.)",,,,,,,-2500.0,-2500.0,2002-02-26T00:44:19Z,2002-11-23T00:00:00Z,2659.6739254275917,https://erddap.emso.eu/erddap/griddap/OS_ESTOC-C_200202_D_CTD,,,https://erddap.emso.eu/erddap/griddap/OS_ESTOC-C_200202_D_CTD.graph,,,,,,,https://erddap.emso.eu/erddap/info/OS_ESTOC-C_200202_D_CTD/index,http://data.plocan.eu/thredds/dodsC/estoc/ship-based/UnderRevision/OS_ESTOC-C_200202_D_CTD.nc,http://data.plocan.eu/thredds/PLOCAN-Observatory_Data-Policy_v2.pdf,https://erddap.emso.eu/erddap/rss/OS_ESTOC-C_200202_D_CTD.rss,https://erddap.emso.eu/erddap/subscriptions/add.html?datasetID=OS_ESTOC-C_200202_D_CTD&showErrors=false&email=,,,"OceanSITES ESTOC in-situ data. The European Station forTime-series in the Ocean, Canary Islands (ESTOC) is a sustained and multidisciplinary observatory located at the east central North Atlantic. The ESTOC goal is the creation of an Eulerian long time series on an inter- and multidisciplinary basis in order to monitor and help understand oceanic long-term variability in the North Atlantic subtropical gyre. ESTOC is providing hydrographic and biogeochemical time-series datasets from 1994. Activities include a ship-based observation program (observations of physical, chemical and biological parameters) and one moored structure with meteorological and oceanic surface observations, as well as in the water column."
OS_ESTOC-C_200301_D_CTD,public,Oceanic Platform of the Canary Islands- PLOCAN,grid,TimeSeries,EDDGridFromErddap,"UnderRevision, OS ESTOC-C 200301 D CTD (OceanSITES ESTOC in-situ data.)",,,,,,,-2500.0,-2500.0,2003-01-30T00:21:26Z,2003-11-03T00:00:00Z,1286.225613995488,https://erddap.emso.eu/erddap/griddap/OS_ESTOC-C_200301_D_CTD,,,https://erddap.emso.eu/erddap/griddap/OS_ESTOC-C_200301_D_CTD.graph,,,,,,,https://erddap.emso.eu/erddap/info/OS_ESTOC-C_200301_D_CTD/index,http://data.plocan.eu/thredds/dodsC/estoc/ship-based/UnderRevision/OS_ESTOC-C_200301_D_CTD.nc,http://data.plocan.eu/thredds/PLOCAN-Observatory_Data-Policy_v2.pdf,https://erddap.emso.eu/erddap/rss/OS_ESTOC-C_200301_D_CTD.rss,https://erddap.emso.eu/erddap/subscriptions/add.html?datasetID=OS_ESTOC-C_200301_D_CTD&showErrors=false&email=,,,"OceanSITES ESTOC in-situ data. The European Station forTime-series in the Ocean, Canary Islands (ESTOC) is a sustained and multidisciplinary observatory located at the east central North Atlantic. The ESTOC goal is the creation of an Eulerian long time series on an inter- and multidisciplinary basis in order to monitor and help understand oceanic long-term variability in the North Atlantic subtropical gyre. ESTOC is providing hydrographic and biogeochemical time-series datasets from 1994. Activities include a ship-based observation program (observations of physical, chemical and biological parameters) and one moored structure with meteorological and oceanic surface observations, as well as in the water column."
OS_ESTOC-C_200803_D_CTD,public,ICCM Instituto Canario de Ciencias Marinas,grid,TimeSeries,EDDGridFromErddap,"UnderRevision, OS ESTOC-C 200803 D CTD (OceanSITES ESTOC in-situ data.)",,,,,,,-2500.0,-2500.0,2008-03-03T20:40:31Z,2008-12-06T16:55:10Z,859.7406439725004,https://erddap.emso.eu/erddap/griddap/OS_ESTOC-C_200803_D_CTD,,,https://erddap.emso.eu/erddap/griddap/OS_ESTOC-C_200803_D_CTD.graph,,,,,,,https://erddap.emso.eu/erddap/info/OS_ESTOC-C_200803_D_CTD/index,http://data.plocan.eu/thredds/dodsC/estoc/ship-based/UnderRevision/OS_ESTOC-C_200803_D_CTD.nc,http://data.plocan.eu/thredds/PLOCAN-Observatory_Data-Policy_v2.pdf,https://erddap.emso.eu/erddap/rss/OS_ESTOC-C_200803_D_CTD.rss,https://erddap.emso.eu/erddap/subscriptions/add.html?datasetID=OS_ESTOC-C_200803_D_CTD&showErrors=false&email=,,,"OceanSITES ESTOC in-situ data. The European Station forTime-series in the Ocean, Canary Islands (ESTOC) is a sustained and multidisciplinary observatory located at the east central North Atlantic. The ESTOC goal is the creation of an Eulerian long time series on an inter- and multidisciplinary basis in order to monitor and help understand oceanic long-term variability in the North Atlantic subtropical gyre. ESTOC is providing hydrographic and biogeochemical time-series datasets from 1994. Activities include a ship-based observation program (observations of physical, chemical and biological parameters) and one moored structure with meteorological and oceanic surface observations, as well as in the water column."
OS_ESTOC-C_200803_D_CTD-CHL,public,Oceanic Platform of the Canary Islands- PLOCAN,grid,TimeSeries,EDDGridFromErddap,"UnderRevision, OS ESTOC-C 200803 D CTD-CHL (OceanSITES ESTOC in-situ data.)",,,,,,,-0.0,-0.0,2008-03-03T20:40:31Z,2008-12-06T16:55:10Z,859.7406439725004,https://erddap.emso.eu/erddap/griddap/OS_ESTOC-C_200803_D_CTD-CHL,,,https://erddap.emso.eu/erddap/griddap/OS_ESTOC-C_200803_D_CTD-CHL.graph,,,,,,,https://erddap.emso.eu/erddap/info/OS_ESTOC-C_200803_D_CTD-CHL/index,http://data.plocan.eu/thredds/dodsC/estoc/ship-based/UnderRevision/OS_ESTOC-C_200803_D_CTD-CHL.nc,http://data.plocan.eu/thredds/PLOCAN-Observatory_Data-Policy_v2.pdf,https://erddap.emso.eu/erddap/rss/OS_ESTOC-C_200803_D_CTD-CHL.rss,https://erddap.emso.eu/erddap/subscriptions/add.html?datasetID=OS_ESTOC-C_200803_D_CTD-CHL&showErrors=false&email=,,,"OceanSITES ESTOC in-situ data. The European Station forTime-series in the Ocean, Canary Islands (ESTOC) is a sustained and multidisciplinary observatory located at the east central North Atlantic. The ESTOC goal is the creation of an Eulerian long time series on an inter- and multidisciplinary basis in order to monitor and help understand oceanic long-term variability in the North Atlantic subtropical gyre. ESTOC is providing hydrographic and biogeochemical time-series datasets from 1994. Activities include a ship-based observation program (observations of physical, chemical and biological parameters) and one moored structure with meteorological and oceanic surface observations, as well as in the water column."
OS_ESTOC-C_200803_D_CTD-DO,public,Oceanic Platform of the Canary Islands- PLOCAN,grid,TimeSeries,EDDGridFromErddap,"UnderRevision, OS ESTOC-C 200803 D CTD-DO (OceanSITES ESTOC in-situ data.)",,,,,,,-0.0,-0.0,2008-03-03T20:40:31Z,2008-12-06T16:55:10Z,859.7406439725004,https://erddap.emso.eu/erddap/griddap/OS_ESTOC-C_200803_D_CTD-DO,,,https://erddap.emso.eu/erddap/griddap/OS_ESTOC-C_200803_D_CTD-DO.graph,,,,,,,https://erddap.emso.eu/erddap/info/OS_ESTOC-C_200803_D_CTD-DO/index,http://data.plocan.eu/thredds/dodsC/estoc/ship-based/UnderRevision/OS_ESTOC-C_200803_D_CTD-DO.nc,http://data.plocan.eu/thredds/PLOCAN-Observatory_Data-Policy_v2.pdf,https://erddap.emso.eu/erddap/rss/OS_ESTOC-C_200803_D_CTD-DO.rss,https://erddap.emso.eu/erddap/subscriptions/add.html?datasetID=OS_ESTOC-C_200803_D_CTD-DO&showErrors=false&email=,,,"OceanSITES ESTOC in-situ data. The European Station forTime-series in the Ocean, Canary Islands (ESTOC) is a sustained and multidisciplinary observatory located at the east central North Atlantic. The ESTOC goal is the creation of an Eulerian long time series on an inter- and multidisciplinary basis in order to monitor and help understand oceanic long-term variability in the North Atlantic subtropical gyre. ESTOC is providing hydrographic and biogeochemical time-series datasets from 1994. Activities include a ship-based observation program (observations of physical, chemical and biological parameters) and one moored structure with meteorological and oceanic surface observations, as well as in the water column."
OS_ESTOC-C_200901_D_CTD,public,Oceanic Platform of the Canary Islands- PLOCAN,grid,TimeSeries,EDDGridFromErddap,"UnderRevision, OS ESTOC-C 200901 D CTD (OceanSITES ESTOC in-situ data.)",,,,,,,-2500.0,-2500.0,2009-01-27T00:29:09Z,2009-11-11T09:30:00Z,1749.3260320157287,https://erddap.emso.eu/erddap/griddap/OS_ESTOC-C_200901_D_CTD,,,https://erddap.emso.eu/erddap/griddap/OS_ESTOC-C_200901_D_CTD.graph,,,,,,,https://erddap.emso.eu/erddap/info/OS_ESTOC-C_200901_D_CTD/index,http://data.plocan.eu/thredds/dodsC/estoc/ship-based/UnderRevision/OS_ESTOC-C_200901_D_CTD.nc,http://data.plocan.eu/thredds/PLOCAN-Observatory_Data-Policy_v2.pdf,https://erddap.emso.eu/erddap/rss/OS_ESTOC-C_200901_D_CTD.rss,https://erddap.emso.eu/erddap/subscriptions/add.html?datasetID=OS_ESTOC-C_200901_D_CTD&showErrors=false&email=,,,"OceanSITES ESTOC in-situ data. The European Station forTime-series in the Ocean, Canary Islands (ESTOC) is a sustained and multidisciplinary observatory located at the east central North Atlantic. The ESTOC goal is the creation of an Eulerian long time series on an inter- and multidisciplinary basis in order to monitor and help understand oceanic long-term variability in the North Atlantic subtropical gyre. ESTOC is providing hydrographic and biogeochemical time-series datasets from 1994. Activities include a ship-based observation program (observations of physical, chemical and biological parameters) and one moored structure with meteorological and oceanic surface observations, as well as in the water column."
OS_ESTOC-C_200901_D_CTD-CHL,public,Oceanic Platform of the Canary Islands- PLOCAN,grid,TimeSeries,EDDGridFromErddap,"UnderRevision, OS ESTOC-C 200901 D CTD-CHL (OceanSITES ESTOC in-situ data.)",,,,,,,-0.0,-0.0,2009-01-27T00:29:09Z,2009-11-11T09:30:00Z,1749.3260320157287,https://erddap.emso.eu/erddap/griddap/OS_ESTOC-C_200901_D_CTD-CHL,,,https://erddap.emso.eu/erddap/griddap/OS_ESTOC-C_200901_D_CTD-CHL.graph,,,,,,,https://erddap.emso.eu/erddap/info/OS_ESTOC-C_200901_D_CTD-CHL/index,http://data.plocan.eu/thredds/dodsC/estoc/ship-based/UnderRevision/OS_ESTOC-C_200901_D_CTD-CHL.nc,http://data.plocan.eu/thredds/PLOCAN-Observatory_Data-Policy_v2.pdf,https://erddap.emso.eu/erddap/rss/OS_ESTOC-C_200901_D_CTD-CHL.rss,https://erddap.emso.eu/erddap/subscriptions/add.html?datasetID=OS_ESTOC-C_200901_D_CTD-CHL&showErrors=false&email=,,,"OceanSITES ESTOC in-situ data. The European Station forTime-series in the Ocean, Canary Islands (ESTOC) is a sustained and multidisciplinary observatory located at the east central North Atlantic. The ESTOC goal is the creation of an Eulerian long time series on an inter- and multidisciplinary basis in order to monitor and help understand oceanic long-term variability in the North Atlantic subtropical gyre. ESTOC is providing hydrographic and biogeochemical time-series datasets from 1994. Activities include a ship-based observation program (observations of physical, chemical and biological parameters) and one moored structure with meteorological and oceanic surface observations, as well as in the water column."
OS_ESTOC-C_200901_D_CTD-DO,public,Oceanic Platform of the Canary Islands- PLOCAN,grid,TimeSeries,EDDGridFromErddap,"UnderRevision, OS ESTOC-C 200901 D CTD-DO (OceanSITES ESTOC in-situ data.)",,,,,,,-0.0,-0.0,2009-01-27T00:29:09Z,2009-11-11T09:30:00Z,1749.3260320157287,https://erddap.emso.eu/erddap/griddap/OS_ESTOC-C_200901_D_CTD-DO,,,https://erddap.emso.eu/erddap/griddap/OS_ESTOC-C_200901_D_CTD-DO.graph,,,,,,,https://erddap.emso.eu/erddap/info/OS_ESTOC-C_200901_D_CTD-DO/index,http://data.plocan.eu/thredds/dodsC/estoc/ship-based/UnderRevision/OS_ESTOC-C_200901_D_CTD-DO.nc,http://data.plocan.eu/thredds/PLOCAN-Observatory_Data-Policy_v2.pdf,https://erddap.emso.eu/erddap/rss/OS_ESTOC-C_200901_D_CTD-DO.rss,https://erddap.emso.eu/erddap/subscriptions/add.html?datasetID=OS_ESTOC-C_200901_D_CTD-DO&showErrors=false&email=,,,"OceanSITES ESTOC in-situ data. The European Station forTime-series in the Ocean, Canary Islands (ESTOC) is a sustained and multidisciplinary observatory located at the east central North Atlantic. The ESTOC goal is the creation of an Eulerian long time series on an inter- and multidisciplinary basis in order to monitor and help understand oceanic long-term variability in the North Atlantic subtropical gyre. ESTOC is providing hydrographic and biogeochemical time-series datasets from 1994. Activities include a ship-based observation program (observations of physical, chemical and biological parameters) and one moored structure with meteorological and oceanic surface observations, as well as in the water column."
OS_ESTOC-C_201001_D_CTD,public,Oceanic Platform of the Canary Islands- PLOCAN,grid,TimeSeries,EDDGridFromErddap,"UnderRevision, OS ESTOC-C 201001 D CTD (OceanSITES ESTOC in-situ data.)",,,,,,,-2500.0,-2500.0,2010-01-30T01:59:20Z,2010-10-27T15:15:06Z,1830.6638209726625,https://erddap.emso.eu/erddap/griddap/OS_ESTOC-C_201001_D_CTD,,,https://erddap.emso.eu/erddap/griddap/OS_ESTOC-C_201001_D_CTD.graph,,,,,,,https://erddap.emso.eu/erddap/info/OS_ESTOC-C_201001_D_CTD/index,http://data.plocan.eu/thredds/dodsC/estoc/ship-based/UnderRevision/OS_ESTOC-C_201001_D_CTD.nc,http://data.plocan.eu/thredds/PLOCAN-Observatory_Data-Policy_v2.pdf,https://erddap.emso.eu/erddap/rss/OS_ESTOC-C_201001_D_CTD.rss,https://erddap.emso.eu/erddap/subscriptions/add.html?datasetID=OS_ESTOC-C_201001_D_CTD&showErrors=false&email=,,,"OceanSITES ESTOC in-situ data. The European Station forTime-series in the Ocean, Canary Islands (ESTOC) is a sustained and multidisciplinary observatory located at the east central North Atlantic. The ESTOC goal is the creation of an Eulerian long time series on an inter- and multidisciplinary basis in order to monitor and help understand oceanic long-term variability in the North Atlantic subtropical gyre. ESTOC is providing hydrographic and biogeochemical time-series datasets from 1994. Activities include a ship-based observation program (observations of physical, chemical and biological parameters) and one moored structure with meteorological and oceanic surface observations, as well as in the water column."
OS_ESTOC-C_201001_D_CTD-CHL,public,Oceanic Platform of the Canary Islands- PLOCAN,grid,TimeSeries,EDDGridFromErddap,"UnderRevision, OS ESTOC-C 201001 D CTD-CHL (OceanSITES ESTOC in-situ data.)",,,,,,,-0.0,-0.0,2010-01-30T01:56:11Z,2010-10-27T15:15:07Z,1641.2227604437232,https://erddap.emso.eu/erddap/griddap/OS_ESTOC-C_201001_D_CTD-CHL,,,https://erddap.emso.eu/erddap/griddap/OS_ESTOC-C_201001_D_CTD-CHL.graph,,,,,,,https://erddap.emso.eu/erddap/info/OS_ESTOC-C_201001_D_CTD-CHL/index,http://data.plocan.eu/thredds/dodsC/estoc/ship-based/UnderRevision/OS_ESTOC-C_201001_D_CTD-CHL.nc,http://data.plocan.eu/thredds/PLOCAN-Observatory_Data-Policy_v2.pdf,https://erddap.emso.eu/erddap/rss/OS_ESTOC-C_201001_D_CTD-CHL.rss,https://erddap.emso.eu/erddap/subscriptions/add.html?datasetID=OS_ESTOC-C_201001_D_CTD-CHL&showErrors=false&email=,,,"OceanSITES ESTOC in-situ data. The European Station forTime-series in the Ocean, Canary Islands (ESTOC) is a sustained and multidisciplinary observatory located at the east central North Atlantic. The ESTOC goal is the creation of an Eulerian long time series on an inter- and multidisciplinary basis in order to monitor and help understand oceanic long-term variability in the North Atlantic subtropical gyre. ESTOC is providing hydrographic and biogeochemical time-series datasets from 1994. Activities include a ship-based observation program (observations of physical, chemical and biological parameters) and one moored structure with meteorological and oceanic surface observations, as well as in the water column."
OS_ESTOC-C_201001_D_CTD-DO,public,Oceanic Platform of the Canary Islands- PLOCAN,grid,TimeSeries,EDDGridFromErddap,"UnderRevision, OS ESTOC-C 201001 D CTD-DO (OceanSITES ESTOC in-situ data.)",,,,,,,-0.0,-0.0,2010-01-30T01:59:20Z,2010-10-27T15:15:06Z,1830.6638209726625,https://erddap.emso.eu/erddap/griddap/OS_ESTOC-C_201001_D_CTD-DO,,,https://erddap.emso.eu/erddap/griddap/OS_ESTOC-C_201001_D_CTD-DO.graph,,,,,,,https://erddap.emso.eu/erddap/info/OS_ESTOC-C_201001_D_CTD-DO/index,http://data.plocan.eu/thredds/dodsC/estoc/ship-based/UnderRevision/OS_ESTOC-C_201001_D_CTD-DO.nc,http://data.plocan.eu/thredds/PLOCAN-Observatory_Data-Policy_v2.pdf,https://erddap.emso.eu/erddap/rss/OS_ESTOC-C_201001_D_CTD-DO.rss,https://erddap.emso.eu/erddap/subscriptions/add.html?datasetID=OS_ESTOC-C_201001_D_CTD-DO&showErrors=false&email=,,,"OceanSITES ESTOC in-situ data. The European Station forTime-series in the Ocean, Canary Islands (ESTOC) is a sustained and multidisciplinary observatory located at the east central North Atlantic. The ESTOC goal is the creation of an Eulerian long time series on an inter- and multidisciplinary basis in order to monitor and help understand oceanic long-term variability in the North Atlantic subtropical gyre. ESTOC is providing hydrographic and biogeochemical time-series datasets from 1994. Activities include a ship-based observation program (observations of physical, chemical and biological parameters) and one moored structure with meteorological and oceanic surface observations, as well as in the water column."
CAC_WW_d01_20220414_to_20220426_v002,public,"Algarve Centre of Marine Sciences (CCMAR), Portuguese Institute for Sea and Atmosphere(IPMA)",table,Point,EDDTableFromErddap,"Vertical Wave Profiler Data 0-10m April 2022 at Cacela Velha Artificial Reef, PT",-7.49621,-7.49621,,37.10718,37.10718,,-0.2609669,-9.6594888,2022-04-14T18:00:05Z,2022-04-26T11:58:57Z,,,https://erddap.emso.eu/erddap/tabledap/CAC_WW_d01_20220414_to_20220426_v002.subset,https://erddap.emso.eu/erddap/tabledap/CAC_WW_d01_20220414_to_20220426_v002,https://erddap.emso.eu/erddap/tabledap/CAC_WW_d01_20220414_to_20220426_v002.graph,,,,,https://erddap.emso.eu/erddap/metadata/fgdc/xml/CAC_WW_d01_20220414_to_20220426_v002_fgdc.xml,https://erddap.emso.eu/erddap/metadata/iso19115/xml/CAC_WW_d01_20220414_to_20220426_v002_iso19115.xml,https://erddap.emso.eu/erddap/info/CAC_WW_d01_20220414_to_20220426_v002/index,(local files),https://www.ccmar.ualg.pt/,https://erddap.emso.eu/erddap/rss/CAC_WW_d01_20220414_to_20220426_v002.rss,https://erddap.emso.eu/erddap/subscriptions/add.html?datasetID=CAC_WW_d01_20220414_to_20220426_v002&showErrors=false&email=,,,"Wirewalker profiler 0-10m (Conductivity, Temperature, Depth (CTD), Tu, Chl-a, O2) - Cacela artificial reef. The dataset contains water column parameters acquired through a 6 channel RBRconcerto CTD, equipped with two Turner Designs Cyclops 7F sensors (Chl-a and Turbidty) and one RBRcoda3 T.ODO (optical dissolved oxygen).\nSensors are installed in a wave powered vertical profiler (Wirewalker) travelling from about 1 m bellow surface to maximum 10 m depth at an variable speed. Upward cast (free floating) is fairily constant at ~0.4 m/s.\nSampling rate is 2 Hz ascending, and 5 s descendending. Complete profiles are expected to be 40 s to 180 s (depending on wave conditions).\nThe Wirewalker was deployed moored on the Cacela artificial reef, ~7 nautical miles SW of Vila Real de Santo Ant\u00c3\u00b3nio, Portugal.\nMeasured channels: Conductivity, Temperature, Pressure, Chlorophyll a, Temperature, Dissolved O2 concentration, Turbidity.\nDerived channels: Sea pressure, Depth, Salinity, Speed of sound, Specific conductivity, Dissolved O2 saturation, Density anomaly"
IBMA-CSV_WW_D02_20220531_to_20221006_v002,public,"Algarve Centre of Marine Sciences (CCMAR), Portuguese Institute for Sea and Atmosphere(IPMA)",table,Point,EDDTableFromErddap,"Vertical Wave Profiler Data 0-150m Jun-Oct 2022 in front of Cape St. Vincent, Sagres, PT",-8.92342,-8.92342,,36.84701,36.84701,,-0.6606162,-150.4922453,2022-05-31T18:00:05Z,2022-10-04T12:48:34Z,,,https://erddap.emso.eu/erddap/tabledap/IBMA-CSV_WW_D02_20220531_to_20221006_v002.subset,https://erddap.emso.eu/erddap/tabledap/IBMA-CSV_WW_D02_20220531_to_20221006_v002,https://erddap.emso.eu/erddap/tabledap/IBMA-CSV_WW_D02_20220531_to_20221006_v002.graph,,,,,https://erddap.emso.eu/erddap/metadata/fgdc/xml/IBMA-CSV_WW_D02_20220531_to_20221006_v002_fgdc.xml,https://erddap.emso.eu/erddap/metadata/iso19115/xml/IBMA-CSV_WW_D02_20220531_to_20221006_v002_iso19115.xml,https://erddap.emso.eu/erddap/info/IBMA-CSV_WW_D02_20220531_to_20221006_v002/index,(local files),https://www.ccmar.ualg.pt/,https://erddap.emso.eu/erddap/rss/IBMA-CSV_WW_D02_20220531_to_20221006_v002.rss,https://erddap.emso.eu/erddap/subscriptions/add.html?datasetID=IBMA-CSV_WW_D02_20220531_to_20221006_v002&showErrors=false&email=,,,"The dataset contains water column parameters acquired through a 6 channel RBRconcerto Conductivity, Temperature, Depth (CTD), equipped with two Turner Designs Cyclops 7F sensors (Chl-a and Turbidty) and one RBRcoda3 T.ODO (optical dissolved oxygen).\nThe sensors are installed in a wave powered vertical profiler (Wirewalker) travelling from about 1 m below surface to 150 m depth at an variable speed: upward cast (free floating) ~0.5 m/s; downward cast (wave motion) ~0.4 m/s (depending on wave conditions).\nSampling rate is 2 Hz ascending, and 10 Hz descending. Four complete profiles are expected to be performed every hour.\nMeasured channels: Conductivity, Temperature, Pressure, Chlorophyll a, Temperature, Dissolved O2 concentration, Turbidity.\nDerived channels: Sea pressure, Depth, Salinity, Speed of sound, Specific conductivity, Dissolved O2 saturation, Density anomaly"
W1M3A_deploy01,public,Consiglio Nazionale delle Ricerche,table,TimeSeries,EDDTableFromErddap,W1M3A data (201401-201506),9.1024333,9.1339,,43.8242,43.8419,,-0.0,-36.0,2014-01-01T00:00:00Z,2015-06-28T18:00:00Z,,,https://erddap.emso.eu/erddap/tabledap/W1M3A_deploy01.subset,https://erddap.emso.eu/erddap/tabledap/W1M3A_deploy01,https://erddap.emso.eu/erddap/tabledap/W1M3A_deploy01.graph,,,,,https://erddap.emso.eu/erddap/metadata/fgdc/xml/W1M3A_deploy01_fgdc.xml,https://erddap.emso.eu/erddap/metadata/iso19115/xml/W1M3A_deploy01_iso19115.xml,https://erddap.emso.eu/erddap/info/W1M3A_deploy01/index,(local files),http://www.w1m3a.cnr.it,https://erddap.emso.eu/erddap/rss/W1M3A_deploy01.rss,https://erddap.emso.eu/erddap/subscriptions/add.html?datasetID=W1M3A_deploy01&showErrors=false&email=,,,Data from W1M3A observatory (012014-062015)
W1M3A_deploy02,public,Consiglio Nazionale delle Ricerche,table,TimeSeries,EDDTableFromErddap,W1M3A data (201506-201606),9.10525,9.1195833,,43.826401,43.834516,,-0.0,-36.0,2015-06-29T00:00:00Z,2016-06-06T18:00:00Z,,,https://erddap.emso.eu/erddap/tabledap/W1M3A_deploy02.subset,https://erddap.emso.eu/erddap/tabledap/W1M3A_deploy02,https://erddap.emso.eu/erddap/tabledap/W1M3A_deploy02.graph,,,,,https://erddap.emso.eu/erddap/metadata/fgdc/xml/W1M3A_deploy02_fgdc.xml,https://erddap.emso.eu/erddap/metadata/iso19115/xml/W1M3A_deploy02_iso19115.xml,https://erddap.emso.eu/erddap/info/W1M3A_deploy02/index,(local files),http://www.w1m3a.cnr.it,https://erddap.emso.eu/erddap/rss/W1M3A_deploy02.rss,https://erddap.emso.eu/erddap/subscriptions/add.html?datasetID=W1M3A_deploy02&showErrors=false&email=,,,Data from W1M3A observatory (062015-062016)
W1M3A_deploy03,public,Consiglio Nazionale delle Ricerche,table,TimeSeries,EDDTableFromErddap,W1M3A data (201607-201705),9.1117001,9.118163,,43.826401,43.834516,,-0.0,-36.0,2016-07-11T00:00:00Z,2017-05-23T18:00:00Z,,,https://erddap.emso.eu/erddap/tabledap/W1M3A_deploy03.subset,https://erddap.emso.eu/erddap/tabledap/W1M3A_deploy03,https://erddap.emso.eu/erddap/tabledap/W1M3A_deploy03.graph,,,,,https://erddap.emso.eu/erddap/metadata/fgdc/xml/W1M3A_deploy03_fgdc.xml,https://erddap.emso.eu/erddap/metadata/iso19115/xml/W1M3A_deploy03_iso19115.xml,https://erddap.emso.eu/erddap/info/W1M3A_deploy03/index,(local files),http://www.w1m3a.cnr.it,https://erddap.emso.eu/erddap/rss/W1M3A_deploy03.rss,https://erddap.emso.eu/erddap/subscriptions/add.html?datasetID=W1M3A_deploy03&showErrors=false&email=,,,Data from W1M3A observatory (072016-052017)
W1M3A_deploy04,public,Consiglio Nazionale delle Ricerche,table,TimeSeries,EDDTableFromErddap,W1M3A data (201705-201806),9.1117001,9.118163,,43.826401,43.834516,,-0.0,-36.0,2017-05-24T00:00:00Z,2018-06-14T18:00:00Z,,,https://erddap.emso.eu/erddap/tabledap/W1M3A_deploy04.subset,https://erddap.emso.eu/erddap/tabledap/W1M3A_deploy04,https://erddap.emso.eu/erddap/tabledap/W1M3A_deploy04.graph,,,,,https://erddap.emso.eu/erddap/metadata/fgdc/xml/W1M3A_deploy04_fgdc.xml,https://erddap.emso.eu/erddap/metadata/iso19115/xml/W1M3A_deploy04_iso19115.xml,https://erddap.emso.eu/erddap/info/W1M3A_deploy04/index,(local files),http://www.w1m3a.cnr.it,https://erddap.emso.eu/erddap/rss/W1M3A_deploy04.rss,https://erddap.emso.eu/erddap/subscriptions/add.html?datasetID=W1M3A_deploy04&showErrors=false&email=,,,Data from W1M3A observatory (052017-062018)
W1M3A_deploy05,public,Consiglio Nazionale delle Ricerche,table,TimeSeries,EDDTableFromErddap,W1M3A data (202010-202107),9.1117001,9.118163,,43.826401,43.834516,,-0.0,-36.0,2020-10-01T00:00:00Z,2021-07-19T18:00:00Z,,,https://erddap.emso.eu/erddap/tabledap/W1M3A_deploy05.subset,https://erddap.emso.eu/erddap/tabledap/W1M3A_deploy05,https://erddap.emso.eu/erddap/tabledap/W1M3A_deploy05.graph,,,,,https://erddap.emso.eu/erddap/metadata/fgdc/xml/W1M3A_deploy05_fgdc.xml,https://erddap.emso.eu/erddap/metadata/iso19115/xml/W1M3A_deploy05_iso19115.xml,https://erddap.emso.eu/erddap/info/W1M3A_deploy05/index,(local files),http://www.w1m3a.cnr.it,https://erddap.emso.eu/erddap/rss/W1M3A_deploy05.rss,https://erddap.emso.eu/erddap/subscriptions/add.html?datasetID=W1M3A_deploy05&showErrors=false&email=,,,Data from W1M3A observatory (102020-072021)
W1M3A_deploy06,public,Consiglio Nazionale delle Ricerche,table,TimeSeries,EDDTableFromErddap,W1M3A data (202107-202204),9.1117001,9.118163,,43.826401,43.834516,,-0.0,-36.0,2021-07-21T00:00:00Z,2022-04-30T18:00:00Z,,,https://erddap.emso.eu/erddap/tabledap/W1M3A_deploy06.subset,https://erddap.emso.eu/erddap/tabledap/W1M3A_deploy06,https://erddap.emso.eu/erddap/tabledap/W1M3A_deploy06.graph,,,,,https://erddap.emso.eu/erddap/metadata/fgdc/xml/W1M3A_deploy06_fgdc.xml,https://erddap.emso.eu/erddap/metadata/iso19115/xml/W1M3A_deploy06_iso19115.xml,https://erddap.emso.eu/erddap/info/W1M3A_deploy06/index,(local files),http://www.w1m3a.cnr.it,https://erddap.emso.eu/erddap/rss/W1M3A_deploy06.rss,https://erddap.emso.eu/erddap/subscriptions/add.html?datasetID=W1M3A_deploy06&showErrors=false&email=,,,Data from W1M3A observatory (072021-042022)
W1M3A_deploy07,public,Consiglio Nazionale delle Ricerche,table,TimeSeries,EDDTableFromErddap,W1M3A data (202310-202405),9.10657,9.135168333,,43.82285,43.843433333,,-0.0,-36.0,2023-10-09T00:00:00Z,2024-05-29T18:00:00Z,,,https://erddap.emso.eu/erddap/tabledap/W1M3A_deploy07.subset,https://erddap.emso.eu/erddap/tabledap/W1M3A_deploy07,https://erddap.emso.eu/erddap/tabledap/W1M3A_deploy07.graph,,,,,https://erddap.emso.eu/erddap/metadata/fgdc/xml/W1M3A_deploy07_fgdc.xml,https://erddap.emso.eu/erddap/metadata/iso19115/xml/W1M3A_deploy07_iso19115.xml,https://erddap.emso.eu/erddap/info/W1M3A_deploy07/index,(local files),http://www.w1m3a.cnr.it,https://erddap.emso.eu/erddap/rss/W1M3A_deploy07.rss,https://erddap.emso.eu/erddap/subscriptions/add.html?datasetID=W1M3A_deploy07&showErrors=false&email=,,,Data from W1M3A observatory (102023-052024)
W1M3A_deploy08,public,Consiglio Nazionale delle Ricerche,table,TimeSeries,EDDTableFromErddap,W1M3A data (202407-...),4.016666667,115.35,,4.733333333,44.080961667,,-0.0,-36.0,2024-07-29T00:00:00Z,2025-08-05T18:00:00Z,,,https://erddap.emso.eu/erddap/tabledap/W1M3A_deploy08.subset,https://erddap.emso.eu/erddap/tabledap/W1M3A_deploy08,https://erddap.emso.eu/erddap/tabledap/W1M3A_deploy08.graph,,,,,https://erddap.emso.eu/erddap/metadata/fgdc/xml/W1M3A_deploy08_fgdc.xml,https://erddap.emso.eu/erddap/metadata/iso19115/xml/W1M3A_deploy08_iso19115.xml,https://erddap.emso.eu/erddap/info/W1M3A_deploy08/index,(local files),http://www.w1m3a.cnr.it,https://erddap.emso.eu/erddap/rss/W1M3A_deploy08.rss,https://erddap.emso.eu/erddap/subscriptions/add.html?datasetID=W1M3A_deploy08&showErrors=false&email=,,,Data from W1M3A observatory (072024-...)
EMSO_OBSEA_AWAC_waves_full,public,Polytechnic University of Catalonia,table,Point,EDDTableFromErddap,Wave data from an AWAC-AST 1 MHz ADCP at OBSEA,1.75257,1.75257,,41.18212,41.18212,,-20.0,-20.0,2018-04-05T10:14:01Z,2024-10-08T19:47:05Z,,,https://erddap.emso.eu/erddap/tabledap/EMSO_OBSEA_AWAC_waves_full.subset,https://erddap.emso.eu/erddap/tabledap/EMSO_OBSEA_AWAC_waves_full,https://erddap.emso.eu/erddap/tabledap/EMSO_OBSEA_AWAC_waves_full.graph,,,,,https://erddap.emso.eu/erddap/metadata/fgdc/xml/EMSO_OBSEA_AWAC_waves_full_fgdc.xml,https://erddap.emso.eu/erddap/metadata/iso19115/xml/EMSO_OBSEA_AWAC_waves_full_iso19115.xml,https://erddap.emso.eu/erddap/info/EMSO_OBSEA_AWAC_waves_full/index,(local files),https://edmo.seadatanet.org/report/2150,https://erddap.emso.eu/erddap/rss/EMSO_OBSEA_AWAC_waves_full.rss,https://erddap.emso.eu/erddap/subscriptions/add.html?datasetID=EMSO_OBSEA_AWAC_waves_full&showErrors=false&email=,,,Wave data collected and processed by an AWAC-SN5931-AST 1 MHz at OBSEA
